ID_Transaccion,Categoria_Producto,Precio_Unitario,Cantidad,Descuento_Aplicado,Tiempo_En_Web_Minutos,Distancia_Envio_Km,Costo_Envio,Total_Compra
1,Postres Individuales,8087.0,7,0.05,24.0,2.4,6600.0,62129.0
2,Bebidas,75310.0,10,0.05,24.4,3.8,8700.0,722663.0
3,Panaderia Artesanal,30195.0,13,0.1,34.3,4.9,10350.0,360504.0
4,Bebidas,15318.0,7,0.0,25.0,1.6,5400.0,112012.0
5,Bebidas,42477.0,4,0.1,28.2,13.3,22950.0,177567.0
6,Galletas y Brownies,52864.0,12,0.1,24.5,2.3,6450.0,578421.0
7,Panaderia Artesanal,7478.0,1,0.1,44.6,10.6,18900.0,25064.0
8,Panaderia Artesanal,26992.0,1,0.05,35.9,7.8,14700.0,43220.0
9,Panaderia Artesanal,7624.0,4,0.0,34.4,12.6,21900.0,53561.0
10,Bebidas,38627.0,4,0.0,28.8,11.2,19800.0,173405.0
11,Postres Individuales,76608.0,6,0.1,24.5,11.5,20250.0,435681.0
12,Panaderia Artesanal,83612.0,7,0.0,16.5,6.6,12900.0,595811.0
13,Bebidas,55964.0,9,0.0,35.6,12.6,21900.0,526072.0
14,Galletas y Brownies,17931.0,9,0.05,9.7,1.9,5850.0,158365.0
15,Postres Individuales,77468.0,10,0.1,3.1,6.9,13350.0,710460.0
16,Galletas y Brownies,46300.0,12,0.0,31.9,14.9,25350.0,581858.0
17,Postres Individuales,17300.0,12,0.2,7.8,14.2,24300.0,191768.0
18,Bebidas,78738.0,5,0.0,40.8,1.7,5550.0,399408.0
19,Tortas Personalizadas,65598.0,10,0.05,35.0,8.8,16200.0,639050.0
20,Postres Individuales,63536.0,11,0.05,27.7,5.1,10650.0,672022.0
21,Galletas y Brownies,61734.0,3,0.0,15.2,11.1,19650.0,202511.0
22,Bebidas,21027.0,3,0.15,29.3,11.2,19800.0,69558.0
23,Postres Individuales,21881.0,6,0.0,22.2,0.5,3750.0,135285.0
24,Tortas Personalizadas,60063.0,1,0.0,14.2,12.8,22200.0,83648.0
25,Tortas Personalizadas,22578.0,7,0.1,42.6,3.7,8550.0,147212.0
26,Panaderia Artesanal,40094.0,3,0.05,8.5,14.5,24750.0,140597.0
27,Panaderia Artesanal,67560.0,5,0.2,34.3,13.6,23400.0,295725.0
28,Galletas y Brownies,67716.0,7,0.0,36.3,3.3,7950.0,482235.0
29,Postres Individuales,41261.0,7,0.0,42.9,9.7,17550.0,308688.0
30,Postres Individuales,68375.0,9,0.0,25.4,4.8,10200.0,625510.0
31,Panaderia Artesanal,72090.0,1,0.1,24.8,2.0,6000.0,68996.0
32,Postres Individuales,57382.0,3,0.05,41.5,13.2,22800.0,185843.0
33,Postres Individuales,23274.0,9,0.2,36.3,3.1,7650.0,177630.0
34,Tortas Personalizadas,26921.0,8,0.1,34.7,6.6,12900.0,205811.0
35,Panaderia Artesanal,30187.0,2,0.15,35.8,13.9,23850.0,75797.0
36,Bebidas,14344.0,8,0.2,23.0,1.6,5400.0,98017.0
37,Panaderia Artesanal,26853.0,8,0.0,3.3,8.5,15750.0,232337.0
38,Bebidas,21762.0,2,0.0,10.1,8.8,16200.0,56927.0
39,Tortas Personalizadas,41426.0,8,0.0,29.5,11.6,20400.0,353886.0
40,Galletas y Brownies,77675.0,3,0.0,18.7,12.5,21750.0,253357.0
41,Postres Individuales,13358.0,7,0.05,27.9,6.7,13050.0,104154.0
42,Tortas Personalizadas,62621.0,13,0.0,25.5,11.3,19950.0,833477.0
43,Postres Individuales,59983.0,9,0.0,20.6,13.7,23550.0,562858.0
44,Galletas y Brownies,12660.0,4,0.0,11.7,13.4,23100.0,74896.0
45,Galletas y Brownies,78806.0,11,0.0,32.8,7.8,14700.0,883522.0
46,Tortas Personalizadas,50478.0,6,0.0,41.0,9.3,16950.0,319110.0
47,Galletas y Brownies,34098.0,9,0.0,35.0,10.3,18450.0,324909.0
48,Bebidas,65523.0,11,0.0,6.7,12.4,21600.0,741441.0
49,Galletas y Brownies,25589.0,11,0.0,24.9,7.9,14850.0,295466.0
50,Postres Individuales,60481.0,5,0.1,37.8,2.1,6150.0,279059.0
51,Postres Individuales,8177.0,12,0.0,27.2,6.1,12150.0,110138.0
52,Postres Individuales,72153.0,1,0.15,20.6,10.9,19350.0,82567.0
53,Postres Individuales,40854.0,3,0.05,13.9,9.5,17250.0,132644.0
54,Bebidas,55935.0,11,0.0,15.9,11.4,20100.0,636515.0
55,Panaderia Artesanal,22699.0,9,0.05,12.0,7.7,14550.0,209694.0
56,Tortas Personalizadas,59166.0,3,0.0,10.0,3.0,7500.0,184576.0
57,Postres Individuales,66779.0,11,0.0,27.1,2.2,6300.0,740487.0
58,Galletas y Brownies,42857.0,11,0.1,23.7,7.5,14250.0,439265.0
59,Postres Individuales,54418.0,10,0.15,33.5,3.5,8250.0,469765.0
60,Galletas y Brownies,41506.0,2,0.2,14.9,14.7,25050.0,90914.0
61,Galletas y Brownies,76527.0,4,0.05,21.5,3.4,8100.0,296945.0
62,Postres Individuales,44830.0,5,0.0,31.1,8.7,16050.0,238836.0
63,Bebidas,72345.0,7,0.0,43.4,0.5,3750.0,508613.0
64,Galletas y Brownies,69108.0,7,0.05,16.7,4.2,9300.0,467462.0
65,Galletas y Brownies,37840.0,9,0.1,14.5,4.3,9450.0,313319.0
66,Postres Individuales,23407.0,13,0.0,21.0,11.2,19800.0,321614.0
67,Galletas y Brownies,37487.0,8,0.15,33.0,7.7,14550.0,270765.0
68,Galletas y Brownies,71097.0,13,0.0,43.3,0.7,4050.0,928099.0
69,Postres Individuales,23211.0,2,0.05,24.8,6.0,12000.0,57970.0
70,Postres Individuales,46955.0,12,0.2,36.8,9.8,17700.0,470038.0
71,Tortas Personalizadas,69488.0,8,0.15,21.7,9.7,17550.0,489374.0
72,Bebidas,33278.0,8,0.05,3.2,1.3,4950.0,256473.0
73,Bebidas,56377.0,5,0.0,40.4,14.0,24000.0,306113.0
74,Galletas y Brownies,24651.0,13,0.0,14.1,4.1,9150.0,328947.0
75,Bebidas,13742.0,3,0.0,7.5,13.4,23100.0,65281.0
76,Galletas y Brownies,68551.0,9,0.1,44.8,3.6,8400.0,560680.0
77,Tortas Personalizadas,12917.0,12,0.05,16.6,8.7,16050.0,163809.0
78,Postres Individuales,26711.0,7,0.05,7.4,6.4,12600.0,192613.0
79,Postres Individuales,73409.0,1,0.0,15.1,8.9,16350.0,89163.0
80,Postres Individuales,32718.0,8,0.0,23.9,7.7,14550.0,277214.0
81,Bebidas,82844.0,10,0.05,5.3,0.5,3750.0,788927.0
82,Tortas Personalizadas,83379.0,13,0.15,16.8,5.6,11400.0,931837.0
83,Bebidas,26462.0,5,0.0,30.6,0.7,4050.0,135043.0
84,Bebidas,8278.0,6,0.1,41.3,10.4,18600.0,65600.0
85,Tortas Personalizadas,61405.0,9,0.0,18.8,12.9,22350.0,577938.0
86,Tortas Personalizadas,41079.0,10,0.1,26.1,6.1,12150.0,381124.0
87,Tortas Personalizadas,13060.0,14,0.15,29.2,8.1,15150.0,172516.0
88,Tortas Personalizadas,61602.0,8,0.0,4.6,1.5,5250.0,498942.0
89,Postres Individuales,7494.0,14,0.0,16.4,6.1,12150.0,116490.0
90,Panaderia Artesanal,74616.0,11,0.0,31.3,2.5,6750.0,829912.0
91,Panaderia Artesanal,16092.0,14,0.0,33.5,1.4,5100.0,229518.0
92,Tortas Personalizadas,15185.0,14,0.1,17.0,3.0,7500.0,197863.0
93,Panaderia Artesanal,19054.0,3,0.0,1.8,13.1,22650.0,78275.0
94,Panaderia Artesanal,81821.0,13,0.0,1.8,14.7,25050.0,1090054.0
95,Tortas Personalizadas,60454.0,5,0.05,24.9,13.2,22800.0,308529.0
96,Panaderia Artesanal,69110.0,4,0.05,25.5,14.6,24900.0,287301.0
97,Bebidas,36811.0,14,0.0,25.7,11.1,19650.0,534484.0
98,Galletas y Brownies,31905.0,1,0.05,32.9,2.8,7200.0,36724.0
99,Galletas y Brownies,23759.0,5,0.1,41.6,8.7,16050.0,122625.0
100,Tortas Personalizadas,43452.0,10,0.0,44.6,11.1,19650.0,453542.0
101,Postres Individuales,49146.0,7,0.05,32.0,7.9,14850.0,344049.0
102,Tortas Personalizadas,55542.0,1,0.1,23.9,8.5,15750.0,66400.0
103,Postres Individuales,25569.0,4,0.0,7.6,9.0,16500.0,118910.0
104,Galletas y Brownies,80892.0,6,0.1,18.2,7.3,13950.0,450145.0
105,Tortas Personalizadas,18581.0,11,0.1,26.4,4.7,10050.0,192120.0
106,Bebidas,82252.0,12,0.1,45.0,9.7,17550.0,904930.0
107,Panaderia Artesanal,6188.0,9,0.05,7.0,1.3,4950.0,57823.0
108,Postres Individuales,43490.0,11,0.1,36.0,3.0,7500.0,437958.0
109,Panaderia Artesanal,31669.0,8,0.1,45.0,13.9,23850.0,252094.0
110,Panaderia Artesanal,40930.0,2,0.1,36.5,7.6,14400.0,90268.0
111,Tortas Personalizadas,50653.0,11,0.0,34.9,12.4,21600.0,578110.0
112,Panaderia Artesanal,39847.0,3,0.0,12.8,11.0,19500.0,141156.0
113,Bebidas,38188.0,10,0.0,1.6,5.2,10800.0,392375.0
114,Panaderia Artesanal,63618.0,13,0.0,11.3,12.2,21300.0,848633.0
115,Tortas Personalizadas,59870.0,5,0.0,35.9,1.8,5700.0,304901.0
116,Bebidas,71662.0,11,0.0,6.2,13.2,22800.0,813074.0
117,Galletas y Brownies,24997.0,7,0.2,14.4,10.4,18600.0,157323.0
118,Panaderia Artesanal,53762.0,3,0.2,26.0,13.9,23850.0,154073.0
119,Tortas Personalizadas,51816.0,12,0.1,26.7,13.5,23250.0,585478.0
120,Galletas y Brownies,34579.0,7,0.2,25.1,6.0,12000.0,205487.0
121,Galletas y Brownies,43885.0,5,0.2,44.2,12.9,22350.0,193548.0
122,Postres Individuales,30103.0,10,0.15,2.0,8.7,16050.0,270242.0
123,Bebidas,16348.0,6,0.0,22.7,2.8,7200.0,104641.0
124,Panaderia Artesanal,22104.0,6,0.0,23.4,12.5,21750.0,154969.0
125,Tortas Personalizadas,13441.0,11,0.05,14.3,13.7,23550.0,165983.0
126,Postres Individuales,59646.0,11,0.0,24.3,1.7,5550.0,661503.0
127,Bebidas,57858.0,14,0.1,30.8,14.0,24000.0,752350.0
128,Postres Individuales,81049.0,12,0.0,30.8,9.2,16800.0,990387.0
129,Bebidas,63374.0,4,0.0,5.3,0.9,4350.0,257600.0
130,Bebidas,9164.0,12,0.0,36.4,8.4,15600.0,125607.0
131,Panaderia Artesanal,75740.0,8,0.05,42.0,12.1,21150.0,596048.0
132,Bebidas,74014.0,9,0.05,6.9,8.2,15300.0,650575.0
133,Postres Individuales,40466.0,2,0.1,19.6,10.8,19200.0,92323.0
134,Bebidas,51869.0,9,0.0,23.8,13.3,22950.0,491538.0
135,Panaderia Artesanal,83086.0,11,0.05,7.4,13.1,22650.0,891459.0
136,Panaderia Artesanal,47584.0,12,0.1,23.4,3.1,7650.0,523238.0
137,Postres Individuales,77426.0,4,0.1,10.5,6.7,13050.0,293060.0
138,Galletas y Brownies,11643.0,6,0.0,42.2,2.1,6150.0,77273.0
139,Galletas y Brownies,20284.0,14,0.0,21.0,9.1,16650.0,301323.0
140,Bebidas,40260.0,7,0.0,44.8,14.3,24450.0,303983.0
141,Tortas Personalizadas,51781.0,4,0.1,3.5,3.1,7650.0,191726.0
142,Bebidas,70298.0,8,0.0,7.0,6.4,12600.0,573446.0
143,Postres Individuales,84061.0,13,0.0,20.8,14.3,24450.0,1119008.0
144,Postres Individuales,36108.0,14,0.0,39.5,11.4,20100.0,526588.0
145,Postres Individuales,8793.0,10,0.1,25.7,1.5,5250.0,83891.0
146,Postres Individuales,69094.0,8,0.05,33.4,6.7,13050.0,540352.0
147,Postres Individuales,53350.0,1,0.05,19.9,14.8,25200.0,77396.0
148,Panaderia Artesanal,20883.0,8,0.05,3.3,7.1,13650.0,173153.0
149,Galletas y Brownies,44586.0,10,0.0,29.7,9.6,17400.0,464337.0
150,Postres Individuales,64385.0,14,0.0,29.1,10.7,19050.0,921333.0
151,Tortas Personalizadas,66633.0,12,0.0,4.6,10.1,18150.0,815902.0
152,Tortas Personalizadas,44969.0,3,0.0,8.9,8.0,15000.0,149982.0
153,Tortas Personalizadas,29417.0,5,0.15,22.2,2.4,6600.0,132440.0
154,Tortas Personalizadas,82899.0,14,0.05,20.9,10.8,19200.0,1121710.0
155,Panaderia Artesanal,58069.0,10,0.1,34.2,14.0,24000.0,545552.0
156,Tortas Personalizadas,37659.0,8,0.0,18.4,14.2,24300.0,322996.0
157,Postres Individuales,27437.0,11,0.0,30.4,9.1,16650.0,317237.0
158,Bebidas,63488.0,6,0.0,32.1,7.6,14400.0,396716.0
159,Tortas Personalizadas,24375.0,4,0.05,29.6,5.3,10950.0,104417.0
160,Panaderia Artesanal,18737.0,4,0.0,27.4,2.0,6000.0,78572.0
161,Panaderia Artesanal,47387.0,12,0.0,36.5,13.3,22950.0,592727.0
162,Tortas Personalizadas,28199.0,4,0.1,30.1,2.5,6750.0,106303.0
163,Bebidas,55312.0,6,0.2,37.8,4.7,10050.0,275263.0
164,Tortas Personalizadas,14435.0,7,0.0,29.2,11.2,19800.0,122066.0
165,Panaderia Artesanal,57395.0,13,0.0,8.4,10.7,19050.0,764698.0
166,Galletas y Brownies,27664.0,5,0.0,15.0,10.4,18600.0,154834.0
167,Postres Individuales,5019.0,10,0.1,15.9,11.3,19950.0,61200.0
168,Panaderia Artesanal,15155.0,14,0.0,5.6,8.4,15600.0,226351.0
169,Tortas Personalizadas,79689.0,8,0.05,31.6,2.7,7050.0,612036.0
170,Postres Individuales,74388.0,7,0.05,27.4,15.0,25500.0,520777.0
171,Tortas Personalizadas,23689.0,8,0.0,27.2,13.4,23100.0,211712.0
172,Tortas Personalizadas,67270.0,4,0.0,22.3,6.8,13200.0,281507.0
173,Galletas y Brownies,53686.0,8,0.0,25.1,8.2,15300.0,444012.0
174,Postres Individuales,82672.0,13,0.0,1.9,6.2,12300.0,1085969.0
175,Postres Individuales,34888.0,6,0.0,5.7,9.8,17700.0,229806.0
176,Galletas y Brownies,59517.0,3,0.05,31.2,11.1,19650.0,189652.0
177,Panaderia Artesanal,10083.0,13,0.05,12.9,3.9,8850.0,131953.0
178,Tortas Personalizadas,36700.0,8,0.0,6.2,6.8,13200.0,303635.0
179,Bebidas,82105.0,13,0.05,15.8,9.8,17700.0,1031885.0
180,Tortas Personalizadas,48118.0,7,0.0,12.6,14.8,25200.0,364208.0
181,Tortas Personalizadas,28030.0,10,0.05,2.8,5.2,10800.0,277852.0
182,Panaderia Artesanal,14622.0,5,0.1,19.4,11.3,19950.0,89582.0
183,Tortas Personalizadas,61282.0,11,0.1,2.7,5.5,11250.0,617076.0
184,Galletas y Brownies,56588.0,4,0.0,1.5,1.8,5700.0,232844.0
185,Galletas y Brownies,34915.0,1,0.05,36.0,11.7,20550.0,51469.0
186,Postres Individuales,81075.0,10,0.1,15.2,9.9,17850.0,744881.0
187,Bebidas,6776.0,3,0.0,26.2,8.0,15000.0,35055.0
188,Tortas Personalizadas,29298.0,2,0.05,14.5,10.3,18450.0,75864.0
189,Tortas Personalizadas,78686.0,8,0.1,42.0,13.2,22800.0,591864.0
190,Panaderia Artesanal,30675.0,14,0.0,33.2,11.5,20250.0,449784.0
191,Galletas y Brownies,25180.0,8,0.0,17.6,12.9,22350.0,222433.0
192,Bebidas,47738.0,12,0.05,10.7,4.7,10050.0,550958.0
193,Postres Individuales,70904.0,5,0.0,7.5,12.1,21150.0,374766.0
194,Galletas y Brownies,13252.0,14,0.0,34.7,5.7,11550.0,196996.0
195,Postres Individuales,80442.0,5,0.0,21.2,0.8,4200.0,405529.0
196,Panaderia Artesanal,68606.0,11,0.0,11.6,1.1,4650.0,756607.0
197,Panaderia Artesanal,19500.0,4,0.0,41.5,11.1,19650.0,97634.0
198,Tortas Personalizadas,61961.0,1,0.0,18.5,4.4,9600.0,71019.0
199,Bebidas,35797.0,1,0.0,25.1,5.0,10500.0,46963.0
200,Postres Individuales,37184.0,13,0.05,38.8,9.5,17250.0,475225.0
201,Galletas y Brownies,67663.0,6,0.0,37.8,11.3,19950.0,425339.0
202,Panaderia Artesanal,82023.0,4,0.0,29.3,8.6,15900.0,343983.0
203,Tortas Personalizadas,15132.0,4,0.0,40.2,10.7,19050.0,80097.0
204,Tortas Personalizadas,38650.0,3,0.0,42.9,14.1,24150.0,139343.0
205,Postres Individuales,43475.0,14,0.0,42.2,12.9,22350.0,629808.0
206,Panaderia Artesanal,35105.0,9,0.0,16.7,4.0,9000.0,323249.0
207,Bebidas,34055.0,3,0.05,18.8,13.6,23400.0,120531.0
208,Panaderia Artesanal,9181.0,8,0.0,12.0,4.8,10200.0,83024.0
209,Postres Individuales,59843.0,2,0.0,37.9,10.1,18150.0,140332.0
210,Postres Individuales,39897.0,4,0.1,6.8,13.2,22800.0,166093.0
211,Panaderia Artesanal,20584.0,1,0.0,16.9,9.5,17250.0,37992.0
212,Postres Individuales,70283.0,11,0.05,1.9,12.2,21300.0,757097.0
213,Panaderia Artesanal,69205.0,5,0.1,27.4,13.9,23850.0,336798.0
214,Galletas y Brownies,43911.0,2,0.0,30.1,14.5,24750.0,111854.0
215,Panaderia Artesanal,28876.0,11,0.2,12.3,6.5,12750.0,269629.0
216,Panaderia Artesanal,56047.0,13,0.15,33.5,14.9,25350.0,647814.0
217,Postres Individuales,28052.0,1,0.0,18.1,4.4,9600.0,37095.0
218,Postres Individuales,23881.0,1,0.15,15.1,7.2,13800.0,34053.0
219,Tortas Personalizadas,63441.0,2,0.1,43.1,11.5,20250.0,134865.0
220,Tortas Personalizadas,8226.0,5,0.15,27.1,14.6,24900.0,58650.0
221,Galletas y Brownies,12581.0,12,0.05,12.5,1.3,4950.0,148232.0
222,Tortas Personalizadas,5543.0,9,0.05,44.3,14.2,24300.0,70152.0
223,Panaderia Artesanal,17235.0,6,0.0,18.4,15.0,25500.0,128756.0
224,Postres Individuales,10519.0,12,0.0,29.7,13.7,23550.0,149486.0
225,Tortas Personalizadas,84664.0,4,0.0,33.0,2.1,6150.0,345312.0
226,Tortas Personalizadas,28105.0,3,0.0,19.9,12.7,22050.0,107100.0
227,Galletas y Brownies,16941.0,8,0.2,24.8,9.8,17700.0,125994.0
228,Galletas y Brownies,24280.0,3,0.0,11.9,0.6,3900.0,78625.0
229,Panaderia Artesanal,79890.0,1,0.1,21.8,14.8,25200.0,95633.0
230,Postres Individuales,46613.0,4,0.0,15.0,2.7,7050.0,192873.0
231,Galletas y Brownies,34185.0,11,0.0,25.3,6.3,12450.0,387384.0
232,Tortas Personalizadas,74871.0,13,0.05,30.6,0.9,4350.0,931231.0
233,Postres Individuales,36599.0,5,0.0,28.2,5.0,10500.0,193169.0
234,Postres Individuales,31801.0,5,0.2,35.3,8.7,16050.0,142946.0
235,Tortas Personalizadas,21583.0,5,0.0,3.3,14.0,24000.0,133837.0
236,Galletas y Brownies,35224.0,8,0.0,4.9,14.9,25350.0,304820.0
237,Tortas Personalizadas,30335.0,8,0.0,10.4,6.6,12900.0,254011.0
238,Postres Individuales,59184.0,12,0.0,44.4,6.7,13050.0,723036.0
239,Bebidas,28167.0,13,0.0,36.3,2.8,7200.0,372498.0
240,Bebidas,51176.0,4,0.0,41.7,7.7,14550.0,220550.0
241,Panaderia Artesanal,10271.0,9,0.05,13.3,14.1,24150.0,109811.0
242,Tortas Personalizadas,20303.0,1,0.0,26.5,2.9,7350.0,28523.0
243,Tortas Personalizadas,37592.0,5,0.0,25.6,4.4,9600.0,196055.0
244,Panaderia Artesanal,79956.0,5,0.1,26.3,13.4,23100.0,383288.0
245,Panaderia Artesanal,35180.0,5,0.0,32.7,9.6,17400.0,194620.0
246,Panaderia Artesanal,58126.0,8,0.0,18.6,5.3,10950.0,478763.0
247,Postres Individuales,25407.0,9,0.05,31.0,12.3,21450.0,236426.0
248,Tortas Personalizadas,15163.0,3,0.1,35.8,2.1,6150.0,47244.0
249,Postres Individuales,9683.0,9,0.1,14.1,12.9,22350.0,102210.0
250,Panaderia Artesanal,29433.0,13,0.1,42.6,8.0,15000.0,359471.0
251,Tortas Personalizadas,17613.0,11,0.0,24.0,11.5,20250.0,214564.0
252,Postres Individuales,18921.0,8,0.0,33.4,8.0,15000.0,165317.0
253,Postres Individuales,65861.0,3,0.0,33.2,4.1,9150.0,206245.0
254,Panaderia Artesanal,6267.0,2,0.15,26.1,9.8,17700.0,27189.0
255,Tortas Personalizadas,49625.0,4,0.0,15.5,2.7,7050.0,206460.0
256,Panaderia Artesanal,35357.0,13,0.05,30.5,3.8,8700.0,448137.0
257,Tortas Personalizadas,45524.0,12,0.1,5.3,8.5,15750.0,507645.0
258,Bebidas,50026.0,2,0.0,44.2,6.2,12300.0,112443.0
259,Galletas y Brownies,30069.0,4,0.0,9.5,11.3,19950.0,137017.0
260,Galletas y Brownies,28609.0,5,0.0,13.5,9.0,16500.0,159441.0
261,Galletas y Brownies,63672.0,2,0.0,43.0,6.0,12000.0,140195.0
262,Panaderia Artesanal,74702.0,12,0.0,9.6,5.2,10800.0,904745.0
263,Bebidas,20407.0,8,0.0,8.9,13.7,23550.0,187049.0
264,Tortas Personalizadas,12810.0,1,0.1,36.5,1.1,4650.0,16156.0
265,Postres Individuales,76824.0,3,0.15,12.4,10.5,18750.0,211639.0
266,Tortas Personalizadas,32992.0,7,0.05,5.6,6.2,12300.0,232323.0
267,Postres Individuales,49105.0,10,0.05,11.4,6.0,12000.0,477861.0
268,Tortas Personalizadas,33763.0,1,0.0,40.1,10.0,18000.0,51953.0
269,Bebidas,15064.0,13,0.0,13.7,12.8,22200.0,218510.0
270,Postres Individuales,52147.0,11,0.0,31.7,11.0,19500.0,591980.0
271,Panaderia Artesanal,47011.0,2,0.0,18.7,10.2,18300.0,112839.0
272,Tortas Personalizadas,21239.0,3,0.1,12.9,7.7,14550.0,71134.0
273,Tortas Personalizadas,41150.0,14,0.2,7.8,7.3,13950.0,475038.0
274,Postres Individuales,68756.0,14,0.0,43.8,7.2,13800.0,975412.0
275,Panaderia Artesanal,52234.0,2,0.0,24.2,2.6,6900.0,112988.0
276,Panaderia Artesanal,12753.0,2,0.0,6.5,8.6,15900.0,42440.0
277,Bebidas,48842.0,12,0.0,10.1,5.1,10650.0,596240.0
278,Panaderia Artesanal,61219.0,11,0.05,19.2,9.5,17250.0,658044.0
279,Panaderia Artesanal,68416.0,6,0.1,25.2,8.2,15300.0,384121.0
280,Panaderia Artesanal,55329.0,7,0.1,9.4,14.1,24150.0,373050.0
281,Galletas y Brownies,17213.0,6,0.05,13.6,6.8,13200.0,110042.0
282,Bebidas,61814.0,11,0.0,35.6,10.1,18150.0,699550.0
283,Tortas Personalizadas,59187.0,6,0.2,19.7,9.1,16650.0,300566.0
284,Postres Individuales,6954.0,9,0.1,1.6,10.4,18600.0,73916.0
285,Tortas Personalizadas,37940.0,8,0.0,3.8,4.4,9600.0,313464.0
286,Bebidas,31636.0,14,0.0,20.6,4.2,9300.0,449593.0
287,Postres Individuales,58553.0,8,0.1,4.1,8.6,15900.0,435967.0
288,Bebidas,22291.0,6,0.0,9.1,12.8,22200.0,155504.0
289,Panaderia Artesanal,52270.0,5,0.05,33.2,10.9,19350.0,267822.0
290,Postres Individuales,78056.0,9,0.0,22.4,7.6,14400.0,717079.0
291,Panaderia Artesanal,68824.0,12,0.1,22.5,4.2,9300.0,751787.0
292,Tortas Personalizadas,78717.0,2,0.05,27.5,11.5,20250.0,170690.0
293,Tortas Personalizadas,83280.0,7,0.05,35.8,13.9,23850.0,575815.0
294,Postres Individuales,5854.0,6,0.15,8.4,3.6,8400.0,37853.0
295,Postres Individuales,54819.0,7,0.15,9.0,12.1,21150.0,348918.0
296,Bebidas,38027.0,12,0.1,6.8,3.0,7500.0,419056.0
297,Bebidas,73788.0,4,0.0,42.3,13.6,23400.0,320463.0
298,Panaderia Artesanal,25145.0,9,0.0,26.6,9.8,17700.0,247384.0
299,Postres Individuales,83482.0,7,0.0,5.5,3.1,7650.0,591105.0
300,Tortas Personalizadas,54097.0,2,0.0,11.1,1.0,4500.0,113205.0
301,Bebidas,68483.0,13,0.15,33.1,10.6,18900.0,774420.0
302,Bebidas,11848.0,4,0.15,2.8,9.3,16950.0,55585.0
303,Tortas Personalizadas,19677.0,5,0.0,33.1,9.4,17100.0,116133.0
304,Bebidas,65672.0,2,0.0,41.1,7.5,14250.0,145638.0
305,Panaderia Artesanal,6759.0,10,0.0,4.0,9.4,17100.0,84090.0
306,Postres Individuales,70350.0,8,0.0,9.6,13.2,22800.0,586461.0
307,Tortas Personalizadas,6116.0,1,0.0,1.6,14.3,24450.0,30022.0
308,Postres Individuales,57570.0,3,0.05,6.2,5.5,11250.0,173067.0
309,Bebidas,34208.0,14,0.05,28.3,7.6,14400.0,470383.0
310,Bebidas,53920.0,1,0.15,3.4,4.5,9750.0,54554.0
311,Tortas Personalizadas,60683.0,5,0.0,20.0,6.5,12750.0,317291.0
312,Panaderia Artesanal,32398.0,8,0.0,23.4,12.0,21000.0,280725.0
313,Galletas y Brownies,13637.0,7,0.15,40.9,6.7,13050.0,90249.0
314,Tortas Personalizadas,10572.0,9,0.0,22.1,6.2,12300.0,107007.0
315,Galletas y Brownies,52115.0,2,0.0,7.7,12.8,22200.0,125014.0
316,Galletas y Brownies,46652.0,12,0.0,14.1,0.5,3750.0,564965.0
317,Panaderia Artesanal,64376.0,8,0.1,30.7,12.9,22350.0,485005.0
318,Galletas y Brownies,45779.0,8,0.1,6.4,3.1,7650.0,338534.0
319,Galletas y Brownies,38796.0,14,0.15,11.6,4.5,9750.0,471520.0
320,Panaderia Artesanal,36847.0,6,0.0,44.8,5.7,11550.0,231768.0
321,Galletas y Brownies,7116.0,3,0.1,1.7,13.3,22950.0,42915.0
322,Galletas y Brownies,31845.0,2,0.05,8.1,13.7,23550.0,85382.0
323,Galletas y Brownies,83082.0,14,0.0,38.2,10.1,18150.0,1179525.0
324,Tortas Personalizadas,74884.0,8,0.2,5.9,6.9,13350.0,490313.0
325,Tortas Personalizadas,31350.0,6,0.05,3.0,8.0,15000.0,193578.0
326,Tortas Personalizadas,52024.0,4,0.15,6.8,8.9,16350.0,192626.0
327,Panaderia Artesanal,72784.0,5,0.15,31.7,14.3,24450.0,334504.0
328,Bebidas,40302.0,5,0.0,44.7,14.6,24900.0,227597.0
329,Galletas y Brownies,6437.0,13,0.05,27.2,12.8,22200.0,99203.0
330,Galletas y Brownies,10961.0,9,0.0,6.9,9.0,16500.0,114586.0
331,Panaderia Artesanal,45831.0,13,0.1,9.5,6.2,12300.0,546184.0
332,Galletas y Brownies,82555.0,13,0.05,24.9,3.8,8700.0,1026218.0
333,Tortas Personalizadas,60457.0,9,0.1,32.6,8.2,15300.0,502481.0
334,Bebidas,10673.0,8,0.0,30.3,5.5,11250.0,96063.0
335,Postres Individuales,20149.0,8,0.05,26.5,1.6,5400.0,156160.0
336,Galletas y Brownies,66706.0,12,0.0,44.4,7.4,14100.0,813572.0
337,Tortas Personalizadas,72315.0,2,0.0,10.1,8.8,16200.0,159529.0
338,Postres Individuales,54416.0,14,0.1,9.0,9.4,17100.0,702227.0
339,Bebidas,56554.0,3,0.0,38.9,1.6,5400.0,175060.0
340,Postres Individuales,7267.0,14,0.0,14.2,7.5,14250.0,115870.0
341,Tortas Personalizadas,71282.0,8,0.0,16.0,10.0,18000.0,586417.0
342,Postres Individuales,68062.0,13,0.0,25.4,14.4,24600.0,909348.0
343,Panaderia Artesanal,25723.0,5,0.0,18.1,0.9,4350.0,132328.0
344,Postres Individuales,61694.0,7,0.1,14.0,10.3,18450.0,407810.0
345,Galletas y Brownies,22188.0,14,0.05,41.4,1.4,5100.0,299200.0
346,Galletas y Brownies,8226.0,8,0.0,7.1,2.8,7200.0,73881.0
347,Panaderia Artesanal,21091.0,6,0.0,19.1,3.0,7500.0,132581.0
348,Tortas Personalizadas,19290.0,5,0.0,1.6,5.3,10950.0,106007.0
349,Galletas y Brownies,32020.0,8,0.05,36.6,12.6,21900.0,265088.0
350,Bebidas,38476.0,1,0.0,8.8,12.9,22350.0,58239.0
351,Galletas y Brownies,45683.0,1,0.0,35.1,5.9,11850.0,56212.0
352,Galletas y Brownies,43140.0,1,0.0,8.0,6.8,13200.0,58058.0
353,Tortas Personalizadas,26654.0,3,0.0,19.6,3.6,8400.0,89361.0
354,Postres Individuales,7334.0,10,0.1,33.2,6.8,13200.0,78628.0
355,Galletas y Brownies,53408.0,13,0.0,13.3,4.5,9750.0,707580.0
356,Panaderia Artesanal,36660.0,12,0.0,15.2,3.0,7500.0,447169.0
357,Postres Individuales,28894.0,6,0.0,30.5,2.8,7200.0,180792.0
358,Bebidas,74355.0,6,0.2,9.7,11.7,20550.0,379626.0
359,Tortas Personalizadas,64739.0,5,0.1,42.9,2.2,6300.0,298113.0
360,Bebidas,73621.0,13,0.0,9.7,9.4,17100.0,973701.0
361,Postres Individuales,44599.0,13,0.0,34.1,2.9,7350.0,588180.0
362,Postres Individuales,15475.0,14,0.15,36.4,12.6,21900.0,206968.0
363,Postres Individuales,60698.0,7,0.0,17.8,4.5,9750.0,433543.0
364,Bebidas,21486.0,5,0.2,8.3,1.2,4800.0,90421.0
365,Postres Individuales,40298.0,14,0.0,8.7,7.1,13650.0,578030.0
366,Bebidas,10200.0,2,0.0,44.4,15.0,25500.0,46118.0
367,Postres Individuales,71025.0,4,0.05,33.1,12.3,21450.0,290050.0
368,Panaderia Artesanal,15075.0,1,0.05,21.1,8.8,16200.0,30968.0
369,Postres Individuales,77248.0,7,0.2,12.7,3.2,7800.0,439845.0
370,Bebidas,74138.0,4,0.1,2.3,2.2,6300.0,273908.0
371,Galletas y Brownies,42167.0,13,0.0,30.7,12.7,22050.0,571551.0
372,Postres Individuales,64549.0,4,0.05,43.1,11.9,20850.0,264912.0
373,Galletas y Brownies,54556.0,13,0.1,6.1,7.2,13800.0,651555.0
374,Panaderia Artesanal,69246.0,4,0.05,34.3,6.6,12900.0,276314.0
375,Tortas Personalizadas,39544.0,3,0.0,8.2,11.4,20100.0,139830.0
376,Panaderia Artesanal,67865.0,8,0.0,36.0,8.3,15450.0,557513.0
377,Postres Individuales,41997.0,4,0.0,17.6,6.4,12600.0,180640.0
378,Galletas y Brownies,80277.0,8,0.1,32.5,4.1,9150.0,589565.0
379,Galletas y Brownies,43910.0,9,0.0,41.8,2.3,6450.0,402874.0
380,Bebidas,42010.0,1,0.0,28.5,9.1,16650.0,58288.0
381,Galletas y Brownies,67806.0,4,0.1,41.6,12.5,21750.0,268654.0
382,Bebidas,70726.0,6,0.0,11.7,11.3,19950.0,445010.0
383,Tortas Personalizadas,49359.0,8,0.05,44.0,10.6,18900.0,396643.0
384,Postres Individuales,19384.0,14,0.15,39.5,14.0,24000.0,256353.0
385,Bebidas,42421.0,6,0.0,6.2,6.2,12300.0,271112.0
386,Tortas Personalizadas,82446.0,12,0.0,19.5,2.5,6750.0,998317.0
387,Galletas y Brownies,65239.0,6,0.0,41.8,2.0,6000.0,396756.0
388,Galletas y Brownies,69893.0,10,0.1,4.9,14.3,24450.0,654698.0
389,Tortas Personalizadas,7626.0,4,0.05,21.2,9.0,16500.0,44130.0
390,Galletas y Brownies,42429.0,9,0.0,33.0,12.3,21450.0,404689.0
391,Tortas Personalizadas,56730.0,7,0.0,3.0,8.3,15450.0,415114.0
392,Bebidas,71403.0,14,0.1,34.2,6.3,12450.0,910882.0
393,Bebidas,8942.0,11,0.0,17.2,3.4,8100.0,107572.0
394,Tortas Personalizadas,73195.0,6,0.1,12.3,12.9,22350.0,418566.0
395,Bebidas,48872.0,1,0.05,26.6,1.4,5100.0,52537.0
396,Bebidas,20785.0,2,0.05,25.2,13.6,23400.0,61118.0
397,Bebidas,30380.0,12,0.15,39.5,3.5,8250.0,317418.0
398,Panaderia Artesanal,27554.0,6,0.0,30.9,0.6,3900.0,169709.0
399,Postres Individuales,47469.0,11,0.0,19.9,2.0,6000.0,527611.0
400,Galletas y Brownies,9135.0,1,0.05,29.8,13.3,22950.0,30185.0
401,Panaderia Artesanal,17683.0,11,0.0,34.1,1.6,5400.0,201359.0
402,Bebidas,70015.0,5,0.05,42.3,5.7,11550.0,343156.0
403,Tortas Personalizadas,15608.0,1,0.2,32.1,4.1,9150.0,21589.0
404,Bebidas,23672.0,13,0.15,25.2,1.0,4500.0,269434.0
405,Postres Individuales,41270.0,3,0.05,17.7,8.2,15300.0,134465.0
406,Bebidas,46370.0,12,0.15,40.3,15.0,25500.0,498543.0
407,Tortas Personalizadas,66089.0,12,0.0,36.0,12.9,22350.0,816019.0
408,Postres Individuales,40787.0,12,0.0,4.9,2.9,7350.0,497228.0
409,Bebidas,68189.0,7,0.0,31.9,13.3,22950.0,498091.0
410,Postres Individuales,54468.0,5,0.0,24.9,7.1,13650.0,286500.0
411,Galletas y Brownies,14048.0,12,0.0,6.0,4.5,9750.0,180042.0
412,Galletas y Brownies,17507.0,10,0.15,26.1,9.8,17700.0,166391.0
413,Bebidas,39963.0,1,0.1,9.9,3.6,8400.0,45489.0
414,Postres Individuales,36751.0,1,0.05,32.3,13.3,22950.0,58651.0
415,Tortas Personalizadas,64484.0,8,0.0,13.6,9.6,17400.0,534252.0
416,Bebidas,51459.0,11,0.0,8.0,2.5,6750.0,571219.0
417,Galletas y Brownies,36051.0,14,0.15,5.1,8.8,16200.0,445817.0
418,Galletas y Brownies,18661.0,13,0.05,22.8,7.9,14850.0,247895.0
419,Bebidas,23147.0,9,0.05,10.2,7.3,13950.0,211821.0
420,Postres Individuales,51040.0,7,0.15,38.7,5.8,11700.0,314997.0
421,Galletas y Brownies,38875.0,13,0.05,1.6,7.4,14100.0,495445.0
422,Postres Individuales,46194.0,3,0.05,38.2,9.0,16500.0,149547.0
423,Galletas y Brownies,18654.0,12,0.0,24.2,11.1,19650.0,245327.0
424,Galletas y Brownies,58033.0,6,0.0,41.6,13.8,23700.0,371726.0
425,Panaderia Artesanal,73203.0,3,0.05,10.4,1.1,4650.0,214083.0
426,Galletas y Brownies,25635.0,10,0.0,5.9,8.8,16200.0,275460.0
427,Tortas Personalizadas,44321.0,4,0.05,28.7,11.4,20100.0,187307.0
428,Bebidas,83042.0,12,0.0,32.2,2.2,6300.0,1000728.0
429,Bebidas,31659.0,4,0.0,17.7,13.7,23550.0,151368.0
430,Postres Individuales,52604.0,3,0.0,2.1,4.1,9150.0,167606.0
431,Galletas y Brownies,12216.0,10,0.0,19.2,12.6,21900.0,143442.0
432,Tortas Personalizadas,53481.0,6,0.15,11.7,10.1,18150.0,289936.0
433,Postres Individuales,12171.0,5,0.0,16.6,8.6,15900.0,76640.0
434,Panaderia Artesanal,81739.0,11,0.05,23.5,13.1,22650.0,878342.0
435,Postres Individuales,62253.0,9,0.0,32.1,14.6,24900.0,586600.0
436,Postres Individuales,68053.0,9,0.0,43.4,15.0,25500.0,638314.0
437,Galletas y Brownies,61328.0,3,0.0,7.8,10.4,18600.0,201870.0
438,Panaderia Artesanal,52178.0,13,0.15,31.1,5.4,11100.0,583901.0
439,Postres Individuales,40993.0,9,0.0,11.6,13.2,22800.0,392413.0
440,Tortas Personalizadas,73670.0,13,0.1,11.1,10.0,18000.0,880944.0
441,Tortas Personalizadas,81547.0,12,0.0,29.1,5.2,10800.0,989149.0
442,Bebidas,44923.0,3,0.0,35.3,14.0,24000.0,162268.0
443,Panaderia Artesanal,79523.0,4,0.1,44.0,11.3,19950.0,305123.0
444,Panaderia Artesanal,51667.0,1,0.05,34.9,7.1,13650.0,64952.0
445,Bebidas,48071.0,5,0.05,8.3,7.1,13650.0,243131.0
446,Postres Individuales,41359.0,12,0.0,11.3,14.9,25350.0,521384.0
447,Panaderia Artesanal,21743.0,9,0.0,34.6,5.9,11850.0,205136.0
448,Tortas Personalizadas,5298.0,2,0.0,24.4,1.9,5850.0,18533.0
449,Tortas Personalizadas,24320.0,4,0.15,14.4,8.3,15450.0,98222.0
450,Galletas y Brownies,45778.0,10,0.0,22.0,13.3,22950.0,483436.0
451,Panaderia Artesanal,35397.0,2,0.15,41.3,9.0,16500.0,76777.0
452,Postres Individuales,40879.0,14,0.0,34.4,12.0,21000.0,595484.0
453,Bebidas,83452.0,8,0.05,21.1,1.3,4950.0,637044.0
454,Bebidas,33022.0,9,0.0,44.2,10.3,18450.0,313631.0
455,Postres Individuales,41175.0,3,0.0,36.1,1.6,5400.0,128321.0
456,Galletas y Brownies,15681.0,13,0.0,1.8,8.6,15900.0,216502.0
457,Bebidas,8837.0,9,0.0,6.4,7.7,14550.0,94556.0
458,Panaderia Artesanal,67033.0,6,0.2,25.6,14.2,24300.0,344918.0
459,Galletas y Brownies,50655.0,6,0.1,16.7,2.4,6600.0,281264.0
460,Panaderia Artesanal,65856.0,7,0.1,36.8,0.6,3900.0,415889.0
461,Tortas Personalizadas,16989.0,12,0.0,40.5,2.5,6750.0,212346.0
462,Galletas y Brownies,50746.0,5,0.15,12.0,3.0,7500.0,223299.0
463,Bebidas,25291.0,6,0.0,34.7,4.1,9150.0,162260.0
464,Galletas y Brownies,23245.0,11,0.15,24.8,12.3,21450.0,238533.0
465,Galletas y Brownies,5922.0,1,0.0,18.6,6.0,12000.0,15422.0
466,Galletas y Brownies,15427.0,3,0.0,35.7,12.7,22050.0,70313.0
467,Galletas y Brownies,29741.0,12,0.2,26.1,4.4,9600.0,296237.0
468,Panaderia Artesanal,14350.0,9,0.0,29.1,13.0,22500.0,153090.0
469,Tortas Personalizadas,83869.0,12,0.15,4.2,0.6,3900.0,859552.0
470,Postres Individuales,29691.0,5,0.0,27.0,14.1,24150.0,175362.0
471,Galletas y Brownies,15426.0,5,0.05,14.6,11.3,19950.0,97004.0
472,Bebidas,20927.0,8,0.15,23.0,6.5,12750.0,157118.0
473,Galletas y Brownies,52016.0,11,0.05,11.2,8.9,16350.0,557795.0
474,Bebidas,10123.0,11,0.1,28.2,14.0,24000.0,124598.0
475,Panaderia Artesanal,73995.0,13,0.0,7.9,8.9,16350.0,977282.0
476,Bebidas,81920.0,2,0.0,6.8,3.8,8700.0,170517.0
477,Postres Individuales,24740.0,13,0.0,9.7,8.8,16200.0,337637.0
478,Tortas Personalizadas,41008.0,7,0.0,37.1,13.1,22650.0,311434.0
479,Bebidas,6771.0,9,0.1,3.0,14.8,25200.0,79396.0
480,Bebidas,56257.0,7,0.0,33.2,9.0,16500.0,409433.0
481,Tortas Personalizadas,38114.0,12,0.05,4.0,2.8,7200.0,441243.0
482,Postres Individuales,26605.0,5,0.1,27.2,11.7,20550.0,143404.0
483,Galletas y Brownies,21547.0,13,0.0,35.1,15.0,25500.0,306401.0
484,Bebidas,57322.0,6,0.15,11.6,7.4,14100.0,305381.0
485,Tortas Personalizadas,38297.0,4,0.2,10.0,6.1,12150.0,137324.0
486,Panaderia Artesanal,19373.0,14,0.0,14.1,8.5,15750.0,287171.0
487,Tortas Personalizadas,60129.0,12,0.0,31.9,2.9,7350.0,727640.0
488,Panaderia Artesanal,50206.0,7,0.0,12.6,14.6,24900.0,375610.0
489,Postres Individuales,73694.0,1,0.1,23.3,12.7,22050.0,87149.0
490,Galletas y Brownies,14398.0,4,0.0,7.3,2.1,6150.0,63547.0
491,Tortas Personalizadas,67853.0,3,0.1,21.6,14.2,24300.0,207409.0
492,Bebidas,58881.0,13,0.0,28.7,14.2,24300.0,790052.0
493,Postres Individuales,14201.0,4,0.1,4.6,5.1,10650.0,60974.0
494,Tortas Personalizadas,60586.0,1,0.1,37.0,9.5,17250.0,72704.0
495,Bebidas,40324.0,12,0.2,42.3,2.1,6150.0,395667.0
496,Tortas Personalizadas,80599.0,13,0.0,9.9,1.7,5550.0,1052458.0
497,Panaderia Artesanal,16329.0,2,0.0,34.5,7.8,14700.0,49303.0
498,Tortas Personalizadas,56427.0,12,0.0,15.1,1.2,4800.0,682230.0
499,Tortas Personalizadas,35558.0,11,0.0,30.9,13.2,22800.0,413711.0
500,Tortas Personalizadas,81545.0,13,0.0,14.8,14.0,24000.0,1085198.0
501,Postres Individuales,31398.0,9,0.2,39.0,1.5,5250.0,232067.0
502,Tortas Personalizadas,81975.0,7,0.1,16.6,1.2,4800.0,522213.0
503,Bebidas,77119.0,13,0.0,38.4,3.7,8550.0,1010064.0
504,Panaderia Artesanal,26631.0,6,0.1,34.8,14.0,24000.0,166309.0
505,Panaderia Artesanal,69283.0,2,0.0,10.0,11.7,20550.0,155954.0
506,Tortas Personalizadas,84648.0,1,0.0,8.3,10.3,18450.0,103715.0
507,Postres Individuales,25213.0,2,0.1,35.4,11.8,20700.0,64724.0
508,Postres Individuales,39942.0,7,0.2,18.5,3.4,8100.0,230917.0
509,Bebidas,46614.0,2,0.0,42.8,4.2,9300.0,102382.0
510,Tortas Personalizadas,28594.0,3,0.1,42.5,5.1,10650.0,86010.0
511,Panaderia Artesanal,6221.0,8,0.15,31.7,9.3,16950.0,61427.0
512,Postres Individuales,22610.0,7,0.0,23.3,9.3,16950.0,174808.0
513,Tortas Personalizadas,27555.0,12,0.0,10.0,3.5,8250.0,339734.0
514,Postres Individuales,40488.0,11,0.1,39.9,6.8,13200.0,415361.0
515,Postres Individuales,18688.0,11,0.1,5.1,10.5,18750.0,201077.0
516,Panaderia Artesanal,74860.0,14,0.0,17.6,5.0,10500.0,1058009.0
517,Galletas y Brownies,61393.0,11,0.0,15.4,1.6,5400.0,681996.0
518,Bebidas,11816.0,9,0.05,43.2,3.4,8100.0,107642.0
519,Bebidas,57007.0,12,0.1,6.6,2.9,7350.0,623516.0
520,Panaderia Artesanal,57293.0,4,0.05,40.2,9.7,17550.0,233942.0
521,Postres Individuales,81498.0,7,0.0,21.4,1.5,5250.0,576349.0
522,Tortas Personalizadas,5242.0,1,0.1,3.6,13.3,22950.0,26855.0
523,Postres Individuales,24835.0,11,0.05,33.2,1.7,5550.0,265210.0
524,Panaderia Artesanal,79223.0,11,0.15,5.9,9.2,16800.0,759468.0
525,Bebidas,79571.0,2,0.15,11.8,14.0,24000.0,160346.0
526,Postres Individuales,62647.0,7,0.1,36.3,1.4,5100.0,398698.0
527,Bebidas,66261.0,2,0.2,8.2,6.1,12150.0,118972.0
528,Tortas Personalizadas,12319.0,6,0.2,15.7,5.3,10950.0,70684.0
529,Bebidas,46110.0,13,0.05,17.2,5.5,11250.0,582484.0
530,Bebidas,23527.0,10,0.1,27.1,9.2,16800.0,228692.0
531,Galletas y Brownies,19497.0,12,0.05,35.9,4.3,9450.0,231810.0
532,Galletas y Brownies,69824.0,9,0.05,11.5,0.9,4350.0,602550.0
533,Galletas y Brownies,15803.0,11,0.0,10.5,14.5,24750.0,199810.0
534,Bebidas,42492.0,5,0.0,11.2,11.4,20100.0,237612.0
535,Panaderia Artesanal,80086.0,10,0.0,18.1,2.5,6750.0,809932.0
536,Bebidas,19867.0,7,0.0,24.8,7.1,13650.0,152758.0
537,Panaderia Artesanal,83239.0,13,0.0,2.1,1.4,5100.0,1087085.0
538,Panaderia Artesanal,84543.0,1,0.15,35.4,0.9,4350.0,75101.0
539,Galletas y Brownies,49449.0,8,0.0,41.8,1.2,4800.0,398161.0
540,Postres Individuales,18611.0,9,0.0,38.2,11.5,20250.0,187936.0
541,Tortas Personalizadas,30288.0,13,0.05,3.1,7.0,13500.0,384367.0
542,Galletas y Brownies,38959.0,5,0.0,24.3,12.7,22050.0,219815.0
543,Galletas y Brownies,29746.0,6,0.1,36.9,4.9,10350.0,169775.0
544,Postres Individuales,27451.0,13,0.0,16.5,11.7,20550.0,379361.0
545,Tortas Personalizadas,82778.0,11,0.0,40.5,1.6,5400.0,915791.0
546,Bebidas,17269.0,8,0.15,40.1,9.7,17550.0,135852.0
547,Bebidas,63666.0,4,0.05,7.7,5.7,11550.0,251588.0
548,Galletas y Brownies,5033.0,2,0.15,23.0,4.5,9750.0,19196.0
549,Tortas Personalizadas,52695.0,10,0.0,2.6,12.3,21450.0,548617.0
550,Galletas y Brownies,78275.0,8,0.0,13.8,1.3,4950.0,634100.0
551,Panaderia Artesanal,28035.0,2,0.05,36.8,14.3,24450.0,75825.0
552,Galletas y Brownies,19842.0,5,0.0,43.9,11.9,20850.0,118098.0
553,Galletas y Brownies,57134.0,13,0.0,41.2,5.7,11550.0,752770.0
554,Bebidas,62008.0,6,0.0,3.4,14.9,25350.0,394368.0
555,Bebidas,60042.0,5,0.1,41.8,3.4,8100.0,277040.0
556,Bebidas,30545.0,6,0.1,37.3,6.3,12450.0,175977.0
557,Panaderia Artesanal,25176.0,6,0.0,39.2,13.3,22950.0,173972.0
558,Bebidas,81474.0,3,0.0,41.3,15.0,25500.0,270001.0
559,Tortas Personalizadas,78864.0,11,0.15,22.7,4.0,9000.0,744159.0
560,Postres Individuales,41585.0,11,0.0,10.7,11.3,19950.0,479206.0
561,Tortas Personalizadas,72696.0,3,0.05,2.4,4.9,10350.0,218421.0
562,Tortas Personalizadas,41186.0,9,0.05,2.5,11.6,20400.0,373949.0
563,Bebidas,38951.0,3,0.1,29.4,2.3,6450.0,113427.0
564,Postres Individuales,17541.0,3,0.0,16.2,5.4,11100.0,62288.0
565,Postres Individuales,39112.0,11,0.15,23.1,1.6,5400.0,370251.0
566,Postres Individuales,47993.0,14,0.0,7.2,7.6,14400.0,686903.0
567,Panaderia Artesanal,6800.0,2,0.0,43.9,10.7,19050.0,34609.0
568,Bebidas,40529.0,7,0.0,7.2,6.0,12000.0,296201.0
569,Postres Individuales,67508.0,10,0.0,20.8,9.4,17100.0,692197.0
570,Panaderia Artesanal,59404.0,10,0.0,20.8,8.8,16200.0,609263.0
571,Galletas y Brownies,55813.0,4,0.15,1.9,4.8,10200.0,198018.0
572,Galletas y Brownies,77764.0,1,0.0,30.5,7.6,14400.0,93927.0
573,Panaderia Artesanal,6443.0,6,0.15,24.9,1.5,5250.0,37583.0
574,Panaderia Artesanal,49564.0,5,0.0,23.1,7.2,13800.0,261737.0
575,Bebidas,67988.0,14,0.0,37.1,7.1,13650.0,968066.0
576,Bebidas,48307.0,11,0.0,12.0,0.9,4350.0,535225.0
577,Galletas y Brownies,30912.0,2,0.05,39.0,8.0,15000.0,73880.0
578,Postres Individuales,15900.0,6,0.05,39.1,11.2,19800.0,109769.0
579,Galletas y Brownies,76005.0,1,0.15,37.5,7.1,13650.0,76345.0
580,Postres Individuales,42661.0,3,0.05,16.4,9.9,17850.0,139977.0
581,Postres Individuales,75249.0,4,0.0,8.6,8.2,15300.0,313398.0
582,Bebidas,51868.0,13,0.0,22.2,11.9,20850.0,697350.0
583,Tortas Personalizadas,58935.0,3,0.15,12.8,8.0,15000.0,162240.0
584,Tortas Personalizadas,69341.0,13,0.15,3.8,5.3,10950.0,776799.0
585,Panaderia Artesanal,57732.0,6,0.0,13.7,12.5,21750.0,367397.0
586,Bebidas,36844.0,11,0.0,21.9,1.5,5250.0,412256.0
587,Postres Individuales,46091.0,4,0.1,6.4,4.7,10050.0,174949.0
588,Tortas Personalizadas,69244.0,14,0.1,42.6,9.1,16650.0,886784.0
589,Postres Individuales,34892.0,1,0.05,30.0,12.9,22350.0,53575.0
590,Tortas Personalizadas,36050.0,5,0.0,7.4,1.5,5250.0,182375.0
591,Tortas Personalizadas,12655.0,5,0.15,36.8,1.9,5850.0,60998.0
592,Tortas Personalizadas,78167.0,9,0.0,41.9,4.6,9900.0,716210.0
593,Bebidas,12283.0,8,0.0,12.9,5.5,11250.0,111385.0
594,Galletas y Brownies,56857.0,8,0.0,7.7,12.7,22050.0,477023.0
595,Postres Individuales,38056.0,5,0.0,15.5,14.4,24600.0,215438.0
596,Bebidas,37450.0,8,0.15,37.7,0.7,4050.0,258239.0
597,Bebidas,59364.0,14,0.05,9.1,0.7,4050.0,792811.0
598,Bebidas,10367.0,10,0.1,35.4,13.0,22500.0,116601.0
599,Bebidas,52496.0,7,0.0,32.7,2.5,6750.0,372286.0
600,Bebidas,66763.0,1,0.1,29.8,5.4,11100.0,72055.0
601,Panaderia Artesanal,71257.0,12,0.05,20.3,4.5,9750.0,822063.0
602,Postres Individuales,18642.0,7,0.0,17.5,4.6,9900.0,141439.0
603,Bebidas,76794.0,11,0.15,5.2,5.3,10950.0,729793.0
604,Postres Individuales,57492.0,8,0.0,17.0,5.4,11100.0,469253.0
605,Panaderia Artesanal,75548.0,3,0.0,27.7,9.5,17250.0,245081.0
606,Panaderia Artesanal,43822.0,9,0.0,40.6,9.6,17400.0,414141.0
607,Postres Individuales,48363.0,8,0.0,37.7,8.1,15150.0,403263.0
608,Tortas Personalizadas,78523.0,2,0.0,2.9,12.9,22350.0,178068.0
609,Galletas y Brownies,76993.0,6,0.1,7.5,12.8,22200.0,439321.0
610,Tortas Personalizadas,40853.0,4,0.0,38.4,3.6,8400.0,172529.0
611,Tortas Personalizadas,26953.0,3,0.0,42.4,8.4,15600.0,93681.0
612,Tortas Personalizadas,36454.0,11,0.05,3.9,11.9,20850.0,401488.0
613,Bebidas,36021.0,6,0.0,32.0,13.1,22650.0,240046.0
614,Panaderia Artesanal,27949.0,10,0.1,17.4,4.2,9300.0,260764.0
615,Tortas Personalizadas,26486.0,13,0.15,17.3,7.7,14550.0,308055.0
616,Panaderia Artesanal,73885.0,9,0.0,29.5,8.1,15150.0,679281.0
617,Postres Individuales,10589.0,2,0.05,36.7,10.6,18900.0,39492.0
618,Galletas y Brownies,59209.0,10,0.0,13.5,5.3,10950.0,604934.0
619,Postres Individuales,18826.0,10,0.05,32.2,4.8,10200.0,189824.0
620,Postres Individuales,32560.0,10,0.0,29.2,10.7,19050.0,345062.0
621,Bebidas,9923.0,5,0.0,24.0,6.3,12450.0,62238.0
622,Galletas y Brownies,26598.0,6,0.0,27.7,0.6,3900.0,163391.0
623,Postres Individuales,66474.0,4,0.05,2.3,14.1,24150.0,275674.0
624,Postres Individuales,75801.0,7,0.0,1.7,2.7,7050.0,537189.0
625,Galletas y Brownies,22722.0,2,0.0,25.4,2.7,7050.0,52787.0
626,Galletas y Brownies,42084.0,7,0.2,24.3,12.4,21600.0,254315.0
627,Postres Individuales,42626.0,2,0.0,4.6,5.4,11100.0,98281.0
628,Galletas y Brownies,74886.0,1,0.05,22.9,5.3,10950.0,81329.0
629,Postres Individuales,66024.0,11,0.0,34.5,9.5,17250.0,741747.0
630,Postres Individuales,46046.0,5,0.15,25.0,1.4,5100.0,203810.0
631,Bebidas,58660.0,2,0.0,24.0,3.9,8850.0,126473.0
632,Tortas Personalizadas,72788.0,8,0.0,32.7,1.3,4950.0,588884.0
633,Postres Individuales,5763.0,12,0.05,9.0,4.7,10050.0,74751.0
634,Panaderia Artesanal,37231.0,12,0.15,21.4,13.1,22650.0,404108.0
635,Tortas Personalizadas,77579.0,12,0.1,7.9,13.7,23550.0,862493.0
636,Tortas Personalizadas,64225.0,8,0.0,24.3,5.0,10500.0,523827.0
637,Tortas Personalizadas,48427.0,1,0.1,27.2,3.2,7800.0,48834.0
638,Bebidas,47372.0,4,0.1,6.8,2.5,6750.0,178868.0
639,Postres Individuales,32822.0,14,0.2,4.8,6.2,12300.0,379612.0
640,Bebidas,46642.0,9,0.15,8.8,12.5,21750.0,380328.0
641,Postres Individuales,57431.0,5,0.05,27.0,12.9,22350.0,294622.0
642,Bebidas,38469.0,12,0.1,9.7,1.2,4800.0,420154.0
643,Bebidas,62132.0,11,0.05,13.5,3.5,8250.0,658071.0
644,Panaderia Artesanal,73899.0,10,0.05,32.1,3.4,8100.0,713108.0
645,Bebidas,17375.0,13,0.0,12.3,12.5,21750.0,246417.0
646,Galletas y Brownies,41124.0,6,0.0,18.8,7.1,13650.0,259764.0
647,Panaderia Artesanal,37642.0,3,0.0,41.9,5.8,11700.0,123807.0
648,Bebidas,59997.0,5,0.2,37.4,14.4,24600.0,263642.0
649,Tortas Personalizadas,24989.0,14,0.0,12.6,13.9,23850.0,373607.0
650,Galletas y Brownies,56220.0,12,0.0,27.5,6.9,13350.0,689665.0
651,Galletas y Brownies,75199.0,13,0.0,30.5,2.4,6600.0,983629.0
652,Galletas y Brownies,38451.0,13,0.05,40.7,3.0,7500.0,485192.0
653,Panaderia Artesanal,77881.0,13,0.15,25.3,2.1,6150.0,868710.0
654,Bebidas,84453.0,1,0.05,25.9,10.4,18600.0,98669.0
655,Bebidas,13487.0,8,0.0,40.1,8.5,15750.0,122548.0
656,Tortas Personalizadas,23644.0,11,0.15,3.9,8.6,15900.0,238083.0
657,Tortas Personalizadas,81030.0,6,0.0,28.8,1.9,5850.0,494261.0
658,Galletas y Brownies,81666.0,12,0.2,19.6,12.0,21000.0,806550.0
659,Tortas Personalizadas,12817.0,2,0.0,41.1,8.3,15450.0,40056.0
660,Panaderia Artesanal,6200.0,4,0.1,43.3,1.8,5700.0,27793.0
661,Bebidas,17888.0,4,0.0,8.9,11.3,19950.0,89325.0
662,Galletas y Brownies,84681.0,9,0.15,13.7,14.7,25050.0,670884.0
663,Tortas Personalizadas,19400.0,9,0.0,13.4,6.9,13350.0,189392.0
664,Panaderia Artesanal,45204.0,5,0.0,5.9,2.2,6300.0,233208.0
665,Panaderia Artesanal,72873.0,12,0.15,22.5,2.0,6000.0,751780.0
666,Tortas Personalizadas,6632.0,3,0.0,23.8,0.9,4350.0,22480.0
667,Bebidas,53359.0,1,0.1,26.4,11.7,20550.0,70608.0
668,Tortas Personalizadas,27162.0,6,0.1,30.3,10.6,18900.0,167537.0
669,Galletas y Brownies,73987.0,8,0.05,4.2,9.0,16500.0,581920.0
670,Tortas Personalizadas,27677.0,1,0.0,28.6,11.6,20400.0,49388.0
671,Panaderia Artesanal,59940.0,11,0.15,41.3,15.0,25500.0,582090.0
672,Tortas Personalizadas,58938.0,1,0.15,21.3,6.3,12450.0,63382.0
673,Bebidas,22719.0,11,0.0,6.1,10.7,19050.0,266175.0
674,Postres Individuales,7784.0,7,0.0,5.2,6.0,12000.0,63211.0
675,Tortas Personalizadas,37740.0,7,0.0,13.8,5.6,11400.0,275994.0
676,Bebidas,28135.0,2,0.0,34.2,12.8,22200.0,79669.0
677,Bebidas,69718.0,3,0.05,12.9,8.8,16200.0,212331.0
678,Panaderia Artesanal,69029.0,2,0.15,36.9,2.2,6300.0,120378.0
679,Bebidas,41562.0,6,0.1,37.2,6.4,12600.0,236390.0
680,Bebidas,53521.0,13,0.1,21.4,12.1,21150.0,648131.0
681,Bebidas,53341.0,13,0.0,14.6,14.1,24150.0,717560.0
682,Bebidas,71173.0,8,0.0,27.5,9.4,17100.0,585974.0
683,Galletas y Brownies,39000.0,8,0.1,36.8,6.2,12300.0,291290.0
684,Galletas y Brownies,27036.0,1,0.1,4.3,4.2,9300.0,33122.0
685,Panaderia Artesanal,26203.0,11,0.05,43.0,6.6,12900.0,288221.0
686,Tortas Personalizadas,47895.0,9,0.0,29.6,8.7,16050.0,447382.0
687,Bebidas,40932.0,11,0.05,18.8,0.6,3900.0,432133.0
688,Tortas Personalizadas,40210.0,8,0.0,23.5,4.4,9600.0,333946.0
689,Tortas Personalizadas,12291.0,9,0.0,18.3,10.2,18300.0,131897.0
690,Panaderia Artesanal,62488.0,13,0.05,19.4,10.3,18450.0,793012.0
691,Bebidas,22099.0,14,0.0,27.4,10.0,18000.0,331392.0
692,Bebidas,20756.0,13,0.15,4.1,14.3,24450.0,252517.0
693,Postres Individuales,38021.0,9,0.0,9.1,8.7,16050.0,356449.0
694,Tortas Personalizadas,23222.0,11,0.05,11.4,4.4,9600.0,253088.0
695,Tortas Personalizadas,51709.0,12,0.1,19.2,12.3,21450.0,579513.0
696,Galletas y Brownies,34717.0,6,0.0,17.6,6.1,12150.0,220507.0
697,Postres Individuales,40913.0,3,0.1,32.9,4.0,9000.0,116386.0
698,Galletas y Brownies,47974.0,1,0.1,12.8,8.6,15900.0,59569.0
699,Galletas y Brownies,21283.0,11,0.15,4.0,4.7,10050.0,208429.0
700,Galletas y Brownies,17460.0,8,0.0,3.9,6.2,12300.0,151404.0
701,Panaderia Artesanal,75434.0,10,0.0,2.0,10.6,18900.0,773023.0
702,Panaderia Artesanal,39698.0,3,0.0,3.2,14.9,25350.0,142050.0
703,Galletas y Brownies,37967.0,13,0.1,38.9,9.8,17700.0,460989.0
704,Postres Individuales,7849.0,7,0.0,31.8,4.5,9750.0,66911.0
705,Tortas Personalizadas,44838.0,13,0.0,44.8,1.8,5700.0,589093.0
706,Postres Individuales,49334.0,10,0.0,2.4,5.7,11550.0,507059.0
707,Bebidas,49707.0,6,0.0,38.4,0.8,4200.0,300665.0
708,Panaderia Artesanal,61562.0,3,0.1,31.8,7.2,13800.0,180396.0
709,Tortas Personalizadas,19199.0,6,0.0,29.4,10.1,18150.0,131734.0
710,Tortas Personalizadas,25178.0,12,0.0,17.0,7.9,14850.0,320172.0
711,Bebidas,69858.0,3,0.0,17.9,13.0,22500.0,230397.0
712,Bebidas,80774.0,13,0.1,38.3,7.7,14550.0,961134.0
713,Galletas y Brownies,15875.0,13,0.15,32.5,7.2,13800.0,188611.0
714,Panaderia Artesanal,44812.0,14,0.05,30.7,5.0,10500.0,608259.0
715,Panaderia Artesanal,22134.0,9,0.0,2.8,12.6,21900.0,219100.0
716,Postres Individuales,9806.0,13,0.0,9.5,13.6,23400.0,150112.0
717,Galletas y Brownies,31040.0,1,0.0,43.4,14.7,25050.0,57053.0
718,Galletas y Brownies,16495.0,13,0.05,21.3,14.7,25050.0,228642.0
719,Galletas y Brownies,61795.0,8,0.0,35.5,14.7,25050.0,519672.0
720,Galletas y Brownies,47698.0,5,0.15,18.4,10.8,19200.0,221296.0
721,Panaderia Artesanal,16507.0,4,0.15,34.7,8.7,16050.0,71881.0
722,Panaderia Artesanal,5739.0,1,0.0,6.7,3.0,7500.0,12869.0
723,Galletas y Brownies,69653.0,9,0.0,3.3,11.6,20400.0,646151.0
724,Postres Individuales,19096.0,13,0.0,21.8,11.2,19800.0,271091.0
725,Tortas Personalizadas,53497.0,9,0.0,27.2,12.7,22050.0,505987.0
726,Tortas Personalizadas,31954.0,13,0.05,15.6,7.2,13800.0,410595.0
727,Postres Individuales,51839.0,5,0.1,32.6,13.4,23100.0,257457.0
728,Galletas y Brownies,30252.0,14,0.0,23.1,10.9,19350.0,444405.0
729,Panaderia Artesanal,11955.0,11,0.1,41.9,3.0,7500.0,124841.0
730,Tortas Personalizadas,22836.0,9,0.05,5.2,3.5,8250.0,201892.0
731,Bebidas,20045.0,10,0.2,4.4,12.3,21450.0,183749.0
732,Bebidas,39242.0,14,0.05,40.9,6.7,13050.0,535714.0
733,Postres Individuales,57663.0,9,0.1,30.6,4.1,9150.0,478178.0
734,Galletas y Brownies,26104.0,7,0.0,30.7,6.6,12900.0,196320.0
735,Tortas Personalizadas,5966.0,8,0.1,2.7,2.8,7200.0,49095.0
736,Galletas y Brownies,46515.0,1,0.0,42.3,13.4,23100.0,67911.0
737,Tortas Personalizadas,53461.0,4,0.05,35.1,1.5,5250.0,209315.0
738,Postres Individuales,82030.0,10,0.0,34.7,5.6,11400.0,833008.0
739,Postres Individuales,52158.0,10,0.0,41.2,8.6,15900.0,538402.0
740,Bebidas,42694.0,4,0.0,26.6,13.2,22800.0,192160.0
741,Galletas y Brownies,50872.0,12,0.0,18.7,11.8,20700.0,631586.0
742,Bebidas,79232.0,9,0.0,22.4,0.8,4200.0,717781.0
743,Galletas y Brownies,71270.0,3,0.2,35.3,12.5,21750.0,191869.0
744,Bebidas,30838.0,12,0.0,34.9,9.8,17700.0,389854.0
745,Panaderia Artesanal,23980.0,10,0.1,28.0,2.4,6600.0,222283.0
746,Panaderia Artesanal,26011.0,10,0.0,11.0,9.5,17250.0,279729.0
747,Panaderia Artesanal,45354.0,1,0.0,37.1,12.4,21600.0,67627.0
748,Panaderia Artesanal,64524.0,11,0.0,29.7,9.2,16800.0,726426.0
749,Tortas Personalizadas,45258.0,5,0.0,11.1,15.0,25500.0,252070.0
750,Panaderia Artesanal,10424.0,7,0.0,22.4,7.9,14850.0,84787.0
751,Postres Individuales,62886.0,12,0.0,44.9,10.3,18450.0,773162.0
752,Postres Individuales,69478.0,4,0.0,15.8,1.5,5250.0,279750.0
753,Tortas Personalizadas,28160.0,9,0.15,6.6,12.3,21450.0,236182.0
754,Panaderia Artesanal,58130.0,6,0.0,2.4,9.5,17250.0,366725.0
755,Panaderia Artesanal,39127.0,6,0.1,9.5,8.6,15900.0,226683.0
756,Panaderia Artesanal,76130.0,3,0.2,9.6,10.8,19200.0,204282.0
757,Bebidas,72618.0,10,0.05,38.8,8.6,15900.0,705889.0
758,Galletas y Brownies,47035.0,10,0.15,8.3,11.6,20400.0,421288.0
759,Bebidas,60320.0,5,0.0,39.0,9.0,16500.0,318024.0
760,Galletas y Brownies,75668.0,10,0.1,5.3,8.0,15000.0,696676.0
761,Panaderia Artesanal,44657.0,6,0.0,40.9,2.5,6750.0,274346.0
762,Panaderia Artesanal,30060.0,14,0.0,12.7,7.3,13950.0,435844.0
763,Bebidas,65293.0,4,0.05,28.1,8.3,15450.0,265431.0
764,Bebidas,22605.0,13,0.15,8.4,9.6,17400.0,267489.0
765,Galletas y Brownies,36082.0,3,0.15,18.5,7.1,13650.0,107847.0
766,Postres Individuales,74258.0,5,0.0,5.2,2.6,6900.0,377898.0
767,Galletas y Brownies,62954.0,7,0.0,26.7,2.7,7050.0,449782.0
768,Bebidas,37305.0,11,0.1,16.5,11.0,19500.0,390105.0
769,Bebidas,22180.0,6,0.1,38.6,10.1,18150.0,137690.0
770,Tortas Personalizadas,33477.0,2,0.0,9.4,4.3,9450.0,77573.0
771,Bebidas,27728.0,1,0.0,13.7,7.0,13500.0,42359.0
772,Tortas Personalizadas,19087.0,5,0.1,9.2,5.0,10500.0,97832.0
773,Postres Individuales,64467.0,5,0.1,26.0,3.1,7650.0,294685.0
774,Galletas y Brownies,25166.0,12,0.0,6.4,5.2,10800.0,311218.0
775,Galletas y Brownies,41333.0,12,0.1,9.7,4.3,9450.0,455498.0
776,Tortas Personalizadas,35869.0,6,0.05,31.0,1.7,5550.0,210454.0
777,Galletas y Brownies,83566.0,3,0.15,4.7,7.8,14700.0,228763.0
778,Bebidas,36287.0,1,0.05,33.8,7.0,13500.0,47393.0
779,Panaderia Artesanal,11399.0,4,0.0,6.0,10.9,19350.0,66204.0
780,Tortas Personalizadas,12186.0,4,0.15,27.0,9.5,17250.0,55524.0
781,Galletas y Brownies,52260.0,10,0.0,44.9,5.5,11250.0,531814.0
782,Tortas Personalizadas,52949.0,2,0.15,9.1,7.7,14550.0,103821.0
783,Tortas Personalizadas,38501.0,14,0.05,12.9,8.3,15450.0,530663.0
784,Panaderia Artesanal,39547.0,8,0.15,40.6,13.8,23700.0,294010.0
785,Bebidas,9315.0,6,0.0,28.7,14.7,25050.0,80371.0
786,Tortas Personalizadas,46324.0,12,0.05,22.9,12.3,21450.0,552082.0
787,Galletas y Brownies,45379.0,3,0.1,26.0,8.7,16050.0,137123.0
788,Postres Individuales,16964.0,1,0.1,14.4,14.0,24000.0,38183.0
789,Tortas Personalizadas,13307.0,12,0.0,38.7,3.1,7650.0,167758.0
790,Tortas Personalizadas,14886.0,11,0.0,33.9,10.6,18900.0,182829.0
791,Panaderia Artesanal,13082.0,3,0.05,29.4,7.2,13800.0,51710.0
792,Bebidas,53777.0,8,0.0,42.0,2.6,6900.0,436597.0
793,Postres Individuales,20719.0,4,0.1,26.6,1.6,5400.0,81032.0
794,Galletas y Brownies,25114.0,3,0.0,23.8,7.5,14250.0,89793.0
795,Postres Individuales,18886.0,13,0.15,43.9,4.0,9000.0,219534.0
796,Galletas y Brownies,81627.0,11,0.0,10.5,4.1,9150.0,908273.0
797,Bebidas,73369.0,4,0.0,7.7,5.1,10650.0,303143.0
798,Galletas y Brownies,23440.0,11,0.0,8.6,10.9,19350.0,275428.0
799,Panaderia Artesanal,31205.0,4,0.05,44.5,2.9,7350.0,127544.0
800,Panaderia Artesanal,21791.0,2,0.05,29.9,10.9,19350.0,59108.0
801,Panaderia Artesanal,44350.0,4,0.05,14.8,11.8,20700.0,190823.0
802,Panaderia Artesanal,6569.0,11,0.1,12.3,9.1,16650.0,81290.0
803,Postres Individuales,58709.0,12,0.0,4.0,4.1,9150.0,714602.0
804,Bebidas,46853.0,9,0.2,7.2,1.2,4800.0,341224.0
805,Galletas y Brownies,76891.0,4,0.15,41.0,6.4,12600.0,274738.0
806,Galletas y Brownies,18151.0,12,0.0,34.0,12.8,22200.0,241748.0
807,Panaderia Artesanal,69329.0,1,0.15,42.5,2.0,6000.0,64276.0
808,Panaderia Artesanal,68357.0,1,0.05,19.9,11.3,19950.0,83562.0
809,Tortas Personalizadas,15174.0,1,0.05,27.7,7.3,13950.0,27176.0
810,Bebidas,36885.0,14,0.05,22.5,13.5,23250.0,510301.0
811,Postres Individuales,18612.0,5,0.1,39.8,5.7,11550.0,94042.0
812,Galletas y Brownies,25378.0,6,0.2,44.6,10.7,19050.0,142712.0
813,Tortas Personalizadas,26060.0,12,0.05,42.1,11.2,19800.0,314342.0
814,Tortas Personalizadas,49499.0,6,0.0,27.5,3.4,8100.0,304302.0
815,Galletas y Brownies,37913.0,6,0.05,4.2,2.8,7200.0,223525.0
816,Postres Individuales,80819.0,9,0.0,28.4,1.8,5700.0,733257.0
817,Tortas Personalizadas,15110.0,1,0.05,5.7,10.7,19050.0,32160.0
818,Tortas Personalizadas,82895.0,10,0.1,7.5,8.4,15600.0,763628.0
819,Bebidas,23451.0,6,0.0,9.8,1.8,5700.0,147549.0
820,Postres Individuales,66830.0,13,0.0,17.3,5.0,10500.0,877845.0
821,Tortas Personalizadas,32118.0,8,0.05,27.2,2.6,6900.0,250779.0
822,Postres Individuales,16447.0,8,0.0,16.0,1.8,5700.0,136389.0
823,Galletas y Brownies,73631.0,12,0.0,21.2,4.8,10200.0,894502.0
824,Panaderia Artesanal,29709.0,3,0.05,3.6,1.9,5850.0,92741.0
825,Tortas Personalizadas,57708.0,13,0.2,28.5,4.3,9450.0,610368.0
826,Bebidas,50315.0,5,0.1,30.1,8.5,15750.0,244587.0
827,Galletas y Brownies,42741.0,10,0.0,5.8,8.6,15900.0,443154.0
828,Postres Individuales,44666.0,4,0.05,35.7,2.9,7350.0,174666.0
829,Galletas y Brownies,63579.0,12,0.0,29.7,3.3,7950.0,769814.0
830,Tortas Personalizadas,12022.0,1,0.1,22.8,12.9,22350.0,34268.0
831,Postres Individuales,58454.0,9,0.05,25.5,2.9,7350.0,507028.0
832,Panaderia Artesanal,76665.0,5,0.2,23.4,1.2,4800.0,311635.0
833,Galletas y Brownies,9623.0,2,0.2,3.8,4.0,9000.0,23737.0
834,Tortas Personalizadas,16252.0,12,0.0,33.5,8.9,16350.0,210550.0
835,Bebidas,62331.0,2,0.2,23.8,0.6,3900.0,105359.0
836,Postres Individuales,39983.0,11,0.2,9.0,14.8,25200.0,379848.0
837,Galletas y Brownies,37284.0,7,0.05,31.1,3.8,8700.0,255932.0
838,Galletas y Brownies,15957.0,4,0.0,31.7,4.0,9000.0,71884.0
839,Panaderia Artesanal,45542.0,1,0.1,10.8,11.2,19800.0,62083.0
840,Panaderia Artesanal,15124.0,5,0.0,36.1,4.1,9150.0,87117.0
841,Bebidas,43130.0,2,0.05,21.4,6.2,12300.0,95912.0
842,Bebidas,66089.0,7,0.0,9.4,8.4,15600.0,481141.0
843,Tortas Personalizadas,25661.0,9,0.05,30.1,0.8,4200.0,225350.0
844,Tortas Personalizadas,43463.0,13,0.2,27.5,12.6,21900.0,475154.0
845,Bebidas,84361.0,1,0.0,8.9,7.9,14850.0,101116.0
846,Bebidas,59932.0,12,0.1,39.4,5.0,10500.0,658458.0
847,Postres Individuales,72309.0,2,0.0,38.7,6.3,12450.0,157280.0
848,Panaderia Artesanal,38188.0,11,0.1,37.9,1.3,4950.0,383905.0
849,Tortas Personalizadas,66429.0,6,0.05,18.9,10.9,19350.0,398816.0
850,Panaderia Artesanal,8241.0,8,0.0,37.4,8.3,15450.0,80410.0
851,Panaderia Artesanal,14833.0,7,0.05,38.2,13.8,23700.0,123167.0
852,Bebidas,21246.0,9,0.15,44.8,7.2,13800.0,176620.0
853,Postres Individuales,37156.0,14,0.0,43.2,12.5,21750.0,542714.0
854,Galletas y Brownies,72660.0,2,0.1,18.2,3.2,7800.0,138675.0
855,Postres Individuales,32701.0,12,0.05,10.1,1.3,4950.0,378396.0
856,Postres Individuales,57370.0,9,0.0,14.2,14.3,24450.0,541288.0
857,Panaderia Artesanal,61745.0,4,0.15,23.0,4.2,9300.0,217603.0
858,Postres Individuales,51895.0,11,0.05,36.5,12.6,21900.0,563179.0
859,Tortas Personalizadas,33579.0,3,0.0,32.9,4.2,9300.0,107859.0
860,Panaderia Artesanal,51164.0,7,0.0,35.8,2.8,7200.0,367498.0
861,Tortas Personalizadas,32381.0,5,0.0,18.0,11.1,19650.0,181550.0
862,Galletas y Brownies,11710.0,13,0.1,12.2,11.8,20700.0,158214.0
863,Panaderia Artesanal,84424.0,5,0.05,2.5,12.7,22050.0,423059.0
864,Galletas y Brownies,15175.0,12,0.1,28.7,13.0,22500.0,184891.0
865,Panaderia Artesanal,10788.0,13,0.1,36.1,7.5,14250.0,140219.0
866,Bebidas,75282.0,2,0.0,40.2,6.3,12450.0,163032.0
867,Postres Individuales,29147.0,6,0.05,22.2,11.4,20100.0,183605.0
868,Bebidas,57024.0,6,0.2,41.9,8.8,16200.0,290688.0
869,Galletas y Brownies,31320.0,12,0.2,10.3,14.5,24750.0,325954.0
870,Postres Individuales,36316.0,4,0.0,23.9,5.9,11850.0,156601.0
871,Panaderia Artesanal,25969.0,5,0.05,10.8,1.1,4650.0,130201.0
872,Postres Individuales,32444.0,7,0.0,9.7,9.0,16500.0,244199.0
873,Tortas Personalizadas,37856.0,14,0.0,43.0,5.6,11400.0,542740.0
874,Postres Individuales,62633.0,8,0.1,37.1,5.5,11250.0,462799.0
875,Tortas Personalizadas,45923.0,6,0.0,2.0,8.7,16050.0,292200.0
876,Postres Individuales,80485.0,5,0.0,13.2,13.9,23850.0,423030.0
877,Tortas Personalizadas,8350.0,12,0.1,10.4,4.4,9600.0,98996.0
878,Galletas y Brownies,45245.0,3,0.15,7.9,6.0,12000.0,127225.0
879,Bebidas,51738.0,7,0.15,31.8,13.4,23100.0,329295.0
880,Panaderia Artesanal,78616.0,8,0.05,26.2,13.5,23250.0,620362.0
881,Postres Individuales,8933.0,3,0.0,21.2,3.9,8850.0,37028.0
882,Bebidas,50880.0,5,0.0,9.7,10.7,19050.0,273467.0
883,Panaderia Artesanal,73290.0,11,0.1,13.6,6.5,12750.0,736351.0
884,Panaderia Artesanal,24354.0,2,0.15,17.0,14.1,24150.0,66276.0
885,Tortas Personalizadas,75103.0,10,0.15,35.7,11.1,19650.0,655136.0
886,Galletas y Brownies,6523.0,10,0.1,44.5,7.7,14550.0,74145.0
887,Galletas y Brownies,63596.0,12,0.0,9.5,12.4,21600.0,783969.0
888,Bebidas,79649.0,4,0.0,16.4,15.0,25500.0,346945.0
889,Galletas y Brownies,57576.0,12,0.0,13.7,7.0,13500.0,702237.0
890,Postres Individuales,40122.0,4,0.15,3.4,5.9,11850.0,148215.0
891,Galletas y Brownies,8590.0,12,0.0,11.0,9.3,16950.0,118366.0
892,Bebidas,78609.0,13,0.05,40.7,10.4,18600.0,988858.0
893,Galletas y Brownies,42624.0,8,0.0,38.2,10.7,19050.0,363296.0
894,Postres Individuales,7320.0,3,0.05,8.8,7.4,14100.0,34370.0
895,Tortas Personalizadas,60186.0,5,0.1,17.4,5.3,10950.0,279989.0
896,Bebidas,43547.0,11,0.05,15.0,12.4,21600.0,477609.0
897,Tortas Personalizadas,14948.0,5,0.1,7.9,14.4,24600.0,91330.0
898,Tortas Personalizadas,22142.0,2,0.05,28.6,13.0,22500.0,64029.0
899,Tortas Personalizadas,10159.0,9,0.0,25.7,10.4,18600.0,109519.0
900,Panaderia Artesanal,50943.0,4,0.0,20.1,5.7,11550.0,214817.0
901,Panaderia Artesanal,54762.0,9,0.2,38.7,9.5,17250.0,413275.0
902,Tortas Personalizadas,45459.0,9,0.0,28.5,2.0,6000.0,412784.0
903,Bebidas,70368.0,2,0.0,12.8,8.2,15300.0,156134.0
904,Postres Individuales,73881.0,9,0.0,17.8,11.8,20700.0,686026.0
905,Postres Individuales,54250.0,9,0.0,8.0,4.1,9150.0,497633.0
906,Galletas y Brownies,6021.0,2,0.0,27.2,7.8,14700.0,25066.0
907,Bebidas,60618.0,11,0.05,27.0,1.6,5400.0,637318.0
908,Panaderia Artesanal,38440.0,13,0.2,39.4,12.7,22050.0,421347.0
909,Tortas Personalizadas,50245.0,6,0.1,38.7,5.6,11400.0,281222.0
910,Galletas y Brownies,56926.0,9,0.0,37.9,8.9,16350.0,529152.0
911,Postres Individuales,33019.0,4,0.1,25.4,6.0,12000.0,132638.0
912,Panaderia Artesanal,78368.0,2,0.1,29.9,9.2,16800.0,157953.0
913,Panaderia Artesanal,15718.0,7,0.15,35.2,11.3,19950.0,113004.0
914,Tortas Personalizadas,58721.0,9,0.0,5.5,5.2,10800.0,536084.0
915,Postres Individuales,5349.0,6,0.0,14.6,8.0,15000.0,47538.0
916,Bebidas,78972.0,11,0.1,8.9,12.0,21000.0,801634.0
917,Panaderia Artesanal,14000.0,11,0.1,23.7,10.5,18750.0,156856.0
918,Tortas Personalizadas,12591.0,14,0.05,37.9,1.3,4950.0,171304.0
919,Bebidas,31641.0,4,0.0,11.5,8.7,16050.0,142291.0
920,Postres Individuales,34885.0,1,0.05,33.3,6.0,12000.0,45455.0
921,Panaderia Artesanal,22144.0,4,0.0,19.2,10.8,19200.0,108381.0
922,Bebidas,51810.0,3,0.0,40.8,0.7,4050.0,161056.0
923,Bebidas,40433.0,7,0.0,28.8,5.3,10950.0,293672.0
924,Bebidas,7734.0,11,0.0,44.0,1.8,5700.0,90440.0
925,Panaderia Artesanal,30572.0,13,0.0,12.2,13.8,23700.0,422989.0
926,Panaderia Artesanal,69835.0,11,0.0,41.7,13.2,22800.0,792305.0
927,Galletas y Brownies,60176.0,10,0.0,17.0,14.5,24750.0,628445.0
928,Postres Individuales,62990.0,5,0.0,28.6,9.8,17700.0,334058.0
929,Tortas Personalizadas,60849.0,12,0.0,9.1,12.2,21300.0,755141.0
930,Bebidas,29878.0,3,0.0,34.6,9.4,17100.0,107851.0
931,Galletas y Brownies,12973.0,14,0.0,44.1,7.6,14400.0,194423.0
932,Tortas Personalizadas,26797.0,2,0.0,35.8,12.6,21900.0,76610.0
933,Galletas y Brownies,71543.0,13,0.0,28.3,11.8,20700.0,951316.0
934,Panaderia Artesanal,83438.0,2,0.0,21.0,11.1,19650.0,185970.0
935,Bebidas,44508.0,5,0.0,16.5,13.5,23250.0,245079.0
936,Tortas Personalizadas,5776.0,13,0.1,19.7,14.0,24000.0,91321.0
937,Tortas Personalizadas,16204.0,13,0.05,15.8,7.0,13500.0,210411.0
938,Tortas Personalizadas,30766.0,8,0.15,37.7,4.6,9900.0,215289.0
939,Tortas Personalizadas,51287.0,8,0.05,40.4,7.9,14850.0,404752.0
940,Tortas Personalizadas,11007.0,14,0.15,42.8,1.8,5700.0,135940.0
941,Galletas y Brownies,80469.0,12,0.0,19.7,14.1,24150.0,988951.0
942,Bebidas,34207.0,5,0.05,25.3,14.8,25200.0,187164.0
943,Panaderia Artesanal,78007.0,13,0.05,26.6,10.0,18000.0,979082.0
944,Panaderia Artesanal,67442.0,2,0.15,29.8,11.3,19950.0,135712.0
945,Panaderia Artesanal,65435.0,13,0.0,1.6,5.2,10800.0,861005.0
946,Panaderia Artesanal,53538.0,4,0.15,38.2,13.1,22650.0,204736.0
947,Galletas y Brownies,55143.0,7,0.05,13.2,13.6,23400.0,391511.0
948,Postres Individuales,56040.0,14,0.1,22.0,1.6,5400.0,710988.0
949,Bebidas,55298.0,6,0.15,38.1,2.4,6600.0,289954.0
950,Tortas Personalizadas,49298.0,10,0.2,44.9,4.3,9450.0,404379.0
951,Postres Individuales,83913.0,7,0.1,36.1,10.7,19050.0,549027.0
952,Panaderia Artesanal,63583.0,5,0.0,2.6,3.2,7800.0,327165.0
953,Postres Individuales,67156.0,2,0.0,17.5,3.7,8550.0,143631.0
954,Bebidas,74797.0,8,0.0,12.3,6.0,12000.0,610242.0
955,Tortas Personalizadas,22251.0,14,0.0,43.4,9.4,17100.0,329361.0
956,Tortas Personalizadas,11704.0,12,0.0,13.0,14.7,25050.0,163930.0
957,Bebidas,43632.0,2,0.05,42.5,11.9,20850.0,104318.0
958,Bebidas,46126.0,12,0.1,42.3,8.6,15900.0,515256.0
959,Panaderia Artesanal,71335.0,8,0.0,38.0,1.2,4800.0,574046.0
960,Tortas Personalizadas,40503.0,7,0.05,5.8,8.0,15000.0,286274.0
961,Postres Individuales,50668.0,3,0.0,1.6,3.5,8250.0,160163.0
962,Galletas y Brownies,47166.0,13,0.15,36.0,4.9,10350.0,532110.0
963,Galletas y Brownies,8056.0,4,0.0,38.2,4.1,9150.0,39570.0
964,Bebidas,54217.0,13,0.05,43.4,5.5,11250.0,677498.0
965,Panaderia Artesanal,71243.0,7,0.2,11.0,1.4,5100.0,405881.0
966,Galletas y Brownies,17600.0,4,0.0,33.4,8.9,16350.0,86545.0
967,Tortas Personalizadas,52547.0,9,0.1,24.1,1.2,4800.0,431913.0
968,Bebidas,52489.0,7,0.15,15.8,10.1,18150.0,330191.0
969,Postres Individuales,18135.0,1,0.0,27.9,11.1,19650.0,36478.0
970,Bebidas,14877.0,1,0.2,25.3,7.5,14250.0,28749.0
971,Postres Individuales,83404.0,4,0.1,14.2,11.8,20700.0,320844.0
972,Bebidas,36498.0,14,0.0,13.2,14.5,24750.0,535893.0
973,Bebidas,23194.0,14,0.0,22.7,5.4,11100.0,335555.0
974,Bebidas,18706.0,13,0.05,22.1,9.5,17250.0,246128.0
975,Postres Individuales,58408.0,9,0.15,14.6,5.2,10800.0,458433.0
976,Postres Individuales,53756.0,13,0.0,13.0,6.9,13350.0,712810.0
977,Bebidas,56484.0,4,0.1,43.0,0.8,4200.0,208884.0
978,Galletas y Brownies,12040.0,13,0.0,39.0,1.6,5400.0,160702.0
979,Panaderia Artesanal,76483.0,5,0.1,37.0,12.1,21150.0,362957.0
980,Panaderia Artesanal,36141.0,1,0.05,10.8,2.5,6750.0,41942.0
981,Panaderia Artesanal,30070.0,14,0.05,9.7,10.6,18900.0,420791.0
982,Postres Individuales,41989.0,2,0.05,36.7,10.8,19200.0,96568.0
983,Postres Individuales,36205.0,11,0.15,9.5,14.9,25350.0,361773.0
984,Galletas y Brownies,74086.0,4,0.0,23.4,10.6,18900.0,314418.0
985,Panaderia Artesanal,79341.0,12,0.1,11.1,2.4,6600.0,861243.0
986,Panaderia Artesanal,29276.0,4,0.0,17.9,9.6,17400.0,133915.0
987,Bebidas,74115.0,11,0.1,38.6,8.1,15150.0,749455.0
988,Postres Individuales,67522.0,10,0.1,40.3,13.8,23700.0,632493.0
989,Panaderia Artesanal,79465.0,6,0.0,44.9,10.5,18750.0,496350.0
990,Galletas y Brownies,24660.0,13,0.1,42.6,8.0,15000.0,303297.0
991,Galletas y Brownies,51157.0,6,0.05,30.7,9.6,17400.0,310914.0
992,Panaderia Artesanal,26964.0,8,0.15,20.3,6.9,13350.0,193844.0
993,Postres Individuales,70928.0,12,0.0,4.0,7.9,14850.0,864402.0
994,Galletas y Brownies,5426.0,13,0.0,28.0,11.0,19500.0,90088.0
995,Bebidas,50186.0,9,0.1,10.7,1.6,5400.0,410754.0
996,Galletas y Brownies,32136.0,14,0.1,38.5,9.4,17100.0,421806.0
997,Tortas Personalizadas,30815.0,1,0.0,25.4,1.8,5700.0,37237.0
998,Tortas Personalizadas,56593.0,1,0.2,33.4,12.9,22350.0,66797.0
999,Postres Individuales,73119.0,6,0.05,30.8,14.2,24300.0,440257.0
1000,Panaderia Artesanal,53736.0,4,0.2,16.6,11.8,20700.0,192261.0
1001,Postres Individuales,73254.0,11,0.05,34.5,10.9,19350.0,786168.0
1002,Postres Individuales,26168.0,4,0.0,38.2,14.2,24300.0,129923.0
1003,Postres Individuales,46560.0,1,0.0,33.9,3.7,8550.0,56317.0
1004,Postres Individuales,41043.0,9,0.2,35.3,3.8,8700.0,304436.0
1005,Bebidas,5932.0,12,0.0,17.2,7.5,14250.0,85698.0
1006,Bebidas,49545.0,11,0.2,42.6,0.6,3900.0,441643.0
1007,Galletas y Brownies,57922.0,3,0.1,20.0,14.5,24750.0,179854.0
1008,Tortas Personalizadas,52353.0,5,0.0,40.5,1.0,4500.0,268049.0
1009,Postres Individuales,63902.0,10,0.05,38.8,9.1,16650.0,623977.0
1010,Galletas y Brownies,50707.0,1,0.05,6.9,5.6,11400.0,59645.0
1011,Tortas Personalizadas,10340.0,8,0.05,43.5,2.0,6000.0,83824.0
1012,Panaderia Artesanal,14316.0,3,0.0,44.8,0.9,4350.0,49114.0
1013,Bebidas,52718.0,14,0.15,27.9,4.3,9450.0,638060.0
1014,Tortas Personalizadas,26998.0,1,0.05,35.6,2.0,6000.0,29618.0
1015,Panaderia Artesanal,11372.0,10,0.15,42.1,14.1,24150.0,121299.0
1016,Tortas Personalizadas,39368.0,6,0.05,2.4,4.0,9000.0,232313.0
1017,Bebidas,49346.0,1,0.0,42.0,1.9,5850.0,54794.0
1018,Bebidas,31300.0,3,0.05,28.8,11.7,20550.0,107490.0
1019,Galletas y Brownies,62635.0,5,0.1,37.5,6.5,12750.0,294842.0
1020,Postres Individuales,56502.0,4,0.0,25.0,12.7,22050.0,248368.0
1021,Tortas Personalizadas,31625.0,7,0.2,24.6,12.7,22050.0,199556.0
1022,Tortas Personalizadas,65390.0,6,0.0,40.5,14.9,25350.0,417082.0
1023,Panaderia Artesanal,56896.0,12,0.2,23.6,12.2,21300.0,567087.0
1024,Bebidas,55996.0,3,0.15,22.0,3.6,8400.0,148367.0
1025,Tortas Personalizadas,49274.0,11,0.1,28.0,9.0,16500.0,505756.0
1026,Bebidas,5911.0,8,0.0,24.1,8.1,15150.0,59778.0
1027,Tortas Personalizadas,60721.0,8,0.05,20.9,7.9,14850.0,476927.0
1028,Galletas y Brownies,35083.0,14,0.1,9.4,4.8,10200.0,451907.0
1029,Postres Individuales,80409.0,2,0.05,18.8,3.5,8250.0,161887.0
1030,Tortas Personalizadas,70439.0,7,0.1,13.8,10.9,19350.0,463343.0
1031,Bebidas,52016.0,14,0.1,18.9,2.0,6000.0,659925.0
1032,Galletas y Brownies,25175.0,1,0.05,27.3,1.2,4800.0,29564.0
1033,Tortas Personalizadas,21297.0,2,0.05,28.0,6.0,12000.0,52399.0
1034,Panaderia Artesanal,32231.0,8,0.0,11.9,11.3,19950.0,277456.0
1035,Postres Individuales,43125.0,12,0.0,5.2,13.1,22650.0,540493.0
1036,Tortas Personalizadas,28685.0,1,0.15,33.9,8.3,15450.0,41565.0
1037,Galletas y Brownies,46194.0,2,0.1,24.5,12.7,22050.0,104664.0
1038,Panaderia Artesanal,18230.0,12,0.0,20.7,0.9,4350.0,223671.0
1039,Galletas y Brownies,83217.0,1,0.15,7.1,7.1,13650.0,84702.0
1040,Galletas y Brownies,13634.0,5,0.0,19.5,2.4,6600.0,74130.0
1041,Panaderia Artesanal,79556.0,7,0.0,37.1,8.9,16350.0,572363.0
1042,Galletas y Brownies,78086.0,6,0.0,26.8,13.9,23850.0,490852.0
1043,Panaderia Artesanal,47029.0,6,0.2,5.5,0.6,3900.0,230393.0
1044,Tortas Personalizadas,62993.0,6,0.2,16.0,10.2,18300.0,319774.0
1045,Panaderia Artesanal,39884.0,8,0.05,44.1,12.0,21000.0,322218.0
1046,Panaderia Artesanal,55403.0,5,0.0,25.2,11.3,19950.0,296878.0
1047,Postres Individuales,32246.0,10,0.05,14.0,0.8,4200.0,312006.0
1048,Panaderia Artesanal,29093.0,7,0.1,41.2,3.0,7500.0,192536.0
1049,Panaderia Artesanal,51258.0,3,0.0,16.1,1.9,5850.0,155344.0
1050,Tortas Personalizadas,44850.0,9,0.0,33.3,1.7,5550.0,409385.0
1051,Postres Individuales,51363.0,10,0.1,7.9,11.1,19650.0,482706.0
1052,Bebidas,27933.0,3,0.0,8.3,6.7,13050.0,97564.0
1053,Tortas Personalizadas,34357.0,14,0.0,25.9,11.0,19500.0,500371.0
1054,Tortas Personalizadas,11712.0,14,0.05,11.9,5.7,11550.0,169729.0
1055,Bebidas,9182.0,6,0.1,3.6,2.2,6300.0,57772.0
1056,Panaderia Artesanal,25277.0,3,0.2,41.8,10.9,19350.0,79881.0
1057,Galletas y Brownies,10940.0,1,0.0,3.9,9.6,17400.0,27717.0
1058,Postres Individuales,13302.0,1,0.05,32.7,2.1,6150.0,19293.0
1059,Galletas y Brownies,70034.0,3,0.0,16.0,13.9,23850.0,234669.0
1060,Bebidas,8110.0,4,0.0,42.1,5.0,10500.0,43015.0
1061,Tortas Personalizadas,57715.0,14,0.05,44.4,10.0,18000.0,785815.0
1062,Tortas Personalizadas,26805.0,2,0.0,16.1,1.0,4500.0,60406.0
1063,Postres Individuales,74724.0,9,0.0,27.2,6.9,13350.0,688202.0
1064,Tortas Personalizadas,43799.0,11,0.1,35.1,14.5,24750.0,459530.0
1065,Tortas Personalizadas,29446.0,8,0.0,6.9,13.4,23100.0,260051.0
1066,Postres Individuales,46411.0,12,0.2,32.4,3.7,8550.0,455374.0
1067,Postres Individuales,35557.0,13,0.0,40.9,13.2,22800.0,484742.0
1068,Bebidas,50144.0,3,0.0,9.3,4.7,10050.0,161156.0
1069,Tortas Personalizadas,14163.0,7,0.0,38.0,12.9,22350.0,121881.0
1070,Tortas Personalizadas,84759.0,4,0.0,6.5,11.1,19650.0,360531.0
1071,Bebidas,39044.0,5,0.15,26.2,5.6,11400.0,177775.0
1072,Panaderia Artesanal,32858.0,4,0.1,16.3,13.7,23550.0,143127.0
1073,Panaderia Artesanal,61817.0,9,0.0,22.0,7.5,14250.0,570421.0
1074,Panaderia Artesanal,34112.0,11,0.1,14.6,5.1,10650.0,349399.0
1075,Bebidas,71662.0,7,0.2,12.8,4.6,9900.0,411615.0
1076,Tortas Personalizadas,41342.0,13,0.0,33.8,14.1,24150.0,560468.0
1077,Bebidas,62565.0,4,0.0,11.2,11.5,20250.0,271597.0
1078,Bebidas,13596.0,13,0.0,19.3,5.6,11400.0,189707.0
1079,Panaderia Artesanal,72690.0,8,0.15,13.4,4.2,9300.0,501118.0
1080,Galletas y Brownies,63857.0,2,0.0,11.9,3.6,8400.0,133501.0
1081,Tortas Personalizadas,21937.0,7,0.0,28.8,4.0,9000.0,162914.0
1082,Panaderia Artesanal,16623.0,11,0.05,3.5,2.1,6150.0,180452.0
1083,Galletas y Brownies,30303.0,1,0.05,35.8,7.5,14250.0,41676.0
1084,Galletas y Brownies,83086.0,8,0.1,25.3,1.1,4650.0,603300.0
1085,Postres Individuales,25547.0,13,0.0,37.5,0.7,4050.0,336019.0
1086,Tortas Personalizadas,41490.0,14,0.05,10.8,9.5,17250.0,566011.0
1087,Galletas y Brownies,7402.0,12,0.2,32.4,1.8,5700.0,77029.0
1088,Panaderia Artesanal,36778.0,14,0.0,19.8,12.8,22200.0,535634.0
1089,Postres Individuales,50706.0,13,0.0,4.8,2.0,6000.0,666037.0
1090,Tortas Personalizadas,81250.0,6,0.1,34.2,8.4,15600.0,453594.0
1091,Bebidas,46339.0,12,0.1,34.7,10.3,18450.0,519441.0
1092,Panaderia Artesanal,70529.0,5,0.0,13.3,3.8,8700.0,363105.0
1093,Galletas y Brownies,48770.0,9,0.0,41.3,13.4,23100.0,461403.0
1094,Galletas y Brownies,8263.0,9,0.1,34.7,7.5,14250.0,80987.0
1095,Panaderia Artesanal,30201.0,3,0.05,14.8,5.1,10650.0,98596.0
1096,Galletas y Brownies,51044.0,9,0.15,11.9,13.6,23400.0,414736.0
1097,Postres Individuales,81048.0,13,0.1,20.6,12.9,22350.0,970494.0
1098,Tortas Personalizadas,73730.0,13,0.0,14.2,10.8,19200.0,979895.0
1099,Postres Individuales,23268.0,9,0.1,10.9,4.7,10050.0,198204.0
1100,Galletas y Brownies,22609.0,2,0.0,18.9,6.2,12300.0,57175.0
1101,Bebidas,21094.0,5,0.15,2.6,10.5,18750.0,107047.0
1102,Tortas Personalizadas,78800.0,11,0.1,19.0,3.2,7800.0,788760.0
1103,Tortas Personalizadas,73213.0,2,0.05,11.1,7.7,14550.0,152098.0
1104,Panaderia Artesanal,66991.0,1,0.05,13.0,11.2,19800.0,85460.0
1105,Panaderia Artesanal,36419.0,7,0.0,5.1,10.0,18000.0,272082.0
1106,Bebidas,45350.0,4,0.0,27.1,10.9,19350.0,201436.0
1107,Tortas Personalizadas,42147.0,5,0.0,22.0,13.4,23100.0,233898.0
1108,Bebidas,25272.0,4,0.1,34.2,14.5,24750.0,116502.0
1109,Panaderia Artesanal,45402.0,6,0.0,44.4,7.1,13650.0,286666.0
1110,Panaderia Artesanal,7440.0,11,0.0,6.7,1.4,5100.0,87078.0
1111,Tortas Personalizadas,15545.0,2,0.1,13.4,12.6,21900.0,49335.0
1112,Postres Individuales,75927.0,8,0.0,31.2,2.2,6300.0,614105.0
1113,Galletas y Brownies,65134.0,4,0.1,11.8,3.7,8550.0,244906.0
1114,Panaderia Artesanal,38829.0,8,0.0,2.8,10.0,18000.0,328176.0
1115,Panaderia Artesanal,46372.0,3,0.0,6.3,11.3,19950.0,157385.0
1116,Postres Individuales,34600.0,12,0.0,20.4,10.6,18900.0,435075.0
1117,Postres Individuales,64262.0,12,0.15,20.2,6.9,13350.0,669213.0
1118,Bebidas,67735.0,11,0.0,43.8,13.8,23700.0,770813.0
1119,Bebidas,66063.0,5,0.0,21.8,12.6,21900.0,353035.0
1120,Galletas y Brownies,62809.0,12,0.05,31.0,10.1,18150.0,736041.0
1121,Galletas y Brownies,21360.0,3,0.15,22.9,6.9,13350.0,70416.0
1122,Tortas Personalizadas,32038.0,12,0.0,13.2,7.2,13800.0,397834.0
1123,Bebidas,42588.0,13,0.1,6.1,3.1,7650.0,505773.0
1124,Panaderia Artesanal,31463.0,7,0.1,38.9,11.8,20700.0,220576.0
1125,Bebidas,65395.0,3,0.05,8.1,13.1,22650.0,209146.0
1126,Panaderia Artesanal,31348.0,12,0.0,5.7,12.5,21750.0,397322.0
1127,Postres Individuales,16059.0,8,0.0,10.8,8.4,15600.0,143671.0
1128,Bebidas,36923.0,9,0.0,1.6,12.7,22050.0,353422.0
1129,Postres Individuales,83393.0,13,0.05,4.6,12.0,21000.0,1047876.0
1130,Galletas y Brownies,23071.0,12,0.0,29.1,12.6,21900.0,299726.0
1131,Galletas y Brownies,53973.0,2,0.05,12.1,14.7,25050.0,126508.0
1132,Tortas Personalizadas,39638.0,3,0.0,16.2,12.2,21300.0,138030.0
1133,Bebidas,10682.0,12,0.0,37.8,4.4,9600.0,139104.0
1134,Postres Individuales,44030.0,13,0.05,35.1,12.4,21600.0,563215.0
1135,Panaderia Artesanal,61173.0,7,0.15,22.9,5.9,11850.0,377521.0
1136,Galletas y Brownies,46058.0,5,0.05,28.2,8.0,15000.0,234778.0
1137,Galletas y Brownies,74768.0,10,0.0,5.2,12.0,21000.0,769350.0
1138,Panaderia Artesanal,28115.0,7,0.0,34.6,5.1,10650.0,205685.0
1139,Postres Individuales,11900.0,2,0.05,24.0,0.9,4350.0,24218.0
1140,Postres Individuales,79925.0,14,0.05,26.3,10.9,19350.0,1081270.0
1141,Bebidas,35256.0,14,0.05,30.5,13.6,23400.0,488496.0
1142,Bebidas,51112.0,4,0.0,23.3,14.0,24000.0,224941.0
1143,Tortas Personalizadas,68360.0,1,0.1,24.2,12.1,21150.0,83956.0
1144,Galletas y Brownies,30945.0,5,0.15,23.2,14.1,24150.0,158684.0
1145,Bebidas,62293.0,8,0.0,23.1,12.4,21600.0,520122.0
1146,Postres Individuales,15834.0,1,0.1,34.1,0.9,4350.0,18649.0
1147,Panaderia Artesanal,28303.0,7,0.0,20.1,5.6,11400.0,208620.0
1148,Postres Individuales,16577.0,7,0.0,1.6,5.4,11100.0,128484.0
1149,Galletas y Brownies,69898.0,7,0.0,28.1,3.7,8550.0,495518.0
1150,Postres Individuales,22812.0,1,0.05,42.9,12.1,21150.0,43108.0
1151,Tortas Personalizadas,62392.0,12,0.0,12.7,8.0,15000.0,766465.0
1152,Galletas y Brownies,80464.0,11,0.1,37.0,12.6,21900.0,818739.0
1153,Panaderia Artesanal,47222.0,3,0.0,21.3,9.2,16800.0,158032.0
1154,Tortas Personalizadas,48202.0,11,0.0,29.5,9.1,16650.0,549172.0
1155,Galletas y Brownies,41883.0,2,0.0,40.3,6.1,12150.0,98778.0
1156,Panaderia Artesanal,31071.0,5,0.05,35.0,11.9,20850.0,170692.0
1157,Tortas Personalizadas,43052.0,2,0.0,40.0,10.4,18600.0,104578.0
1158,Tortas Personalizadas,53225.0,13,0.0,1.9,5.4,11100.0,704295.0
1159,Galletas y Brownies,83879.0,14,0.0,9.6,14.9,25350.0,1201938.0
1160,Bebidas,80021.0,5,0.0,19.9,7.2,13800.0,413165.0
1161,Tortas Personalizadas,73972.0,5,0.0,38.4,5.1,10650.0,379189.0
1162,Tortas Personalizadas,76130.0,4,0.0,38.0,10.5,18750.0,323904.0
1163,Panaderia Artesanal,42428.0,11,0.0,9.6,3.7,8550.0,473733.0
1164,Postres Individuales,57596.0,7,0.05,7.7,12.5,21750.0,402972.0
1165,Galletas y Brownies,76605.0,10,0.0,37.8,10.4,18600.0,783815.0
1166,Galletas y Brownies,36436.0,6,0.05,25.1,13.1,22650.0,229067.0
1167,Bebidas,81941.0,2,0.0,28.8,5.3,10950.0,173371.0
1168,Bebidas,38263.0,4,0.0,36.7,12.9,22350.0,175636.0
1169,Galletas y Brownies,53087.0,13,0.1,10.7,7.8,14700.0,636246.0
1170,Bebidas,61784.0,14,0.05,7.4,1.4,5100.0,824763.0
1171,Panaderia Artesanal,81047.0,11,0.2,38.9,3.3,7950.0,721748.0
1172,Galletas y Brownies,24569.0,7,0.0,6.4,3.7,8550.0,180810.0
1173,Bebidas,64690.0,9,0.1,5.3,11.6,20400.0,542871.0
1174,Galletas y Brownies,46665.0,9,0.1,13.6,3.4,8100.0,386128.0
1175,Postres Individuales,26485.0,12,0.15,15.3,8.6,15900.0,286452.0
1176,Tortas Personalizadas,67129.0,3,0.2,12.0,10.0,18000.0,179663.0
1177,Galletas y Brownies,49178.0,1,0.0,33.8,11.7,20550.0,71064.0
1178,Tortas Personalizadas,57878.0,9,0.0,43.8,11.9,20850.0,542979.0
1179,Bebidas,30832.0,8,0.05,10.2,10.9,19350.0,253739.0
1180,Tortas Personalizadas,43502.0,7,0.0,35.5,3.6,8400.0,311577.0
1181,Galletas y Brownies,54388.0,6,0.1,3.4,8.4,15600.0,308584.0
1182,Postres Individuales,37393.0,14,0.0,6.7,4.7,10050.0,533868.0
1183,Bebidas,20870.0,10,0.1,23.9,11.7,20550.0,210318.0
1184,Galletas y Brownies,81931.0,7,0.0,45.0,11.3,19950.0,590021.0
1185,Bebidas,45917.0,11,0.0,42.8,3.8,8700.0,513942.0
1186,Panaderia Artesanal,63714.0,9,0.2,6.4,9.8,17700.0,476221.0
1187,Tortas Personalizadas,37884.0,6,0.0,11.9,1.3,4950.0,232670.0
1188,Panaderia Artesanal,33411.0,14,0.0,42.6,11.6,20400.0,486092.0
1189,Galletas y Brownies,37573.0,14,0.0,8.1,11.8,20700.0,548093.0
1190,Postres Individuales,37736.0,10,0.15,33.8,5.5,11250.0,331976.0
1191,Bebidas,48534.0,3,0.1,1.5,12.2,21300.0,151946.0
1192,Tortas Personalizadas,48478.0,13,0.1,29.0,12.9,22350.0,590138.0
1193,Bebidas,44772.0,14,0.05,23.0,3.3,7950.0,603905.0
1194,Galletas y Brownies,15783.0,3,0.0,22.0,5.6,11400.0,58788.0
1195,Bebidas,44686.0,4,0.0,37.6,4.3,9450.0,187370.0
1196,Tortas Personalizadas,18528.0,10,0.0,5.0,5.9,11850.0,196805.0
1197,Galletas y Brownies,15091.0,13,0.05,17.9,7.0,13500.0,199914.0
1198,Bebidas,79612.0,14,0.05,20.9,7.9,14850.0,1076422.0
1199,Postres Individuales,53396.0,14,0.0,6.9,1.0,4500.0,752215.0
1200,Galletas y Brownies,57759.0,10,0.0,5.2,1.3,4950.0,583540.0
1201,Galletas y Brownies,37143.0,8,0.0,9.3,10.0,18000.0,316438.0
1202,Postres Individuales,77718.0,10,0.0,12.0,6.9,13350.0,790566.0
1203,Panaderia Artesanal,56034.0,9,0.0,43.5,1.8,5700.0,512061.0
1204,Tortas Personalizadas,66534.0,14,0.0,22.2,6.1,12150.0,941104.0
1205,Panaderia Artesanal,34485.0,8,0.0,23.7,7.4,14100.0,290449.0
1206,Bebidas,81801.0,11,0.15,32.3,9.7,17550.0,784050.0
1207,Postres Individuales,70637.0,10,0.0,31.3,2.2,6300.0,713443.0
1208,Panaderia Artesanal,73316.0,2,0.1,23.4,14.9,25350.0,154637.0
1209,Galletas y Brownies,18776.0,4,0.0,16.3,7.4,14100.0,89638.0
1210,Bebidas,26677.0,4,0.05,15.9,10.4,18600.0,119912.0
1211,Bebidas,27850.0,12,0.0,4.0,13.7,23550.0,357853.0
1212,Panaderia Artesanal,26673.0,2,0.05,40.6,1.0,4500.0,54707.0
1213,Panaderia Artesanal,73433.0,13,0.0,35.0,9.2,16800.0,972696.0
1214,Postres Individuales,7551.0,8,0.0,28.6,8.3,15450.0,75645.0
1215,Tortas Personalizadas,11088.0,3,0.15,18.7,1.3,4950.0,35147.0
1216,Panaderia Artesanal,26913.0,2,0.05,26.8,10.5,18750.0,70116.0
1217,Panaderia Artesanal,20990.0,7,0.0,22.6,3.7,8550.0,154589.0
1218,Galletas y Brownies,23549.0,1,0.0,13.4,10.7,19050.0,45497.0
1219,Bebidas,68835.0,6,0.0,14.5,5.8,11700.0,423525.0
1220,Tortas Personalizadas,50050.0,13,0.1,39.5,11.7,20550.0,605633.0
1221,Galletas y Brownies,5462.0,13,0.05,29.1,14.2,24300.0,92250.0
1222,Postres Individuales,39346.0,3,0.0,1.6,13.0,22500.0,138313.0
1223,Postres Individuales,37631.0,13,0.0,15.7,7.5,14250.0,503754.0
1224,Panaderia Artesanal,14116.0,3,0.0,16.3,3.8,8700.0,50157.0
1225,Panaderia Artesanal,59091.0,5,0.0,32.2,14.9,25350.0,324200.0
1226,Postres Individuales,61168.0,14,0.05,32.0,10.1,18150.0,831323.0
1227,Panaderia Artesanal,62671.0,3,0.1,21.7,6.2,12300.0,180004.0
1228,Tortas Personalizadas,63278.0,12,0.05,42.9,7.5,14250.0,736141.0
1229,Panaderia Artesanal,5004.0,4,0.0,39.4,2.4,6600.0,26774.0
1230,Bebidas,81314.0,13,0.15,39.2,7.8,14700.0,914436.0
1231,Panaderia Artesanal,70137.0,13,0.0,16.6,3.0,7500.0,917986.0
1232,Galletas y Brownies,77319.0,3,0.05,20.2,5.8,11700.0,234361.0
1233,Tortas Personalizadas,6251.0,7,0.15,19.7,7.6,14400.0,52146.0
1234,Galletas y Brownies,79709.0,3,0.05,20.7,14.2,24300.0,250377.0
1235,Galletas y Brownies,69783.0,14,0.0,40.2,9.6,17400.0,994538.0
1236,Bebidas,71978.0,10,0.0,12.3,5.9,11850.0,732589.0
1237,Tortas Personalizadas,12463.0,4,0.1,36.4,2.1,6150.0,51761.0
1238,Tortas Personalizadas,64102.0,2,0.0,23.9,11.3,19950.0,146335.0
1239,Tortas Personalizadas,81793.0,2,0.1,12.3,7.3,13950.0,158276.0
1240,Tortas Personalizadas,59284.0,9,0.0,24.4,1.5,5250.0,536764.0
1241,Tortas Personalizadas,50645.0,11,0.0,10.0,10.0,18000.0,575421.0
1242,Bebidas,80650.0,1,0.0,6.2,5.6,11400.0,92619.0
1243,Panaderia Artesanal,40435.0,1,0.0,38.0,6.4,12600.0,49037.0
1244,Galletas y Brownies,52943.0,10,0.15,31.9,12.7,22050.0,472491.0
1245,Tortas Personalizadas,43107.0,1,0.15,10.4,2.5,6750.0,42279.0
1246,Panaderia Artesanal,79628.0,14,0.05,42.5,5.4,11100.0,1068327.0
1247,Panaderia Artesanal,11087.0,3,0.0,2.6,5.8,11700.0,44027.0
1248,Galletas y Brownies,45090.0,2,0.0,16.0,0.5,3750.0,94014.0
1249,Bebidas,59956.0,3,0.05,2.4,12.8,22200.0,192935.0
1250,Postres Individuales,68353.0,14,0.0,7.7,12.6,21900.0,975485.0
1251,Postres Individuales,51641.0,5,0.1,9.3,10.1,18150.0,252711.0
1252,Panaderia Artesanal,77713.0,9,0.0,36.7,13.5,23250.0,723636.0
1253,Galletas y Brownies,80359.0,2,0.05,44.7,4.5,9750.0,162660.0
1254,Postres Individuales,10146.0,12,0.1,39.2,3.7,8550.0,115567.0
1255,Panaderia Artesanal,37190.0,11,0.0,29.1,1.5,5250.0,413104.0
1256,Bebidas,6877.0,14,0.1,32.9,9.1,16650.0,103200.0
1257,Postres Individuales,31353.0,1,0.1,24.2,7.7,14550.0,43929.0
1258,Panaderia Artesanal,47949.0,11,0.05,19.9,12.3,21450.0,524137.0
1259,Panaderia Artesanal,77864.0,6,0.0,31.6,7.5,14250.0,485188.0
1260,Tortas Personalizadas,72724.0,3,0.0,43.8,3.4,8100.0,226498.0
1261,Bebidas,15200.0,13,0.15,2.8,12.2,21300.0,188280.0
1262,Tortas Personalizadas,12442.0,7,0.05,15.2,7.1,13650.0,97515.0
1263,Galletas y Brownies,52141.0,6,0.1,15.9,14.4,24600.0,304677.0
1264,Tortas Personalizadas,47569.0,11,0.05,19.5,8.2,15300.0,512932.0
1265,Tortas Personalizadas,26310.0,7,0.0,28.8,2.2,6300.0,193692.0
1266,Postres Individuales,76956.0,13,0.2,23.8,12.8,22200.0,822083.0
1267,Panaderia Artesanal,79189.0,13,0.0,2.3,13.2,22800.0,1051309.0
1268,Bebidas,37209.0,5,0.15,19.4,7.0,13500.0,169554.0
1269,Tortas Personalizadas,76224.0,1,0.0,28.4,0.9,4350.0,80794.0
1270,Bebidas,35716.0,14,0.0,23.5,0.9,4350.0,502128.0
1271,Tortas Personalizadas,63945.0,3,0.0,39.4,5.6,11400.0,201581.0
1272,Galletas y Brownies,43075.0,3,0.15,18.8,10.9,19350.0,127171.0
1273,Tortas Personalizadas,14807.0,7,0.15,2.0,5.3,10950.0,100628.0
1274,Postres Individuales,79235.0,14,0.1,13.9,0.6,3900.0,1002019.0
1275,Panaderia Artesanal,41328.0,13,0.0,7.4,12.8,22200.0,561510.0
1276,Galletas y Brownies,63759.0,3,0.0,12.4,14.5,24750.0,216351.0
1277,Tortas Personalizadas,34374.0,11,0.05,17.3,5.5,11250.0,369780.0
1278,Bebidas,6510.0,5,0.0,30.9,1.6,5400.0,38879.0
1279,Galletas y Brownies,13042.0,4,0.1,15.6,4.7,10050.0,57964.0
1280,Galletas y Brownies,44698.0,4,0.1,40.0,12.1,21150.0,183861.0
1281,Tortas Personalizadas,60197.0,13,0.0,14.5,8.4,15600.0,796836.0
1282,Galletas y Brownies,31779.0,7,0.1,7.5,6.1,12150.0,212382.0
1283,Bebidas,60639.0,1,0.1,8.8,5.3,10950.0,63787.0
1284,Galletas y Brownies,60891.0,7,0.15,42.2,2.2,6300.0,368966.0
1285,Bebidas,61315.0,8,0.05,21.3,5.4,11100.0,473048.0
1286,Tortas Personalizadas,44402.0,3,0.1,19.0,7.3,13950.0,132346.0
1287,Panaderia Artesanal,78191.0,3,0.0,4.5,10.3,18450.0,251885.0
1288,Galletas y Brownies,44136.0,4,0.0,33.4,4.3,9450.0,185965.0
1289,Panaderia Artesanal,41021.0,13,0.0,31.7,13.5,23250.0,558064.0
1290,Bebidas,20950.0,6,0.0,17.8,7.5,14250.0,137337.0
1291,Galletas y Brownies,29612.0,14,0.0,31.6,6.4,12600.0,428444.0
1292,Postres Individuales,8387.0,7,0.0,17.5,9.1,16650.0,75864.0
1293,Panaderia Artesanal,55683.0,1,0.15,4.7,2.9,7350.0,55302.0
1294,Galletas y Brownies,24883.0,13,0.05,33.6,2.0,6000.0,312888.0
1295,Panaderia Artesanal,29332.0,4,0.0,43.5,5.5,11250.0,129658.0
1296,Galletas y Brownies,66665.0,12,0.0,29.7,1.1,4650.0,804353.0
1297,Tortas Personalizadas,31178.0,7,0.0,13.5,6.0,12000.0,228909.0
1298,Panaderia Artesanal,24376.0,11,0.0,13.2,10.2,18300.0,286137.0
1299,Postres Individuales,18525.0,2,0.0,41.9,12.3,21450.0,58669.0
1300,Postres Individuales,66989.0,1,0.15,14.7,8.9,16350.0,71735.0
1301,Bebidas,15377.0,1,0.1,34.9,10.5,18750.0,28944.0
1302,Galletas y Brownies,41300.0,10,0.05,29.5,12.6,21900.0,415247.0
1303,Panaderia Artesanal,45554.0,14,0.0,27.3,11.7,20550.0,657173.0
1304,Bebidas,59991.0,14,0.0,9.4,5.1,10650.0,846701.0
1305,Panaderia Artesanal,55663.0,6,0.0,3.0,8.8,16200.0,350355.0
1306,Galletas y Brownies,69858.0,12,0.05,22.8,4.3,9450.0,805587.0
1307,Postres Individuales,8580.0,5,0.1,44.5,8.9,16350.0,52924.0
1308,Tortas Personalizadas,28715.0,1,0.0,10.0,6.7,13050.0,40785.0
1309,Postres Individuales,27411.0,10,0.1,24.9,5.9,11850.0,260000.0
1310,Bebidas,16681.0,3,0.0,30.7,3.2,7800.0,55486.0
1311,Tortas Personalizadas,28134.0,11,0.05,22.5,8.6,15900.0,309079.0
1312,Bebidas,29781.0,7,0.05,23.6,11.1,19650.0,218346.0
1313,Galletas y Brownies,46751.0,12,0.0,30.3,8.8,16200.0,574915.0
1314,Tortas Personalizadas,58096.0,9,0.05,36.9,1.5,5250.0,504711.0
1315,Bebidas,35488.0,13,0.0,16.0,13.9,23850.0,486485.0
1316,Galletas y Brownies,62558.0,9,0.0,40.6,0.6,3900.0,569488.0
1317,Postres Individuales,31893.0,6,0.0,22.6,13.3,22950.0,214274.0
1318,Galletas y Brownies,28223.0,3,0.0,30.3,11.6,20400.0,107350.0
1319,Panaderia Artesanal,48295.0,1,0.0,6.1,1.9,5850.0,54338.0
1320,Galletas y Brownies,6897.0,3,0.05,22.9,3.9,8850.0,28080.0
1321,Galletas y Brownies,11383.0,10,0.0,2.2,5.6,11400.0,123538.0
1322,Panaderia Artesanal,38438.0,2,0.0,18.5,13.7,23550.0,100816.0
1323,Bebidas,80433.0,11,0.05,3.9,14.7,25050.0,864571.0
1324,Bebidas,62721.0,5,0.15,40.5,1.8,5700.0,271194.0
1325,Galletas y Brownies,12050.0,8,0.1,30.8,6.3,12450.0,99417.0
1326,Panaderia Artesanal,72705.0,5,0.15,35.9,2.7,7050.0,318659.0
1327,Panaderia Artesanal,63584.0,1,0.05,21.8,4.5,9750.0,72127.0
1328,Postres Individuales,53876.0,3,0.0,38.6,14.7,25050.0,187905.0
1329,Bebidas,70623.0,12,0.1,39.5,14.8,25200.0,787860.0
1330,Tortas Personalizadas,37329.0,5,0.0,17.0,7.3,13950.0,200720.0
1331,Bebidas,22720.0,7,0.0,17.9,3.2,7800.0,169032.0
1332,Bebidas,45962.0,5,0.0,23.6,8.4,15600.0,246165.0
1333,Postres Individuales,48907.0,14,0.0,3.3,5.1,10650.0,691349.0
1334,Tortas Personalizadas,48066.0,10,0.05,44.8,14.0,24000.0,484299.0
1335,Postres Individuales,50206.0,5,0.05,17.1,12.4,21600.0,260032.0
1336,Tortas Personalizadas,80896.0,7,0.0,22.0,5.0,10500.0,576850.0
1337,Galletas y Brownies,77180.0,13,0.15,34.3,0.8,4200.0,857339.0
1338,Tortas Personalizadas,75057.0,8,0.05,14.4,15.0,25500.0,596031.0
1339,Postres Individuales,69113.0,14,0.0,10.3,10.4,18600.0,985880.0
1340,Bebidas,80474.0,8,0.15,7.0,6.7,13050.0,558027.0
1341,Tortas Personalizadas,12880.0,7,0.0,24.5,4.7,10050.0,98319.0
1342,Tortas Personalizadas,26210.0,13,0.1,1.7,0.6,3900.0,313129.0
1343,Panaderia Artesanal,44604.0,14,0.0,32.4,2.7,7050.0,630425.0
1344,Bebidas,72723.0,3,0.05,21.6,0.6,3900.0,212818.0
1345,Galletas y Brownies,45413.0,11,0.15,24.6,9.2,16800.0,441839.0
1346,Postres Individuales,64843.0,2,0.05,12.9,10.1,18150.0,137877.0
1347,Galletas y Brownies,16117.0,1,0.0,9.3,11.6,20400.0,34627.0
1348,Bebidas,25193.0,6,0.0,31.9,3.2,7800.0,157746.0
1349,Tortas Personalizadas,63542.0,13,0.0,10.6,1.9,5850.0,832970.0
1350,Tortas Personalizadas,18179.0,9,0.1,35.4,9.9,17850.0,164719.0
1351,Bebidas,33108.0,3,0.0,10.4,7.7,14550.0,114964.0
1352,Tortas Personalizadas,26189.0,5,0.0,28.2,13.2,22800.0,153316.0
1353,Tortas Personalizadas,32989.0,9,0.1,29.5,8.2,15300.0,283445.0
1354,Tortas Personalizadas,61666.0,14,0.0,23.5,6.9,13350.0,875075.0
1355,Postres Individuales,34428.0,14,0.1,44.9,7.6,14400.0,447454.0
1356,Postres Individuales,49421.0,9,0.0,17.8,11.8,20700.0,465955.0
1357,Panaderia Artesanal,12995.0,7,0.0,39.9,0.8,4200.0,94717.0
1358,Galletas y Brownies,69401.0,14,0.0,8.9,13.8,23700.0,995354.0
1359,Bebidas,34591.0,4,0.2,16.2,10.9,19350.0,130108.0
1360,Bebidas,56883.0,11,0.0,7.8,13.3,22950.0,649836.0
1361,Bebidas,63031.0,2,0.0,27.8,14.4,24600.0,150729.0
1362,Panaderia Artesanal,21773.0,2,0.05,29.3,3.8,8700.0,49899.0
1363,Postres Individuales,75774.0,4,0.05,21.2,8.9,16350.0,304786.0
1364,Panaderia Artesanal,54298.0,1,0.0,32.8,7.5,14250.0,69351.0
1365,Bebidas,39298.0,14,0.1,39.2,8.3,15450.0,510784.0
1366,Galletas y Brownies,19587.0,4,0.0,35.3,1.2,4800.0,81500.0
1367,Tortas Personalizadas,80384.0,12,0.0,12.0,13.8,23700.0,989548.0
1368,Postres Individuales,65405.0,14,0.05,15.4,14.3,24450.0,895298.0
1369,Postres Individuales,21642.0,11,0.0,18.0,10.4,18600.0,256168.0
1370,Panaderia Artesanal,32017.0,6,0.15,10.4,4.2,9300.0,173374.0
1371,Postres Individuales,69774.0,6,0.0,17.2,11.9,20850.0,442349.0
1372,Bebidas,60654.0,7,0.1,11.9,11.1,19650.0,401371.0
1373,Bebidas,66263.0,5,0.0,44.8,8.8,16200.0,347455.0
1374,Panaderia Artesanal,40296.0,9,0.1,35.6,3.0,7500.0,334292.0
1375,Bebidas,62318.0,2,0.0,38.9,3.4,8100.0,137117.0
1376,Galletas y Brownies,35919.0,2,0.2,41.6,9.0,16500.0,74245.0
1377,Panaderia Artesanal,21901.0,4,0.0,30.4,2.4,6600.0,93244.0
1378,Galletas y Brownies,55614.0,4,0.1,9.2,11.0,19500.0,217766.0
1379,Tortas Personalizadas,83081.0,4,0.05,34.5,3.6,8400.0,323591.0
1380,Galletas y Brownies,29848.0,1,0.0,2.2,13.7,23550.0,53328.0
1381,Tortas Personalizadas,41878.0,4,0.0,6.4,13.5,23250.0,191674.0
1382,Tortas Personalizadas,58920.0,12,0.1,2.8,4.8,10200.0,646560.0
1383,Galletas y Brownies,48321.0,5,0.0,7.4,1.7,5550.0,247244.0
1384,Panaderia Artesanal,72474.0,9,0.1,34.2,9.4,17100.0,604427.0
1385,Bebidas,65939.0,3,0.0,40.0,7.0,13500.0,211553.0
1386,Bebidas,9664.0,3,0.2,13.6,2.6,6900.0,31928.0
1387,Tortas Personalizadas,84874.0,14,0.05,6.7,8.2,15300.0,1142712.0
1388,Tortas Personalizadas,65192.0,5,0.0,13.4,14.9,25350.0,354130.0
1389,Panaderia Artesanal,74112.0,10,0.0,29.6,1.5,5250.0,748418.0
1390,Postres Individuales,57096.0,6,0.0,16.7,4.3,9450.0,353550.0
1391,Galletas y Brownies,73503.0,3,0.0,43.3,8.3,15450.0,234693.0
1392,Tortas Personalizadas,13991.0,1,0.0,7.2,12.0,21000.0,34774.0
1393,Bebidas,32819.0,10,0.15,44.6,0.8,4200.0,282062.0
1394,Panaderia Artesanal,75114.0,8,0.1,2.0,11.1,19650.0,559194.0
1395,Galletas y Brownies,21132.0,12,0.0,21.1,2.5,6750.0,259917.0
1396,Panaderia Artesanal,11259.0,1,0.05,12.5,12.5,21750.0,32240.0
1397,Galletas y Brownies,68050.0,2,0.0,26.1,10.5,18750.0,154305.0
1398,Galletas y Brownies,71839.0,3,0.0,5.7,7.1,13650.0,229212.0
1399,Tortas Personalizadas,18012.0,6,0.0,39.6,12.4,21600.0,130914.0
1400,Panaderia Artesanal,73348.0,4,0.1,7.4,11.1,19650.0,284848.0
1401,Panaderia Artesanal,59941.0,4,0.2,27.1,11.5,20250.0,212633.0
1402,Bebidas,46607.0,9,0.0,3.0,4.7,10050.0,429391.0
1403,Bebidas,71420.0,6,0.0,15.0,9.5,17250.0,445179.0
1404,Tortas Personalizadas,38540.0,12,0.0,8.0,2.5,6750.0,469672.0
1405,Tortas Personalizadas,20520.0,2,0.15,44.0,12.4,21600.0,57963.0
1406,Postres Individuales,27788.0,7,0.0,2.0,8.1,15150.0,211632.0
1407,Bebidas,45413.0,13,0.05,16.8,12.5,21750.0,580705.0
1408,Galletas y Brownies,47506.0,3,0.15,14.7,3.6,8400.0,129418.0
1409,Panaderia Artesanal,69446.0,9,0.0,30.1,2.4,6600.0,630282.0
1410,Tortas Personalizadas,68308.0,6,0.05,4.0,10.5,18750.0,405911.0
1411,Panaderia Artesanal,51509.0,8,0.0,36.8,1.3,4950.0,418745.0
1412,Panaderia Artesanal,67463.0,13,0.1,21.8,4.0,9000.0,800193.0
1413,Postres Individuales,20342.0,13,0.0,21.2,13.7,23550.0,287701.0
1414,Bebidas,9005.0,1,0.2,11.4,2.4,6600.0,13115.0
1415,Tortas Personalizadas,74891.0,2,0.15,22.8,5.9,11850.0,138599.0
1416,Panaderia Artesanal,11044.0,6,0.1,17.3,14.2,24300.0,81293.0
1417,Tortas Personalizadas,24735.0,3,0.0,12.2,0.8,4200.0,80043.0
1418,Galletas y Brownies,60626.0,1,0.1,8.8,7.0,13500.0,67341.0
1419,Postres Individuales,37756.0,6,0.0,33.2,11.9,20850.0,247042.0
1420,Galletas y Brownies,75105.0,5,0.0,7.7,13.7,23550.0,399523.0
1421,Tortas Personalizadas,28838.0,13,0.0,8.8,11.2,19800.0,391626.0
1422,Tortas Personalizadas,5950.0,9,0.05,26.6,13.4,23100.0,73999.0
1423,Bebidas,29052.0,6,0.1,11.3,1.0,4500.0,161578.0
1424,Panaderia Artesanal,51246.0,5,0.15,21.5,1.9,5850.0,222813.0
1425,Panaderia Artesanal,35075.0,1,0.05,25.6,11.2,19800.0,56314.0
1426,Galletas y Brownies,47790.0,1,0.1,13.4,11.4,20100.0,61297.0
1427,Postres Individuales,75128.0,11,0.15,16.4,9.3,16950.0,720111.0
1428,Panaderia Artesanal,77999.0,1,0.15,10.6,11.1,19650.0,84400.0
1429,Bebidas,26278.0,7,0.0,21.5,12.9,22350.0,206707.0
1430,Galletas y Brownies,41971.0,6,0.0,44.7,8.4,15600.0,265769.0
1431,Galletas y Brownies,48932.0,14,0.0,17.3,14.2,24300.0,710757.0
1432,Bebidas,80929.0,5,0.05,29.9,10.6,18900.0,403835.0
1433,Postres Individuales,84889.0,4,0.05,29.2,7.3,13950.0,334078.0
1434,Bebidas,23833.0,11,0.2,35.7,6.6,12900.0,222842.0
1435,Postres Individuales,63158.0,14,0.15,32.5,11.4,20100.0,770898.0
1436,Bebidas,35242.0,13,0.0,2.0,9.6,17400.0,475309.0
1437,Bebidas,5649.0,13,0.0,15.0,12.4,21600.0,92535.0
1438,Tortas Personalizadas,5740.0,11,0.0,39.4,11.8,20700.0,85937.0
1439,Galletas y Brownies,41845.0,8,0.0,25.0,8.1,15150.0,348468.0
1440,Bebidas,44067.0,11,0.0,6.0,14.2,24300.0,508680.0
1441,Bebidas,6806.0,8,0.15,13.5,10.7,19050.0,64008.0
1442,Panaderia Artesanal,59954.0,5,0.0,13.8,3.4,8100.0,307495.0
1443,Galletas y Brownies,28520.0,4,0.05,39.5,9.5,17250.0,125457.0
1444,Panaderia Artesanal,49791.0,2,0.0,25.6,3.4,8100.0,107555.0
1445,Galletas y Brownies,29074.0,7,0.0,28.0,8.6,15900.0,221527.0
1446,Panaderia Artesanal,18371.0,5,0.15,17.5,12.0,21000.0,98925.0
1447,Bebidas,37574.0,3,0.1,4.1,12.3,21450.0,125291.0
1448,Bebidas,23582.0,9,0.0,4.8,9.9,17850.0,227963.0
1449,Tortas Personalizadas,47784.0,9,0.15,19.8,11.9,20850.0,388184.0
1450,Panaderia Artesanal,20906.0,11,0.0,9.2,7.3,13950.0,245394.0
1451,Postres Individuales,45672.0,11,0.05,6.0,8.5,15750.0,494664.0
1452,Tortas Personalizadas,17590.0,10,0.0,12.9,13.3,22950.0,202053.0
1453,Panaderia Artesanal,58678.0,14,0.05,33.8,7.6,14400.0,791014.0
1454,Panaderia Artesanal,65315.0,11,0.0,4.7,5.6,11400.0,726751.0
1455,Tortas Personalizadas,13832.0,8,0.05,21.0,12.1,21150.0,126359.0
1456,Bebidas,42424.0,1,0.05,37.4,1.2,4800.0,41963.0
1457,Panaderia Artesanal,10670.0,12,0.0,13.2,14.4,24600.0,149642.0
1458,Bebidas,52855.0,3,0.15,14.6,5.4,11100.0,145533.0
1459,Tortas Personalizadas,26152.0,2,0.0,40.0,9.6,17400.0,68965.0
1460,Bebidas,47210.0,4,0.15,29.8,10.4,18600.0,176388.0
1461,Galletas y Brownies,46397.0,2,0.0,36.2,2.5,6750.0,98609.0
1462,Postres Individuales,78948.0,12,0.1,14.1,12.4,21600.0,875362.0
1463,Panaderia Artesanal,48927.0,11,0.05,44.9,8.8,16200.0,528207.0
1464,Postres Individuales,51640.0,8,0.0,7.6,5.3,10950.0,425180.0
1465,Bebidas,37132.0,1,0.0,43.3,12.8,22200.0,58625.0
1466,Panaderia Artesanal,80926.0,4,0.05,40.7,9.6,17400.0,326721.0
1467,Bebidas,67175.0,5,0.1,25.5,11.9,20850.0,325868.0
1468,Galletas y Brownies,27832.0,14,0.2,27.0,14.9,25350.0,337359.0
1469,Tortas Personalizadas,72537.0,10,0.0,35.2,2.4,6600.0,731277.0
1470,Panaderia Artesanal,39592.0,4,0.0,14.8,11.4,20100.0,178412.0
1471,Galletas y Brownies,71293.0,8,0.05,24.4,11.5,20250.0,560205.0
1472,Galletas y Brownies,70831.0,2,0.05,40.8,13.2,22800.0,156860.0
1473,Panaderia Artesanal,20110.0,9,0.15,4.5,6.4,12600.0,167361.0
1474,Bebidas,61091.0,2,0.0,40.9,13.1,22650.0,145362.0
1475,Galletas y Brownies,28251.0,2,0.0,33.2,9.8,17700.0,74945.0
1476,Postres Individuales,28799.0,13,0.05,35.0,1.5,5250.0,358485.0
1477,Galletas y Brownies,28708.0,2,0.0,4.3,1.0,4500.0,62959.0
1478,Bebidas,63045.0,12,0.1,9.7,7.5,14250.0,694313.0
1479,Bebidas,23386.0,10,0.0,41.7,11.9,20850.0,254373.0
1480,Postres Individuales,5072.0,8,0.0,6.9,6.1,12150.0,51634.0
1481,Galletas y Brownies,62219.0,3,0.05,29.0,12.9,22350.0,201941.0
1482,Bebidas,18695.0,10,0.0,35.5,7.6,14400.0,199362.0
1483,Panaderia Artesanal,13359.0,11,0.0,11.6,0.9,4350.0,151145.0
1484,Tortas Personalizadas,24001.0,14,0.2,31.9,14.6,24900.0,291732.0
1485,Tortas Personalizadas,35392.0,10,0.15,4.4,7.6,14400.0,316681.0
1486,Tortas Personalizadas,43073.0,14,0.15,23.2,9.9,17850.0,530612.0
1487,Galletas y Brownies,8566.0,8,0.2,16.0,3.4,8100.0,61273.0
1488,Postres Individuales,82646.0,7,0.0,29.6,4.8,10200.0,588841.0
1489,Bebidas,62285.0,10,0.0,40.2,7.5,14250.0,635859.0
1490,Panaderia Artesanal,30856.0,4,0.0,7.0,12.9,22350.0,147026.0
1491,Panaderia Artesanal,30496.0,7,0.15,21.1,2.0,6000.0,190496.0
1492,Galletas y Brownies,40883.0,11,0.1,19.9,11.8,20700.0,423449.0
1493,Tortas Personalizadas,55100.0,8,0.05,15.6,8.9,16350.0,437211.0
1494,Galletas y Brownies,16710.0,6,0.15,22.4,7.7,14550.0,101605.0
1495,Postres Individuales,20114.0,6,0.05,39.8,13.2,22800.0,136956.0
1496,Postres Individuales,73755.0,3,0.0,43.9,2.2,6300.0,228635.0
1497,Bebidas,25500.0,5,0.0,1.6,14.9,25350.0,153217.0
1498,Bebidas,35416.0,10,0.0,33.6,12.9,22350.0,376446.0
1499,Postres Individuales,74702.0,2,0.0,28.3,5.2,10800.0,159475.0
1500,Postres Individuales,58052.0,12,0.0,44.8,7.0,13500.0,711175.0
1501,Postres Individuales,32337.0,5,0.1,5.4,0.9,4350.0,149077.0
1502,Galletas y Brownies,59696.0,5,0.0,36.8,8.2,15300.0,315277.0
1503,Postres Individuales,6575.0,7,0.1,42.1,8.4,15600.0,55732.0
1504,Panaderia Artesanal,63851.0,4,0.0,41.2,13.9,23850.0,282388.0
1505,Tortas Personalizadas,43961.0,14,0.2,25.9,6.1,12150.0,502807.0
1506,Postres Individuales,70055.0,11,0.1,15.7,8.8,16200.0,713991.0
1507,Tortas Personalizadas,81371.0,6,0.2,29.3,11.2,19800.0,409852.0
1508,Galletas y Brownies,79063.0,9,0.0,14.8,9.3,16950.0,729684.0
1509,Tortas Personalizadas,77741.0,4,0.0,19.4,2.8,7200.0,319645.0
1510,Galletas y Brownies,45974.0,11,0.05,20.9,3.0,7500.0,488201.0
1511,Panaderia Artesanal,33811.0,14,0.0,14.6,2.5,6750.0,481791.0
1512,Galletas y Brownies,42203.0,6,0.0,16.4,3.7,8550.0,260865.0
1513,Galletas y Brownies,60192.0,13,0.0,1.8,5.3,10950.0,791603.0
1514,Bebidas,75720.0,12,0.0,14.4,11.2,19800.0,928517.0
1515,Postres Individuales,21559.0,9,0.15,22.0,1.4,5100.0,171186.0
1516,Postres Individuales,78455.0,10,0.0,9.0,12.4,21600.0,805275.0
1517,Panaderia Artesanal,70214.0,12,0.2,36.5,4.3,9450.0,683934.0
1518,Panaderia Artesanal,83308.0,1,0.0,24.9,9.4,17100.0,98439.0
1519,Postres Individuales,75420.0,8,0.0,36.0,8.5,15750.0,619485.0
1520,Bebidas,27395.0,1,0.05,7.1,2.7,7050.0,32429.0
1521,Postres Individuales,13476.0,4,0.1,37.2,4.7,10050.0,58840.0
1522,Bebidas,13979.0,3,0.1,43.2,4.8,10200.0,48119.0
1523,Panaderia Artesanal,28298.0,4,0.1,16.8,9.5,17250.0,117709.0
1524,Tortas Personalizadas,54135.0,14,0.0,13.9,11.9,20850.0,778960.0
1525,Panaderia Artesanal,69346.0,7,0.0,29.6,14.9,25350.0,509985.0
1526,Panaderia Artesanal,76940.0,13,0.0,29.2,1.9,5850.0,1007457.0
1527,Galletas y Brownies,54900.0,14,0.0,6.4,14.1,24150.0,794155.0
1528,Galletas y Brownies,5451.0,9,0.2,41.8,8.6,15900.0,55456.0
1529,Galletas y Brownies,19905.0,9,0.15,22.3,5.7,11550.0,163967.0
1530,Galletas y Brownies,12978.0,10,0.0,34.8,4.6,9900.0,140799.0
1531,Bebidas,34066.0,1,0.1,17.1,3.5,8250.0,40329.0
1532,Postres Individuales,45108.0,10,0.05,12.9,8.6,15900.0,446758.0
1533,Tortas Personalizadas,8472.0,1,0.0,6.3,14.2,24300.0,32402.0
1534,Panaderia Artesanal,32878.0,9,0.0,13.4,3.1,7650.0,301665.0
1535,Bebidas,19334.0,4,0.0,44.7,6.8,13200.0,91978.0
1536,Tortas Personalizadas,56766.0,12,0.05,30.1,3.5,8250.0,657755.0
1537,Bebidas,42142.0,13,0.0,36.4,3.0,7500.0,555452.0
1538,Bebidas,44625.0,14,0.15,43.2,13.1,22650.0,553614.0
1539,Panaderia Artesanal,39215.0,3,0.0,4.9,4.3,9450.0,129495.0
1540,Postres Individuales,81482.0,13,0.0,8.7,4.1,9150.0,1066798.0
1541,Galletas y Brownies,22179.0,9,0.0,41.9,13.7,23550.0,222709.0
1542,Postres Individuales,46333.0,5,0.1,26.1,6.1,12150.0,219695.0
1543,Panaderia Artesanal,63881.0,12,0.05,29.1,0.6,3900.0,732186.0
1544,Panaderia Artesanal,49548.0,6,0.1,20.1,11.0,19500.0,288614.0
1545,Panaderia Artesanal,79322.0,1,0.0,36.9,8.0,15000.0,92456.0
1546,Tortas Personalizadas,35237.0,1,0.0,24.0,11.7,20550.0,57337.0
1547,Postres Individuales,42094.0,13,0.0,37.4,8.8,16200.0,562174.0
1548,Postres Individuales,12082.0,14,0.0,44.7,5.6,11400.0,181210.0
1549,Bebidas,53720.0,7,0.05,29.6,1.5,5250.0,359067.0
1550,Bebidas,28057.0,10,0.0,24.5,13.1,22650.0,300147.0
1551,Bebidas,17825.0,8,0.0,17.4,3.5,8250.0,150623.0
1552,Panaderia Artesanal,48563.0,11,0.0,10.0,14.6,24900.0,560995.0
1553,Postres Individuales,47585.0,8,0.0,30.1,4.1,9150.0,391416.0
1554,Panaderia Artesanal,11070.0,14,0.1,4.2,12.5,21750.0,158848.0
1555,Tortas Personalizadas,60857.0,13,0.1,43.1,11.9,20850.0,734540.0
1556,Bebidas,54902.0,7,0.1,29.7,7.2,13800.0,360472.0
1557,Panaderia Artesanal,20121.0,13,0.05,43.2,6.3,12450.0,261601.0
1558,Panaderia Artesanal,42555.0,11,0.0,13.3,10.7,19050.0,490584.0
1559,Tortas Personalizadas,62626.0,9,0.1,42.7,8.2,15300.0,521634.0
1560,Galletas y Brownies,47355.0,1,0.0,28.1,9.7,17550.0,66365.0
1561,Postres Individuales,36639.0,2,0.1,36.7,7.3,13950.0,79958.0
1562,Galletas y Brownies,30787.0,13,0.1,9.3,8.6,15900.0,378547.0
1563,Bebidas,53832.0,3,0.05,23.3,3.2,7800.0,161744.0
1564,Panaderia Artesanal,80129.0,13,0.0,26.2,1.3,4950.0,1045848.0
1565,Tortas Personalizadas,58740.0,12,0.2,18.6,5.7,11550.0,574472.0
1566,Tortas Personalizadas,10980.0,13,0.1,12.5,7.3,13950.0,142765.0
1567,Postres Individuales,41855.0,5,0.1,40.9,13.6,23400.0,210560.0
1568,Galletas y Brownies,76266.0,4,0.0,5.2,6.5,12750.0,313449.0
1569,Postres Individuales,12557.0,4,0.0,8.2,6.8,13200.0,65402.0
1570,Panaderia Artesanal,84110.0,8,0.0,15.4,10.3,18450.0,693028.0
1571,Postres Individuales,80926.0,8,0.0,41.5,3.5,8250.0,655660.0
1572,Tortas Personalizadas,11262.0,11,0.05,26.0,13.1,22650.0,141404.0
1573,Tortas Personalizadas,79673.0,7,0.15,17.7,6.7,13050.0,488253.0
1574,Bebidas,34051.0,1,0.0,19.0,14.0,24000.0,58128.0
1575,Bebidas,72577.0,10,0.05,37.9,4.4,9600.0,696464.0
1576,Panaderia Artesanal,38471.0,4,0.0,2.7,7.3,13950.0,168354.0
1577,Galletas y Brownies,40268.0,1,0.0,2.0,11.8,20700.0,60581.0
1578,Postres Individuales,55739.0,11,0.15,3.5,8.6,15900.0,540075.0
1579,Panaderia Artesanal,66958.0,14,0.1,21.9,10.1,18150.0,862809.0
1580,Bebidas,7703.0,5,0.05,26.8,4.6,9900.0,47484.0
1581,Postres Individuales,52452.0,3,0.0,28.7,5.3,10950.0,170537.0
1582,Bebidas,19939.0,3,0.0,33.3,7.9,14850.0,74834.0
1583,Postres Individuales,32676.0,4,0.0,9.8,3.4,8100.0,141793.0
1584,Galletas y Brownies,32837.0,2,0.0,12.9,2.3,6450.0,70589.0
1585,Panaderia Artesanal,42525.0,7,0.0,12.1,12.7,22050.0,319556.0
1586,Postres Individuales,31731.0,12,0.1,8.0,11.7,20550.0,365255.0
1587,Tortas Personalizadas,13589.0,13,0.0,12.1,14.0,24000.0,198814.0
1588,Tortas Personalizadas,16650.0,4,0.0,28.2,9.0,16500.0,82571.0
1589,Postres Individuales,7675.0,5,0.05,17.4,6.6,12900.0,50084.0
1590,Postres Individuales,42620.0,12,0.15,34.9,2.0,6000.0,441523.0
1591,Postres Individuales,81356.0,14,0.2,24.8,12.8,22200.0,932428.0
1592,Tortas Personalizadas,14254.0,2,0.1,10.7,7.1,13650.0,41493.0
1593,Tortas Personalizadas,80701.0,6,0.0,21.8,8.6,15900.0,498609.0
1594,Postres Individuales,63669.0,9,0.0,27.3,5.0,10500.0,583852.0
1595,Bebidas,56000.0,8,0.15,39.2,8.1,15150.0,394962.0
1596,Bebidas,56622.0,8,0.15,37.8,11.8,20700.0,402963.0
1597,Galletas y Brownies,71138.0,2,0.05,20.1,10.8,19200.0,153315.0
1598,Panaderia Artesanal,13554.0,4,0.0,29.7,14.8,25200.0,78942.0
1599,Bebidas,45380.0,8,0.0,14.5,7.7,14550.0,375647.0
1600,Tortas Personalizadas,60767.0,11,0.15,29.0,8.2,15300.0,585334.0
1601,Bebidas,51946.0,1,0.0,41.2,1.3,4950.0,57152.0
1602,Galletas y Brownies,71622.0,8,0.05,28.7,6.1,12150.0,556920.0
1603,Galletas y Brownies,10782.0,3,0.2,14.7,13.9,23850.0,49596.0
1604,Panaderia Artesanal,60256.0,8,0.1,29.5,5.6,11400.0,445077.0
1605,Bebidas,47722.0,6,0.0,40.8,11.6,20400.0,307587.0
1606,Tortas Personalizadas,35333.0,7,0.0,7.5,14.7,25050.0,271638.0
1607,Tortas Personalizadas,32222.0,2,0.0,22.5,2.3,6450.0,67500.0
1608,Postres Individuales,54667.0,1,0.05,15.5,5.3,10950.0,60102.0
1609,Tortas Personalizadas,76280.0,6,0.05,12.0,7.4,14100.0,449365.0
1610,Panaderia Artesanal,44694.0,12,0.0,18.7,3.9,8850.0,544751.0
1611,Panaderia Artesanal,70978.0,3,0.0,18.6,0.7,4050.0,220968.0
1612,Tortas Personalizadas,37173.0,4,0.0,10.7,7.3,13950.0,163995.0
1613,Tortas Personalizadas,13192.0,13,0.2,19.1,8.3,15450.0,153243.0
1614,Postres Individuales,9920.0,9,0.1,29.1,9.6,17400.0,95317.0
1615,Tortas Personalizadas,9107.0,3,0.0,2.6,12.5,21750.0,48083.0
1616,Postres Individuales,35412.0,2,0.15,44.5,4.2,9300.0,70981.0
1617,Postres Individuales,31979.0,2,0.05,14.4,1.4,5100.0,66168.0
1618,Tortas Personalizadas,62435.0,2,0.1,28.6,1.8,5700.0,116665.0
1619,Galletas y Brownies,64426.0,6,0.05,13.8,7.7,14550.0,380002.0
1620,Galletas y Brownies,9068.0,2,0.1,18.6,13.9,23850.0,40982.0
1621,Postres Individuales,22690.0,11,0.0,25.4,14.7,25050.0,273687.0
1622,Tortas Personalizadas,26941.0,7,0.05,28.1,3.5,8250.0,186716.0
1623,Galletas y Brownies,48809.0,7,0.1,35.0,2.7,7050.0,314249.0
1624,Tortas Personalizadas,16561.0,7,0.0,35.9,5.6,11400.0,129406.0
1625,Tortas Personalizadas,15715.0,14,0.0,24.1,7.2,13800.0,233453.0
1626,Tortas Personalizadas,80503.0,13,0.0,4.8,12.2,21300.0,1069943.0
1627,Bebidas,69336.0,2,0.0,25.8,11.7,20550.0,158639.0
1628,Tortas Personalizadas,19452.0,7,0.0,22.3,13.9,23850.0,157843.0
1629,Bebidas,37525.0,10,0.05,10.9,12.9,22350.0,378437.0
1630,Postres Individuales,33450.0,8,0.0,1.9,6.9,13350.0,280939.0
1631,Galletas y Brownies,68280.0,8,0.0,15.2,0.8,4200.0,548019.0
1632,Galletas y Brownies,45817.0,14,0.15,12.8,3.9,8850.0,552527.0
1633,Galletas y Brownies,15228.0,2,0.05,22.5,9.3,16950.0,46743.0
1634,Galletas y Brownies,64119.0,5,0.0,34.6,7.8,14700.0,334553.0
1635,Galletas y Brownies,36751.0,14,0.0,20.6,4.0,9000.0,524779.0
1636,Galletas y Brownies,26034.0,6,0.1,42.9,2.4,6600.0,145092.0
1637,Galletas y Brownies,35040.0,9,0.1,11.1,3.6,8400.0,290959.0
1638,Postres Individuales,44821.0,6,0.0,11.1,4.3,9450.0,279469.0
1639,Tortas Personalizadas,32449.0,10,0.15,27.8,13.1,22650.0,298633.0
1640,Panaderia Artesanal,24352.0,6,0.1,40.5,10.8,19200.0,148188.0
1641,Bebidas,36880.0,10,0.15,30.7,8.5,15750.0,329626.0
1642,Panaderia Artesanal,6534.0,10,0.0,30.8,0.8,4200.0,71667.0
1643,Panaderia Artesanal,66800.0,6,0.0,36.6,12.4,21600.0,422109.0
1644,Tortas Personalizadas,18676.0,9,0.0,30.6,8.5,15750.0,182990.0
1645,Tortas Personalizadas,8512.0,10,0.0,34.5,9.6,17400.0,104082.0
1646,Tortas Personalizadas,57296.0,7,0.0,39.2,1.5,5250.0,405462.0
1647,Galletas y Brownies,66915.0,1,0.0,1.8,12.3,21450.0,89200.0
1648,Postres Individuales,70106.0,1,0.1,40.0,12.6,21900.0,84558.0
1649,Galletas y Brownies,44481.0,14,0.0,10.9,13.3,22950.0,644092.0
1650,Postres Individuales,21429.0,4,0.0,41.2,8.2,15300.0,100157.0
1651,Postres Individuales,63978.0,12,0.15,13.1,6.2,12300.0,661499.0
1652,Panaderia Artesanal,60977.0,2,0.0,21.3,1.6,5400.0,128541.0
1653,Panaderia Artesanal,24702.0,3,0.05,42.1,3.3,7950.0,79351.0
1654,Postres Individuales,77273.0,12,0.05,6.3,3.8,8700.0,889967.0
1655,Postres Individuales,13350.0,7,0.2,33.9,1.4,5100.0,78967.0
1656,Galletas y Brownies,83615.0,14,0.15,18.6,2.7,7050.0,1003239.0
1657,Galletas y Brownies,73820.0,7,0.0,2.5,13.4,23100.0,540773.0
1658,Panaderia Artesanal,60032.0,14,0.15,42.4,8.4,15600.0,731162.0
1659,Tortas Personalizadas,80100.0,12,0.0,6.6,11.6,20400.0,982184.0
1660,Postres Individuales,62785.0,3,0.05,35.2,4.5,9750.0,188333.0
1661,Galletas y Brownies,20237.0,13,0.0,18.2,2.5,6750.0,269495.0
1662,Panaderia Artesanal,40372.0,2,0.05,36.8,5.9,11850.0,85537.0
1663,Galletas y Brownies,10720.0,13,0.05,34.1,12.0,21000.0,151552.0
1664,Postres Individuales,36173.0,13,0.05,29.0,4.8,10200.0,457588.0
1665,Postres Individuales,64328.0,1,0.05,42.4,3.5,8250.0,71660.0
1666,Bebidas,35915.0,9,0.0,5.8,0.8,4200.0,328675.0
1667,Tortas Personalizadas,31424.0,10,0.0,36.2,9.5,17250.0,331118.0
1668,Bebidas,52628.0,3,0.1,30.7,6.8,13200.0,154067.0
1669,Panaderia Artesanal,74776.0,9,0.0,15.2,4.3,9450.0,683465.0
1670,Galletas y Brownies,8807.0,4,0.0,25.2,8.0,15000.0,50499.0
1671,Panaderia Artesanal,35838.0,10,0.05,29.5,10.7,19050.0,358278.0
1672,Postres Individuales,17659.0,6,0.15,33.5,4.1,9150.0,99550.0
1673,Bebidas,60628.0,13,0.0,9.6,9.3,16950.0,806249.0
1674,Bebidas,13458.0,7,0.05,5.9,4.3,9450.0,96541.0
1675,Bebidas,58185.0,10,0.0,5.9,14.8,25200.0,606894.0
1676,Panaderia Artesanal,27894.0,14,0.0,14.3,11.1,19650.0,412093.0
1677,Postres Individuales,20913.0,6,0.0,8.2,9.2,16800.0,143838.0
1678,Galletas y Brownies,79908.0,1,0.05,24.8,3.0,7500.0,83379.0
1679,Galletas y Brownies,6482.0,6,0.1,20.5,9.0,16500.0,49999.0
1680,Panaderia Artesanal,40022.0,11,0.0,40.3,12.1,21150.0,459263.0
1681,Bebidas,6730.0,14,0.1,32.7,11.2,19800.0,105929.0
1682,Tortas Personalizadas,43687.0,6,0.0,10.5,11.8,20700.0,282023.0
1683,Panaderia Artesanal,45084.0,5,0.0,3.5,5.1,10650.0,237016.0
1684,Panaderia Artesanal,30733.0,3,0.05,32.3,5.3,10950.0,100276.0
1685,Postres Individuales,15573.0,10,0.0,38.3,8.3,15450.0,170029.0
1686,Galletas y Brownies,35111.0,3,0.0,32.0,4.5,9750.0,114567.0
1687,Panaderia Artesanal,58781.0,11,0.1,29.5,2.1,6150.0,589808.0
1688,Panaderia Artesanal,67592.0,10,0.1,12.3,7.2,13800.0,621837.0
1689,Bebidas,47460.0,13,0.1,23.0,0.5,3750.0,559895.0
1690,Bebidas,52187.0,7,0.0,33.0,11.5,20250.0,385070.0
1691,Tortas Personalizadas,21049.0,8,0.0,9.9,11.4,20100.0,186754.0
1692,Postres Individuales,27986.0,14,0.1,22.2,8.5,15750.0,369147.0
1693,Tortas Personalizadas,17952.0,3,0.0,6.6,11.3,19950.0,76081.0
1694,Bebidas,24944.0,3,0.1,24.6,9.6,17400.0,85364.0
1695,Galletas y Brownies,22991.0,7,0.1,26.4,10.6,18900.0,164666.0
1696,Bebidas,46556.0,10,0.1,24.8,1.4,5100.0,425051.0
1697,Postres Individuales,50015.0,12,0.0,21.9,13.3,22950.0,625625.0
1698,Bebidas,80596.0,7,0.15,27.1,9.8,17700.0,496772.0
1699,Postres Individuales,20646.0,11,0.05,44.9,9.4,17100.0,229523.0
1700,Postres Individuales,56334.0,9,0.05,28.6,6.1,12150.0,495698.0
1701,Postres Individuales,70381.0,14,0.05,34.2,0.9,4350.0,938206.0
1702,Postres Individuales,49819.0,6,0.0,9.9,13.6,23400.0,321591.0
1703,Postres Individuales,25400.0,13,0.0,24.6,14.8,25200.0,354207.0
1704,Galletas y Brownies,26004.0,7,0.15,1.8,12.2,21300.0,174832.0
1705,Tortas Personalizadas,8140.0,11,0.0,2.9,13.8,23700.0,114607.0
1706,Panaderia Artesanal,29436.0,10,0.0,15.5,2.3,6450.0,301858.0
1707,Tortas Personalizadas,64568.0,1,0.0,21.8,2.4,6600.0,69898.0
1708,Postres Individuales,8801.0,7,0.0,26.5,13.3,22950.0,86414.0
1709,Galletas y Brownies,22544.0,2,0.05,40.1,1.3,4950.0,47412.0
1710,Bebidas,61499.0,7,0.2,35.1,1.9,5850.0,353048.0
1711,Galletas y Brownies,67612.0,3,0.0,14.5,12.3,21450.0,223712.0
1712,Postres Individuales,41425.0,9,0.1,33.8,8.6,15900.0,350775.0
1713,Galletas y Brownies,60846.0,13,0.1,25.4,6.2,12300.0,723656.0
1714,Galletas y Brownies,36036.0,5,0.05,35.4,8.5,15750.0,185567.0
1715,Postres Individuales,17793.0,7,0.0,19.4,13.2,22800.0,148189.0
1716,Galletas y Brownies,36852.0,8,0.05,5.5,11.5,20250.0,299302.0
1717,Panaderia Artesanal,51397.0,13,0.2,28.4,10.5,18750.0,552874.0
1718,Panaderia Artesanal,80844.0,12,0.0,25.7,14.7,25050.0,995894.0
1719,Galletas y Brownies,10500.0,2,0.05,43.0,8.1,15150.0,38073.0
1720,Bebidas,45592.0,11,0.2,8.6,0.6,3900.0,404105.0
1721,Postres Individuales,31314.0,1,0.1,30.0,6.7,13050.0,40417.0
1722,Panaderia Artesanal,45665.0,7,0.05,22.1,1.9,5850.0,308611.0
1723,Bebidas,6918.0,6,0.2,18.0,2.2,6300.0,40184.0
1724,Galletas y Brownies,30042.0,6,0.0,36.1,4.2,9300.0,188829.0
1725,Bebidas,70589.0,2,0.1,36.8,6.0,12000.0,137722.0
1726,Tortas Personalizadas,49315.0,3,0.0,32.6,7.5,14250.0,162349.0
1727,Panaderia Artesanal,41047.0,4,0.0,5.1,3.0,7500.0,172560.0
1728,Galletas y Brownies,27842.0,3,0.05,16.5,5.0,10500.0,89122.0
1729,Postres Individuales,28843.0,2,0.0,3.5,4.5,9750.0,67583.0
1730,Galletas y Brownies,35648.0,3,0.0,16.5,5.8,11700.0,119040.0
1731,Postres Individuales,71846.0,14,0.0,29.7,2.1,6150.0,1011990.0
1732,Galletas y Brownies,82377.0,6,0.0,24.1,6.3,12450.0,507195.0
1733,Bebidas,40092.0,9,0.0,32.1,8.5,15750.0,375303.0
1734,Bebidas,36468.0,4,0.1,25.5,1.9,5850.0,135562.0
1735,Bebidas,72724.0,6,0.0,25.7,8.1,15150.0,450287.0
1736,Tortas Personalizadas,39152.0,1,0.05,23.7,11.5,20250.0,53941.0
1737,Postres Individuales,49161.0,12,0.1,17.3,0.6,3900.0,533057.0
1738,Bebidas,23475.0,6,0.0,20.9,1.2,4800.0,146701.0
1739,Tortas Personalizadas,64480.0,12,0.15,6.4,7.3,13950.0,672644.0
1740,Postres Individuales,47559.0,3,0.15,37.8,13.2,22800.0,142108.0
1741,Galletas y Brownies,69723.0,9,0.0,40.2,15.0,25500.0,650448.0
1742,Tortas Personalizadas,67459.0,4,0.2,34.8,1.9,5850.0,221755.0
1743,Panaderia Artesanal,22200.0,7,0.05,26.9,0.8,4200.0,152622.0
1744,Tortas Personalizadas,62251.0,4,0.0,26.3,3.8,8700.0,256524.0
1745,Tortas Personalizadas,69004.0,11,0.05,22.0,7.3,13950.0,734153.0
1746,Postres Individuales,32689.0,6,0.05,11.6,8.8,16200.0,203693.0
1747,Galletas y Brownies,18809.0,14,0.05,18.2,14.6,24900.0,277579.0
1748,Panaderia Artesanal,5211.0,7,0.1,44.6,13.4,23100.0,55043.0
1749,Bebidas,41072.0,2,0.0,7.8,8.7,16050.0,99032.0
1750,Bebidas,33195.0,10,0.2,25.1,5.7,11550.0,277054.0
1751,Tortas Personalizadas,49393.0,6,0.15,39.2,5.2,10800.0,264342.0
1752,Postres Individuales,20043.0,8,0.1,21.2,8.8,16200.0,158812.0
1753,Postres Individuales,73773.0,13,0.0,27.8,11.0,19500.0,978578.0
1754,Bebidas,25620.0,13,0.05,37.5,7.5,14250.0,329684.0
1755,Panaderia Artesanal,23114.0,12,0.1,25.3,4.9,10350.0,259884.0
1756,Galletas y Brownies,43457.0,6,0.15,33.3,9.4,17100.0,240050.0
1757,Panaderia Artesanal,44908.0,2,0.15,16.6,8.6,15900.0,92214.0
1758,Galletas y Brownies,22207.0,4,0.15,33.4,6.7,13050.0,87410.0
1759,Bebidas,26749.0,1,0.0,3.3,11.4,20100.0,48214.0
1760,Galletas y Brownies,18576.0,7,0.15,8.2,4.6,9900.0,121193.0
1761,Postres Individuales,62477.0,8,0.0,29.2,7.5,14250.0,514424.0
1762,Tortas Personalizadas,66607.0,10,0.0,21.0,14.1,24150.0,688416.0
1763,Tortas Personalizadas,41986.0,2,0.0,37.5,11.0,19500.0,104213.0
1764,Bebidas,62127.0,10,0.15,16.4,6.1,12150.0,539251.0
1765,Postres Individuales,63875.0,5,0.15,34.9,8.4,15600.0,285582.0
1766,Panaderia Artesanal,16062.0,11,0.0,7.6,6.4,12600.0,187897.0
1767,Postres Individuales,82294.0,8,0.0,42.0,2.1,6150.0,665376.0
1768,Tortas Personalizadas,70683.0,11,0.2,19.7,5.4,11100.0,633800.0
1769,Tortas Personalizadas,21359.0,8,0.05,11.5,13.0,22500.0,184851.0
1770,Postres Individuales,19893.0,5,0.0,35.8,7.2,13800.0,110033.0
1771,Postres Individuales,15053.0,8,0.05,42.7,9.0,16500.0,132518.0
1772,Tortas Personalizadas,16070.0,14,0.05,41.4,3.1,7650.0,222656.0
1773,Panaderia Artesanal,64853.0,6,0.2,11.9,5.7,11550.0,322016.0
1774,Bebidas,42572.0,5,0.0,30.7,14.0,24000.0,238902.0
1775,Bebidas,67635.0,13,0.0,25.3,5.1,10650.0,888433.0
1776,Postres Individuales,64700.0,14,0.0,33.0,4.1,9150.0,915087.0
1777,Bebidas,53369.0,11,0.0,22.7,1.3,4950.0,592168.0
1778,Tortas Personalizadas,59909.0,4,0.05,21.9,1.9,5850.0,233858.0
1779,Tortas Personalizadas,6468.0,5,0.15,39.9,9.0,16500.0,41901.0
1780,Postres Individuales,29942.0,12,0.1,39.4,10.1,18150.0,339169.0
1781,Postres Individuales,56026.0,4,0.2,35.8,9.8,17700.0,196845.0
1782,Postres Individuales,5748.0,1,0.15,32.2,8.3,15450.0,19021.0
1783,Panaderia Artesanal,7638.0,3,0.0,31.0,7.6,14400.0,37811.0
1784,Bebidas,73151.0,8,0.0,3.9,1.5,5250.0,590648.0
1785,Postres Individuales,59722.0,7,0.05,34.1,12.7,22050.0,421193.0
1786,Galletas y Brownies,26230.0,12,0.0,29.3,7.9,14850.0,331560.0
1787,Galletas y Brownies,60037.0,7,0.05,14.7,2.4,6600.0,405923.0
1788,Tortas Personalizadas,68397.0,11,0.0,37.2,2.5,6750.0,761354.0
1789,Bebidas,29544.0,3,0.05,37.7,7.9,14850.0,99363.0
1790,Postres Individuales,7883.0,9,0.05,42.1,4.0,9000.0,76337.0
1791,Galletas y Brownies,79622.0,6,0.0,19.7,13.9,23850.0,504143.0
1792,Bebidas,32614.0,8,0.05,25.5,7.7,14550.0,260992.0
1793,Tortas Personalizadas,13519.0,8,0.0,40.9,14.7,25050.0,130877.0
1794,Panaderia Artesanal,44349.0,3,0.0,15.3,11.1,19650.0,152348.0
1795,Bebidas,66477.0,4,0.05,36.2,12.3,21450.0,274341.0
1796,Bebidas,22732.0,14,0.0,44.7,6.1,12150.0,331340.0
1797,Panaderia Artesanal,26559.0,6,0.15,29.9,2.4,6600.0,140342.0
1798,Bebidas,24417.0,2,0.0,44.3,10.5,18750.0,67346.0
1799,Tortas Personalizadas,84334.0,12,0.05,23.9,6.4,12600.0,972177.0
1800,Tortas Personalizadas,20792.0,12,0.05,8.2,14.3,24450.0,261048.0
1801,Panaderia Artesanal,51042.0,11,0.0,9.1,3.3,7950.0,571421.0
1802,Postres Individuales,79021.0,12,0.0,33.3,9.6,17400.0,965871.0
1803,Galletas y Brownies,16752.0,7,0.05,1.5,13.1,22650.0,132624.0
1804,Postres Individuales,82668.0,2,0.0,30.3,6.3,12450.0,174836.0
1805,Bebidas,80798.0,11,0.0,8.1,14.3,24450.0,912674.0
1806,Galletas y Brownies,75766.0,5,0.05,44.3,1.6,5400.0,365258.0
1807,Panaderia Artesanal,22165.0,12,0.0,8.6,9.0,16500.0,282486.0
1808,Panaderia Artesanal,55724.0,4,0.05,25.5,11.8,20700.0,230468.0
1809,Galletas y Brownies,65871.0,9,0.1,30.6,3.4,8100.0,541939.0
1810,Tortas Personalizadas,83882.0,13,0.0,37.1,1.3,4950.0,1092727.0
1811,Galletas y Brownies,19434.0,13,0.0,21.5,1.7,5550.0,258371.0
1812,Bebidas,66282.0,2,0.0,42.1,5.1,10650.0,142982.0
1813,Tortas Personalizadas,32104.0,7,0.05,22.4,3.7,8550.0,223032.0
1814,Panaderia Artesanal,19050.0,13,0.0,12.5,3.7,8550.0,257855.0
1815,Galletas y Brownies,38710.0,7,0.0,27.3,7.1,13650.0,281118.0
1816,Postres Individuales,68507.0,7,0.0,30.1,1.7,5550.0,486099.0
1817,Postres Individuales,42188.0,1,0.0,23.6,14.9,25350.0,69126.0
1818,Bebidas,48002.0,8,0.05,33.4,10.6,18900.0,384745.0
1819,Postres Individuales,84613.0,2,0.0,19.8,0.9,4350.0,172764.0
1820,Galletas y Brownies,36929.0,5,0.0,1.7,10.5,18750.0,205039.0
1821,Galletas y Brownies,54232.0,2,0.0,13.0,12.0,21000.0,128623.0
1822,Postres Individuales,34220.0,13,0.0,42.6,3.3,7950.0,451183.0
1823,Galletas y Brownies,36423.0,5,0.0,34.7,12.7,22050.0,204137.0
1824,Bebidas,60651.0,7,0.0,9.7,9.4,17100.0,441480.0
1825,Tortas Personalizadas,80031.0,6,0.0,4.4,12.4,21600.0,503095.0
1826,Bebidas,48389.0,13,0.1,16.8,10.9,19350.0,584479.0
1827,Bebidas,66472.0,12,0.0,37.9,10.7,19050.0,816918.0
1828,Galletas y Brownies,12137.0,5,0.1,6.1,2.8,7200.0,60096.0
1829,Tortas Personalizadas,21893.0,4,0.0,25.1,5.1,10650.0,100226.0
1830,Galletas y Brownies,45171.0,8,0.05,13.5,8.1,15150.0,359330.0
1831,Panaderia Artesanal,6601.0,11,0.0,33.1,2.1,6150.0,75355.0
1832,Galletas y Brownies,25228.0,14,0.15,1.5,7.4,14100.0,316100.0
1833,Galletas y Brownies,46392.0,8,0.1,13.6,7.0,13500.0,347766.0
1834,Galletas y Brownies,6197.0,1,0.0,31.0,3.9,8850.0,15181.0
1835,Tortas Personalizadas,26164.0,10,0.0,25.3,3.4,8100.0,272433.0
1836,Galletas y Brownies,46122.0,2,0.05,35.4,4.1,9150.0,94329.0
1837,Tortas Personalizadas,50852.0,3,0.15,8.4,9.3,16950.0,147273.0
1838,Postres Individuales,79060.0,13,0.0,24.6,6.5,12750.0,1039997.0
1839,Panaderia Artesanal,56628.0,1,0.0,10.0,6.5,12750.0,68006.0
1840,Tortas Personalizadas,38179.0,11,0.0,29.3,3.1,7650.0,429635.0
1841,Postres Individuales,79428.0,3,0.0,7.2,11.9,20850.0,257819.0
1842,Tortas Personalizadas,67791.0,10,0.0,8.0,10.7,19050.0,696073.0
1843,Tortas Personalizadas,21001.0,12,0.0,15.8,6.7,13050.0,265508.0
1844,Panaderia Artesanal,15467.0,8,0.0,19.0,2.6,6900.0,132430.0
1845,Bebidas,59065.0,4,0.0,23.2,10.9,19350.0,255128.0
1846,Bebidas,49791.0,13,0.05,26.8,13.5,23250.0,639384.0
1847,Tortas Personalizadas,68174.0,13,0.05,21.9,3.1,7650.0,852126.0
1848,Galletas y Brownies,64104.0,7,0.0,3.5,9.2,16800.0,468187.0
1849,Postres Individuales,55017.0,7,0.15,16.4,6.7,13050.0,342260.0
1850,Galletas y Brownies,83911.0,11,0.0,4.2,1.8,5700.0,930579.0
1851,Galletas y Brownies,47687.0,5,0.0,6.6,11.0,19500.0,259409.0
1852,Tortas Personalizadas,14048.0,12,0.1,5.5,1.5,5250.0,154977.0
1853,Tortas Personalizadas,71262.0,1,0.1,8.4,10.7,19050.0,83800.0
1854,Tortas Personalizadas,25148.0,10,0.15,36.9,4.6,9900.0,224310.0
1855,Tortas Personalizadas,67184.0,4,0.0,28.8,8.7,16050.0,285652.0
1856,Bebidas,81569.0,7,0.0,23.5,2.8,7200.0,576876.0
1857,Tortas Personalizadas,60744.0,14,0.05,33.4,5.9,11850.0,820615.0
1858,Bebidas,52682.0,5,0.0,43.3,2.0,6000.0,270946.0
1859,Bebidas,41831.0,2,0.0,19.7,7.3,13950.0,98036.0
1860,Tortas Personalizadas,34153.0,14,0.05,17.5,3.6,8400.0,461041.0
1861,Panaderia Artesanal,33240.0,8,0.0,44.0,3.2,7800.0,272834.0
1862,Postres Individuales,55910.0,2,0.0,35.1,2.1,6150.0,118576.0
1863,Galletas y Brownies,65102.0,11,0.0,35.3,11.6,20400.0,736744.0
1864,Bebidas,59281.0,8,0.0,27.6,9.8,17700.0,489803.0
1865,Postres Individuales,20873.0,13,0.0,23.6,2.8,7200.0,279050.0
1866,Panaderia Artesanal,44519.0,11,0.0,25.5,7.4,14100.0,502162.0
1867,Galletas y Brownies,68331.0,2,0.0,29.9,10.1,18150.0,153290.0
1868,Galletas y Brownies,43056.0,11,0.15,17.9,13.2,22800.0,423692.0
1869,Bebidas,47930.0,5,0.0,35.5,1.4,5100.0,242529.0
1870,Tortas Personalizadas,66691.0,4,0.15,41.1,5.8,11700.0,235244.0
1871,Panaderia Artesanal,57901.0,1,0.0,26.4,9.4,17100.0,72963.0
1872,Bebidas,37748.0,14,0.0,18.1,0.7,4050.0,532745.0
1873,Panaderia Artesanal,76633.0,12,0.0,31.8,4.0,9000.0,928921.0
1874,Tortas Personalizadas,18005.0,8,0.0,9.4,11.3,19950.0,163497.0
1875,Tortas Personalizadas,84641.0,10,0.05,43.6,5.7,11550.0,815151.0
1876,Bebidas,14508.0,12,0.0,30.1,1.7,5550.0,179724.0
1877,Tortas Personalizadas,6196.0,3,0.05,4.4,9.6,17400.0,34083.0
1878,Postres Individuales,76202.0,13,0.0,24.5,4.1,9150.0,998677.0
1879,Galletas y Brownies,24596.0,4,0.05,34.1,10.7,19050.0,112913.0
1880,Bebidas,63376.0,4,0.05,13.6,13.6,23400.0,265911.0
1881,Panaderia Artesanal,69881.0,5,0.0,3.7,8.2,15300.0,363420.0
1882,Postres Individuales,73719.0,3,0.1,22.8,9.2,16800.0,215970.0
1883,Bebidas,84328.0,9,0.1,37.8,8.0,15000.0,696615.0
1884,Tortas Personalizadas,28523.0,4,0.2,12.4,12.4,21600.0,113531.0
1885,Tortas Personalizadas,61819.0,14,0.0,32.7,4.0,9000.0,878228.0
1886,Tortas Personalizadas,14232.0,10,0.1,19.2,6.3,12450.0,141421.0
1887,Tortas Personalizadas,37545.0,11,0.15,4.1,13.5,23250.0,374881.0
1888,Panaderia Artesanal,72838.0,11,0.05,14.7,11.0,19500.0,781310.0
1889,Postres Individuales,34413.0,4,0.05,15.2,5.1,10650.0,141643.0
1890,Galletas y Brownies,52288.0,6,0.2,40.9,12.6,21900.0,272443.0
1891,Panaderia Artesanal,45302.0,8,0.2,44.2,4.0,9000.0,296964.0
1892,Panaderia Artesanal,56676.0,13,0.05,10.6,9.7,17550.0,717500.0
1893,Galletas y Brownies,82832.0,7,0.0,20.2,14.4,24600.0,604299.0
1894,Galletas y Brownies,9459.0,4,0.1,44.0,8.8,16200.0,50063.0
1895,Tortas Personalizadas,50917.0,4,0.0,19.2,12.1,21150.0,225169.0
1896,Panaderia Artesanal,74042.0,5,0.0,16.7,11.2,19800.0,390842.0
1897,Bebidas,43511.0,10,0.2,6.3,13.1,22650.0,371356.0
1898,Galletas y Brownies,11282.0,5,0.1,34.3,14.5,24750.0,75115.0
1899,Galletas y Brownies,49843.0,12,0.15,20.9,0.8,4200.0,513216.0
1900,Postres Individuales,31566.0,1,0.05,29.3,0.9,4350.0,33147.0
1901,Bebidas,17395.0,13,0.0,23.7,9.1,16650.0,240365.0
1902,Bebidas,72923.0,8,0.2,9.1,14.3,24450.0,490372.0
1903,Galletas y Brownies,46728.0,10,0.0,9.2,7.5,14250.0,481539.0
1904,Tortas Personalizadas,79662.0,13,0.1,42.4,12.7,22050.0,951508.0
1905,Postres Individuales,69481.0,5,0.05,40.2,11.6,20400.0,350584.0
1906,Bebidas,60438.0,3,0.0,28.1,7.7,14550.0,196129.0
1907,Galletas y Brownies,5402.0,3,0.0,1.6,7.9,14850.0,32290.0
1908,Bebidas,39226.0,4,0.0,20.3,6.8,13200.0,170637.0
1909,Postres Individuales,20799.0,12,0.05,24.6,4.2,9300.0,244427.0
1910,Postres Individuales,77864.0,7,0.0,21.1,13.0,22500.0,568000.0
1911,Panaderia Artesanal,18967.0,5,0.0,41.8,3.5,8250.0,103131.0
1912,Galletas y Brownies,27885.0,1,0.05,3.3,13.7,23550.0,50669.0
1913,Postres Individuales,46347.0,14,0.1,30.0,5.7,11550.0,597110.0
1914,Panaderia Artesanal,26069.0,12,0.0,15.2,0.9,4350.0,316124.0
1915,Panaderia Artesanal,21789.0,13,0.05,25.8,2.9,7350.0,275995.0
1916,Bebidas,52928.0,5,0.0,30.0,13.4,23100.0,287707.0
1917,Bebidas,12114.0,14,0.0,20.7,2.4,6600.0,175504.0
1918,Panaderia Artesanal,9653.0,5,0.0,8.0,11.2,19800.0,65155.0
1919,Bebidas,34780.0,6,0.05,24.1,3.2,7800.0,207329.0
1920,Postres Individuales,62653.0,14,0.0,42.1,7.7,14550.0,888534.0
1921,Tortas Personalizadas,49385.0,7,0.0,24.8,3.5,8250.0,354384.0
1922,Postres Individuales,38830.0,5,0.0,6.8,5.3,10950.0,203179.0
1923,Panaderia Artesanal,50260.0,13,0.15,37.4,2.3,6450.0,560308.0
1924,Panaderia Artesanal,34236.0,11,0.15,11.1,8.6,15900.0,336940.0
1925,Postres Individuales,79892.0,14,0.0,17.6,5.8,11700.0,1132062.0
1926,Bebidas,9392.0,2,0.0,20.2,5.8,11700.0,30963.0
1927,Bebidas,58871.0,14,0.15,16.3,1.1,4650.0,704817.0
1928,Panaderia Artesanal,76303.0,2,0.0,19.1,2.5,6750.0,159106.0
1929,Galletas y Brownies,69311.0,13,0.0,36.1,10.8,19200.0,922138.0
1930,Bebidas,19723.0,4,0.0,11.2,4.7,10050.0,90708.0
1931,Postres Individuales,28674.0,1,0.2,22.0,6.9,13350.0,37044.0
1932,Bebidas,62364.0,7,0.1,2.4,11.6,20400.0,415067.0
1933,Postres Individuales,11742.0,13,0.0,23.6,6.9,13350.0,165294.0
1934,Panaderia Artesanal,69949.0,1,0.0,6.4,3.8,8700.0,79693.0
1935,Bebidas,62513.0,3,0.2,13.8,8.5,15750.0,163863.0
1936,Postres Individuales,63369.0,10,0.0,15.6,12.1,21150.0,654087.0
1937,Panaderia Artesanal,13019.0,7,0.05,5.1,9.2,16800.0,102787.0
1938,Galletas y Brownies,62421.0,11,0.0,17.2,6.6,12900.0,701263.0
1939,Postres Individuales,59385.0,12,0.1,23.2,2.3,6450.0,647495.0
1940,Galletas y Brownies,71474.0,12,0.0,20.3,4.1,9150.0,868267.0
1941,Galletas y Brownies,8328.0,6,0.1,13.7,14.2,24300.0,68410.0
1942,Tortas Personalizadas,6849.0,7,0.0,14.3,11.7,20550.0,69615.0
1943,Bebidas,34841.0,5,0.0,29.1,1.8,5700.0,180714.0
1944,Postres Individuales,16903.0,8,0.0,32.8,0.6,3900.0,135814.0
1945,Galletas y Brownies,49671.0,6,0.1,26.6,3.0,7500.0,277225.0
1946,Tortas Personalizadas,78388.0,12,0.0,44.0,14.2,24300.0,964149.0
1947,Panaderia Artesanal,36318.0,4,0.0,42.6,8.9,16350.0,159774.0
1948,Postres Individuales,72596.0,14,0.05,5.8,12.7,22050.0,986260.0
1949,Galletas y Brownies,5019.0,11,0.05,12.9,7.2,13800.0,65411.0
1950,Bebidas,18481.0,1,0.1,39.3,12.5,21750.0,37128.0
1951,Tortas Personalizadas,7434.0,2,0.0,2.8,1.0,4500.0,18043.0
1952,Galletas y Brownies,31252.0,12,0.0,27.3,6.7,13050.0,387704.0
1953,Bebidas,77655.0,6,0.05,43.0,6.0,12000.0,455279.0
1954,Galletas y Brownies,12756.0,4,0.0,31.0,14.7,25050.0,77809.0
1955,Postres Individuales,53513.0,3,0.15,5.5,4.9,10350.0,149210.0
1956,Postres Individuales,41120.0,7,0.05,34.0,6.5,12750.0,289520.0
1957,Postres Individuales,80077.0,7,0.0,17.9,11.5,20250.0,581255.0
1958,Tortas Personalizadas,14802.0,2,0.0,41.6,13.3,22950.0,52330.0
1959,Postres Individuales,21962.0,8,0.0,14.0,13.2,22800.0,199574.0
1960,Bebidas,7363.0,11,0.05,22.1,6.2,12300.0,87528.0
1961,Galletas y Brownies,39715.0,1,0.0,34.0,14.3,24450.0,63822.0
1962,Panaderia Artesanal,27227.0,11,0.15,12.7,10.0,18000.0,273171.0
1963,Bebidas,74592.0,10,0.0,9.4,12.8,22200.0,766717.0
1964,Bebidas,53395.0,7,0.0,1.6,13.9,23850.0,399092.0
1965,Postres Individuales,54127.0,10,0.0,22.7,3.9,8850.0,550824.0
1966,Tortas Personalizadas,47553.0,12,0.05,41.9,7.7,14550.0,556095.0
1967,Galletas y Brownies,12348.0,1,0.0,13.7,9.0,16500.0,29456.0
1968,Tortas Personalizadas,40601.0,13,0.0,3.4,12.1,21150.0,548636.0
1969,Galletas y Brownies,84960.0,12,0.05,28.5,6.3,12450.0,978378.0
1970,Galletas y Brownies,71818.0,14,0.0,3.9,3.6,8400.0,1015499.0
1971,Tortas Personalizadas,76477.0,3,0.1,23.6,11.3,19950.0,226336.0
1972,Bebidas,70858.0,3,0.05,18.1,9.1,16650.0,219025.0
1973,Galletas y Brownies,13243.0,10,0.2,22.2,13.5,23250.0,130169.0
1974,Tortas Personalizadas,23196.0,14,0.05,8.6,10.0,18000.0,323781.0
1975,Galletas y Brownies,5250.0,2,0.05,5.4,0.7,4050.0,13824.0
1976,Panaderia Artesanal,29281.0,14,0.0,34.1,14.5,24750.0,433610.0
1977,Bebidas,13689.0,10,0.0,12.2,9.1,16650.0,155636.0
1978,Postres Individuales,42823.0,13,0.0,36.3,9.1,16650.0,573274.0
1979,Galletas y Brownies,59170.0,5,0.05,34.5,13.7,23550.0,304388.0
1980,Panaderia Artesanal,74960.0,4,0.0,10.1,10.1,18150.0,317371.0
1981,Postres Individuales,64937.0,13,0.05,41.0,7.5,14250.0,818573.0
1982,Postres Individuales,80087.0,6,0.0,8.5,2.1,6150.0,485595.0
1983,Galletas y Brownies,9312.0,2,0.05,36.2,14.5,24750.0,40913.0
1984,Tortas Personalizadas,5974.0,14,0.0,19.8,1.6,5400.0,87804.0
1985,Galletas y Brownies,57907.0,4,0.0,9.5,3.0,7500.0,238184.0
1986,Panaderia Artesanal,28148.0,12,0.15,42.3,12.4,21600.0,308650.0
1987,Postres Individuales,25280.0,7,0.1,43.4,7.6,14400.0,174693.0
1988,Galletas y Brownies,31471.0,1,0.0,23.7,3.1,7650.0,37887.0
1989,Tortas Personalizadas,26584.0,13,0.05,21.9,4.6,9900.0,340428.0
1990,Galletas y Brownies,45915.0,11,0.0,40.7,14.9,25350.0,530885.0
1991,Bebidas,40212.0,3,0.1,27.4,9.0,16500.0,122908.0
1992,Tortas Personalizadas,45994.0,1,0.1,13.1,6.3,12450.0,50964.0
1993,Panaderia Artesanal,58817.0,2,0.0,20.0,13.2,22800.0,140460.0
1994,Postres Individuales,35970.0,9,0.1,37.9,7.5,14250.0,304599.0
1995,Galletas y Brownies,25105.0,10,0.0,38.9,5.0,10500.0,260227.0
1996,Tortas Personalizadas,18296.0,5,0.1,42.4,2.9,7350.0,88767.0
1997,Bebidas,32958.0,13,0.0,14.0,11.3,19950.0,447503.0
1998,Tortas Personalizadas,64345.0,4,0.0,31.1,9.1,16650.0,274401.0
1999,Bebidas,65536.0,12,0.15,4.5,1.8,5700.0,674862.0
2000,Panaderia Artesanal,58352.0,4,0.0,33.1,9.1,16650.0,249910.0
2001,Postres Individuales,23722.0,8,0.2,26.0,2.8,7200.0,159358.0
2002,Panaderia Artesanal,52047.0,12,0.0,12.4,14.7,25050.0,648114.0
2003,Galletas y Brownies,50655.0,3,0.0,30.0,4.3,9450.0,160911.0
2004,Tortas Personalizadas,43741.0,12,0.1,7.4,10.6,18900.0,491579.0
2005,Bebidas,48998.0,12,0.0,16.0,10.0,18000.0,606013.0
2006,Bebidas,44343.0,4,0.0,18.9,10.5,18750.0,197249.0
2007,Tortas Personalizadas,50237.0,2,0.0,35.3,6.7,13050.0,113635.0
2008,Tortas Personalizadas,62240.0,6,0.2,14.9,1.6,5400.0,301087.0
2009,Galletas y Brownies,13770.0,12,0.1,3.6,14.7,25050.0,172894.0
2010,Panaderia Artesanal,64970.0,9,0.0,9.4,3.3,7950.0,595066.0
2011,Bebidas,15871.0,12,0.0,28.0,11.7,20550.0,210065.0
2012,Galletas y Brownies,10330.0,4,0.0,2.2,2.5,6750.0,47742.0
2013,Panaderia Artesanal,83086.0,11,0.05,36.0,4.6,9900.0,874928.0
2014,Galletas y Brownies,81559.0,6,0.2,40.7,8.6,15900.0,405797.0
2015,Bebidas,9835.0,4,0.05,23.0,6.5,12750.0,49042.0
2016,Tortas Personalizadas,40460.0,14,0.0,32.3,14.4,24600.0,593923.0
2017,Tortas Personalizadas,19900.0,2,0.05,21.6,12.8,22200.0,60002.0
2018,Panaderia Artesanal,43828.0,13,0.2,14.9,13.9,23850.0,479400.0
2019,Postres Individuales,71414.0,14,0.05,8.7,9.8,17700.0,967010.0
2020,Panaderia Artesanal,81049.0,6,0.2,24.0,3.7,8550.0,395619.0
2021,Postres Individuales,55740.0,12,0.0,42.0,8.0,15000.0,685472.0
2022,Galletas y Brownies,33312.0,7,0.1,40.2,11.6,20400.0,227642.0
2023,Galletas y Brownies,53266.0,4,0.05,41.5,1.4,5100.0,207294.0
2024,Bebidas,29960.0,12,0.05,43.5,13.0,22500.0,360830.0
2025,Postres Individuales,77786.0,11,0.05,8.7,9.7,17550.0,829529.0
2026,Bebidas,74632.0,7,0.0,7.9,11.0,19500.0,538438.0
2027,Tortas Personalizadas,49659.0,13,0.0,20.1,10.6,18900.0,663258.0
2028,Postres Individuales,30984.0,11,0.15,31.5,12.8,22200.0,313248.0
2029,Panaderia Artesanal,28471.0,8,0.0,20.6,1.8,5700.0,231260.0
2030,Tortas Personalizadas,7673.0,11,0.2,40.3,6.0,12000.0,78615.0
2031,Tortas Personalizadas,70266.0,3,0.05,32.7,7.8,14700.0,216272.0
2032,Panaderia Artesanal,41031.0,2,0.0,29.1,8.4,15600.0,100911.0
2033,Tortas Personalizadas,31011.0,5,0.15,4.6,14.2,24300.0,156444.0
2034,Postres Individuales,42689.0,2,0.1,9.1,1.1,4650.0,80778.0
2035,Bebidas,70499.0,10,0.0,20.1,13.1,22650.0,727165.0
2036,Tortas Personalizadas,14969.0,5,0.0,44.0,8.5,15750.0,89540.0
2037,Postres Individuales,73612.0,10,0.15,16.0,8.5,15750.0,641106.0
2038,Galletas y Brownies,76801.0,13,0.1,28.9,5.1,10650.0,913662.0
2039,Postres Individuales,80737.0,6,0.1,44.5,9.8,17700.0,455106.0
2040,Bebidas,36799.0,8,0.1,13.0,9.9,17850.0,283692.0
2041,Postres Individuales,22371.0,6,0.0,8.8,3.2,7800.0,142565.0
2042,Panaderia Artesanal,34891.0,4,0.15,25.3,10.3,18450.0,137245.0
2043,Bebidas,31633.0,3,0.0,25.5,4.4,9600.0,104690.0
2044,Galletas y Brownies,19092.0,14,0.0,41.6,10.5,18750.0,288487.0
2045,Panaderia Artesanal,53581.0,14,0.0,2.6,9.4,17100.0,767449.0
2046,Postres Individuales,43130.0,2,0.0,19.2,10.9,19350.0,105280.0
2047,Bebidas,74256.0,13,0.05,15.1,0.8,4200.0,919695.0
2048,Galletas y Brownies,7569.0,1,0.0,26.3,2.3,6450.0,14226.0
2049,Panaderia Artesanal,56509.0,2,0.0,1.9,12.7,22050.0,134164.0
2050,Galletas y Brownies,66036.0,2,0.0,32.4,6.0,12000.0,143813.0
2051,Postres Individuales,65759.0,5,0.05,22.6,12.6,21900.0,332816.0
2052,Galletas y Brownies,75886.0,9,0.0,32.0,1.4,5100.0,688170.0
2053,Tortas Personalizadas,63323.0,1,0.0,21.0,11.7,20550.0,82886.0
2054,Panaderia Artesanal,79225.0,4,0.1,22.1,1.7,5550.0,288855.0
2055,Galletas y Brownies,31613.0,10,0.0,40.5,7.3,13950.0,331974.0
2056,Postres Individuales,45257.0,7,0.0,10.7,14.1,24150.0,338771.0
2057,Postres Individuales,6126.0,11,0.2,11.0,1.6,5400.0,58134.0
2058,Galletas y Brownies,5557.0,14,0.0,25.8,5.6,11400.0,89765.0
2059,Postres Individuales,24210.0,10,0.0,30.2,8.0,15000.0,258600.0
2060,Bebidas,13065.0,3,0.05,16.9,13.5,23250.0,60442.0
2061,Bebidas,25817.0,8,0.1,24.1,5.3,10950.0,196648.0
2062,Bebidas,19163.0,3,0.1,11.4,12.2,21300.0,71072.0
2063,Tortas Personalizadas,7282.0,8,0.0,7.4,10.9,19350.0,76571.0
2064,Galletas y Brownies,77744.0,13,0.1,11.9,5.0,10500.0,917566.0
2065,Tortas Personalizadas,5658.0,2,0.1,41.4,5.4,11100.0,21025.0
2066,Postres Individuales,63887.0,5,0.0,36.4,3.3,7950.0,328105.0
2067,Tortas Personalizadas,17172.0,4,0.0,7.6,10.5,18750.0,88020.0
2068,Postres Individuales,77978.0,11,0.1,3.5,8.7,16050.0,785378.0
2069,Postres Individuales,76424.0,9,0.0,5.6,2.7,7050.0,695794.0
2070,Panaderia Artesanal,57312.0,3,0.0,14.3,9.5,17250.0,191119.0
2071,Bebidas,58779.0,12,0.0,36.8,7.7,14550.0,719333.0
2072,Postres Individuales,5427.0,11,0.0,15.5,1.8,5700.0,67761.0
2073,Panaderia Artesanal,83790.0,5,0.0,9.6,14.3,24450.0,442721.0
2074,Bebidas,75227.0,10,0.0,18.7,12.6,21900.0,771847.0
2075,Postres Individuales,76608.0,9,0.0,6.9,1.5,5250.0,694497.0
2076,Postres Individuales,57740.0,13,0.15,22.0,14.0,24000.0,661576.0
2077,Tortas Personalizadas,32583.0,6,0.0,30.9,13.8,23700.0,220783.0
2078,Tortas Personalizadas,76492.0,2,0.0,17.5,1.1,4650.0,156138.0
2079,Bebidas,28321.0,1,0.2,9.1,3.4,8100.0,31350.0
2080,Postres Individuales,50017.0,12,0.15,21.2,10.7,19050.0,526641.0
2081,Galletas y Brownies,12978.0,11,0.0,34.7,14.1,24150.0,166088.0
2082,Tortas Personalizadas,78756.0,1,0.0,4.8,12.4,21600.0,99786.0
2083,Bebidas,16262.0,7,0.05,4.6,4.6,9900.0,117285.0
2084,Postres Individuales,22992.0,14,0.15,15.3,1.0,4500.0,275757.0
2085,Postres Individuales,49651.0,12,0.0,19.6,7.4,14100.0,609095.0
2086,Galletas y Brownies,66127.0,2,0.0,10.9,1.8,5700.0,137999.0
2087,Bebidas,54548.0,7,0.1,2.7,4.1,9150.0,354397.0
2088,Postres Individuales,23571.0,1,0.0,11.1,9.8,17700.0,40123.0
2089,Tortas Personalizadas,5075.0,4,0.1,20.4,7.7,14550.0,31291.0
2090,Galletas y Brownies,65572.0,10,0.05,5.0,6.0,12000.0,638330.0
2091,Bebidas,83817.0,13,0.0,32.6,14.0,24000.0,1110429.0
2092,Galletas y Brownies,69793.0,11,0.0,25.5,3.3,7950.0,774528.0
2093,Tortas Personalizadas,41817.0,4,0.05,20.4,7.6,14400.0,171719.0
2094,Bebidas,77301.0,5,0.1,24.1,8.8,16200.0,361534.0
2095,Galletas y Brownies,37788.0,14,0.1,30.0,5.2,10800.0,486791.0
2096,Panaderia Artesanal,46995.0,14,0.1,44.8,10.7,19050.0,612824.0
2097,Tortas Personalizadas,43170.0,10,0.0,35.2,13.1,22650.0,455912.0
2098,Tortas Personalizadas,40810.0,1,0.05,25.0,8.4,15600.0,55228.0
2099,Tortas Personalizadas,67015.0,7,0.0,35.0,11.8,20700.0,491590.0
2100,Panaderia Artesanal,47142.0,11,0.05,22.2,1.4,5100.0,497376.0
2101,Panaderia Artesanal,30337.0,2,0.0,15.0,2.7,7050.0,67727.0
2102,Postres Individuales,25653.0,12,0.1,12.9,7.2,13800.0,291216.0
2103,Galletas y Brownies,8020.0,11,0.05,18.9,13.9,23850.0,109563.0
2104,Postres Individuales,51656.0,13,0.05,1.6,8.2,15300.0,652646.0
2105,Galletas y Brownies,23397.0,11,0.15,9.2,6.8,13200.0,233759.0
2106,Panaderia Artesanal,16851.0,13,0.0,7.0,9.2,16800.0,238231.0
2107,Panaderia Artesanal,57306.0,2,0.0,43.3,2.3,6450.0,121532.0
2108,Postres Individuales,59497.0,8,0.0,4.3,10.0,18000.0,495191.0
2109,Bebidas,65172.0,9,0.2,23.3,1.9,5850.0,473319.0
2110,Postres Individuales,45286.0,6,0.0,41.5,8.9,16350.0,288921.0
2111,Galletas y Brownies,76524.0,11,0.0,27.9,10.9,19350.0,861963.0
2112,Postres Individuales,79907.0,1,0.15,23.0,6.5,12750.0,81058.0
2113,Tortas Personalizadas,69590.0,1,0.15,33.8,13.7,23550.0,84010.0
2114,Galletas y Brownies,55847.0,14,0.15,16.9,2.7,7050.0,671877.0
2115,Galletas y Brownies,29298.0,11,0.0,9.9,3.0,7500.0,329280.0
2116,Bebidas,83636.0,7,0.1,38.4,8.0,15000.0,541732.0
2117,Panaderia Artesanal,26931.0,8,0.05,4.0,14.0,24000.0,228547.0
2118,Galletas y Brownies,21213.0,3,0.05,36.6,6.2,12300.0,72743.0
2119,Panaderia Artesanal,40372.0,9,0.0,6.0,13.9,23850.0,386647.0
2120,Postres Individuales,9547.0,4,0.1,28.7,10.6,18900.0,52655.0
2121,Tortas Personalizadas,83280.0,4,0.0,22.3,11.8,20700.0,354779.0
2122,Bebidas,52075.0,3,0.0,44.9,14.1,24150.0,180447.0
2123,Panaderia Artesanal,49556.0,8,0.05,18.4,8.8,16200.0,391086.0
2124,Galletas y Brownies,57464.0,9,0.0,43.1,9.8,17700.0,535720.0
2125,Panaderia Artesanal,44762.0,1,0.0,19.1,8.9,16350.0,59755.0
2126,Galletas y Brownies,7565.0,2,0.0,31.2,11.9,20850.0,38808.0
2127,Panaderia Artesanal,53985.0,1,0.1,29.5,4.5,9750.0,56821.0
2128,Galletas y Brownies,62294.0,14,0.0,5.3,11.9,20850.0,895856.0
2129,Postres Individuales,38340.0,4,0.1,33.8,10.8,19200.0,157909.0
2130,Galletas y Brownies,65584.0,10,0.05,10.6,9.2,16800.0,639214.0
2131,Galletas y Brownies,23160.0,7,0.05,18.4,1.1,4650.0,157489.0
2132,Tortas Personalizadas,22702.0,14,0.0,35.5,11.7,20550.0,339265.0
2133,Galletas y Brownies,17913.0,7,0.1,42.6,2.4,6600.0,118905.0
2134,Tortas Personalizadas,34760.0,12,0.0,25.9,14.4,24600.0,440622.0
2135,Bebidas,72761.0,6,0.0,24.1,1.7,5550.0,441179.0
2136,Tortas Personalizadas,71233.0,13,0.05,23.5,10.9,19350.0,899040.0
2137,Postres Individuales,35626.0,11,0.2,37.0,5.7,11550.0,325169.0
2138,Tortas Personalizadas,52129.0,5,0.0,44.7,11.2,19800.0,282260.0
2139,Bebidas,62665.0,11,0.05,29.1,8.0,15000.0,669493.0
2140,Postres Individuales,24297.0,4,0.15,18.0,9.6,17400.0,100868.0
2141,Panaderia Artesanal,18451.0,12,0.15,11.0,1.6,5400.0,192955.0
2142,Panaderia Artesanal,82768.0,13,0.0,10.1,14.5,24750.0,1099359.0
2143,Tortas Personalizadas,54405.0,14,0.05,38.7,0.6,3900.0,726418.0
2144,Tortas Personalizadas,83513.0,8,0.0,44.7,14.1,24150.0,687521.0
2145,Bebidas,32020.0,7,0.1,31.9,8.7,16050.0,217812.0
2146,Bebidas,61243.0,11,0.0,43.1,4.2,9300.0,682327.0
2147,Galletas y Brownies,22808.0,11,0.1,16.7,9.7,17550.0,243009.0
2148,Bebidas,25896.0,10,0.15,28.8,10.3,18450.0,237734.0
2149,Galletas y Brownies,45952.0,1,0.2,23.8,11.1,19650.0,56479.0
2150,Postres Individuales,30569.0,6,0.15,22.5,0.7,4050.0,162004.0
2151,Tortas Personalizadas,18410.0,14,0.0,29.0,14.8,25200.0,283919.0
2152,Postres Individuales,26030.0,2,0.0,15.0,9.5,17250.0,67998.0
2153,Bebidas,7860.0,4,0.05,29.4,6.0,12000.0,44076.0
2154,Postres Individuales,61354.0,5,0.05,30.8,8.8,16200.0,311317.0
2155,Postres Individuales,44369.0,8,0.0,37.9,3.1,7650.0,362549.0
2156,Postres Individuales,12539.0,6,0.0,33.3,4.1,9150.0,84234.0
2157,Bebidas,18736.0,11,0.15,15.4,1.7,5550.0,181976.0
2158,Postres Individuales,13203.0,2,0.15,21.1,13.2,22800.0,46232.0
2159,Galletas y Brownies,54007.0,5,0.0,6.7,4.1,9150.0,278551.0
2160,Bebidas,12537.0,5,0.0,12.7,11.2,19800.0,81724.0
2161,Postres Individuales,65343.0,6,0.05,24.2,4.5,9750.0,381541.0
2162,Bebidas,6641.0,1,0.15,5.9,2.6,6900.0,14430.0
2163,Panaderia Artesanal,24950.0,8,0.05,26.3,2.1,6150.0,195245.0
2164,Galletas y Brownies,76253.0,3,0.2,18.5,13.0,22500.0,205504.0
2165,Postres Individuales,62483.0,5,0.1,3.0,2.2,6300.0,288960.0
2166,Panaderia Artesanal,10837.0,7,0.2,20.4,1.8,5700.0,68286.0
2167,Panaderia Artesanal,70690.0,3,0.1,13.7,0.6,3900.0,193404.0
2168,Bebidas,44443.0,14,0.15,4.4,5.8,11700.0,538723.0
2169,Panaderia Artesanal,72743.0,10,0.1,14.3,14.2,24300.0,679494.0
2170,Galletas y Brownies,53059.0,13,0.0,14.3,13.7,23550.0,713463.0
2171,Galletas y Brownies,59547.0,6,0.0,16.9,2.2,6300.0,364725.0
2172,Tortas Personalizadas,84480.0,5,0.15,17.4,0.7,4050.0,360937.0
2173,Galletas y Brownies,23587.0,7,0.0,20.2,11.4,20100.0,184710.0
2174,Panaderia Artesanal,54916.0,10,0.0,5.5,4.9,10350.0,559829.0
2175,Galletas y Brownies,41826.0,11,0.1,1.7,12.6,21900.0,434512.0
2176,Bebidas,8156.0,3,0.1,33.5,3.6,8400.0,31161.0
2177,Tortas Personalizadas,6158.0,13,0.0,16.2,7.6,14400.0,96263.0
2178,Panaderia Artesanal,14538.0,14,0.0,28.2,1.0,4500.0,206593.0
2179,Tortas Personalizadas,56927.0,2,0.0,14.9,13.5,23250.0,138298.0
2180,Panaderia Artesanal,50373.0,4,0.0,44.3,3.1,7650.0,208972.0
2181,Bebidas,49274.0,3,0.15,15.2,4.8,10200.0,134932.0
2182,Tortas Personalizadas,7549.0,4,0.05,27.8,7.5,14250.0,42251.0
2183,Postres Individuales,42544.0,7,0.2,11.1,4.4,9600.0,249219.0
2184,Panaderia Artesanal,78970.0,5,0.0,24.0,1.1,4650.0,398865.0
2185,Postres Individuales,36807.0,4,0.0,26.7,0.9,4350.0,151001.0
2186,Tortas Personalizadas,54994.0,14,0.1,9.5,14.4,24600.0,719057.0
2187,Postres Individuales,67385.0,6,0.0,6.9,5.2,10800.0,416304.0
2188,Postres Individuales,67714.0,7,0.0,43.9,5.3,10950.0,484259.0
2189,Tortas Personalizadas,46542.0,12,0.2,40.4,13.9,23850.0,473437.0
2190,Bebidas,73636.0,14,0.15,30.2,12.6,21900.0,899490.0
2191,Postres Individuales,36310.0,11,0.05,39.0,10.5,18750.0,400504.0
2192,Postres Individuales,76095.0,5,0.05,5.7,10.0,18000.0,382110.0
2193,Bebidas,24218.0,12,0.0,33.2,12.1,21150.0,310912.0
2194,Postres Individuales,27417.0,7,0.2,13.9,2.9,7350.0,159867.0
2195,Postres Individuales,9250.0,3,0.1,25.0,10.1,18150.0,40399.0
2196,Postres Individuales,68647.0,7,0.0,34.8,1.9,5850.0,488593.0
2197,Galletas y Brownies,38364.0,12,0.0,3.0,2.3,6450.0,464355.0
2198,Bebidas,23329.0,3,0.1,31.7,4.0,9000.0,72401.0
2199,Postres Individuales,23543.0,14,0.0,20.4,10.8,19200.0,347080.0
2200,Bebidas,77112.0,6,0.15,20.6,13.4,23100.0,416196.0
2201,Panaderia Artesanal,71713.0,8,0.2,41.0,10.5,18750.0,477690.0
2202,Panaderia Artesanal,49282.0,13,0.15,38.9,6.5,12750.0,560011.0
2203,Postres Individuales,54289.0,6,0.1,4.0,7.9,14850.0,308975.0
2204,Bebidas,42946.0,10,0.0,28.4,10.8,19200.0,453065.0
2205,Bebidas,36333.0,11,0.0,20.5,9.4,17100.0,417072.0
2206,Bebidas,78238.0,3,0.1,6.6,8.2,15300.0,226994.0
2207,Galletas y Brownies,15049.0,12,0.0,38.5,3.9,8850.0,187805.0
2208,Panaderia Artesanal,38476.0,5,0.05,4.6,9.4,17100.0,198848.0
2209,Bebidas,32565.0,9,0.0,2.9,0.8,4200.0,295125.0
2210,Bebidas,44852.0,8,0.0,10.1,8.6,15900.0,374644.0
2211,Galletas y Brownies,41611.0,6,0.0,14.7,12.4,21600.0,270090.0
2212,Galletas y Brownies,46511.0,9,0.1,4.1,3.1,7650.0,383787.0
2213,Bebidas,16194.0,2,0.0,29.4,2.2,6300.0,36762.0
2214,Tortas Personalizadas,46051.0,13,0.0,20.5,14.6,24900.0,622383.0
2215,Bebidas,24394.0,11,0.0,19.4,12.7,22050.0,290420.0
2216,Bebidas,19747.0,9,0.0,7.8,4.9,10350.0,185093.0
2217,Galletas y Brownies,10187.0,10,0.15,20.5,3.5,8250.0,97566.0
2218,Galletas y Brownies,66012.0,13,0.05,18.5,5.3,10950.0,828237.0
2219,Bebidas,39195.0,10,0.0,18.2,6.8,13200.0,408634.0
2220,Bebidas,55131.0,6,0.0,11.0,12.4,21600.0,350910.0
2221,Bebidas,63207.0,9,0.2,5.6,4.0,9000.0,463345.0
2222,Galletas y Brownies,59345.0,12,0.05,12.8,11.0,19500.0,699134.0
2223,Bebidas,42640.0,4,0.0,30.5,14.0,24000.0,197210.0
2224,Bebidas,36032.0,5,0.0,4.7,6.0,12000.0,191461.0
2225,Postres Individuales,35077.0,2,0.0,18.1,0.9,4350.0,72756.0
2226,Tortas Personalizadas,56204.0,3,0.0,23.9,12.5,21750.0,193152.0
2227,Panaderia Artesanal,44584.0,1,0.1,43.4,10.8,19200.0,58257.0
2228,Tortas Personalizadas,72931.0,4,0.0,38.2,2.7,7050.0,299747.0
2229,Postres Individuales,74976.0,12,0.1,41.4,9.2,16800.0,827445.0
2230,Panaderia Artesanal,18645.0,2,0.0,37.2,12.5,21750.0,58563.0
2231,Bebidas,15899.0,12,0.0,27.1,3.1,7650.0,196526.0
2232,Postres Individuales,55432.0,2,0.1,38.9,3.7,8550.0,109953.0
2233,Bebidas,29098.0,1,0.0,26.1,3.4,8100.0,35190.0
2234,Galletas y Brownies,6486.0,10,0.1,17.1,15.0,25500.0,81623.0
2235,Postres Individuales,76091.0,12,0.1,17.7,3.8,8700.0,830556.0
2236,Galletas y Brownies,23152.0,2,0.2,26.1,4.4,9600.0,44598.0
2237,Postres Individuales,79342.0,4,0.0,36.7,1.2,4800.0,322715.0
2238,Postres Individuales,62395.0,6,0.0,7.3,14.8,25200.0,401837.0
2239,Galletas y Brownies,66012.0,13,0.05,3.2,4.1,9150.0,825968.0
2240,Panaderia Artesanal,21117.0,12,0.0,35.8,11.0,19500.0,275471.0
2241,Tortas Personalizadas,23736.0,7,0.0,29.7,0.9,4350.0,171695.0
2242,Bebidas,46701.0,7,0.0,37.2,11.9,20850.0,347298.0
2243,Postres Individuales,18768.0,7,0.05,44.0,11.4,20100.0,142916.0
2244,Bebidas,29435.0,4,0.0,12.4,1.7,5550.0,121548.0
2245,Galletas y Brownies,30717.0,12,0.1,10.0,2.3,6450.0,339252.0
2246,Bebidas,17770.0,5,0.1,16.3,4.8,10200.0,91274.0
2247,Galletas y Brownies,21415.0,14,0.0,39.7,5.6,11400.0,310152.0
2248,Bebidas,68084.0,11,0.1,2.1,11.9,20850.0,694590.0
2249,Tortas Personalizadas,18376.0,12,0.0,2.0,1.4,5100.0,226618.0
2250,Tortas Personalizadas,7277.0,3,0.0,10.9,9.9,17850.0,39007.0
2251,Tortas Personalizadas,55348.0,1,0.0,17.9,3.8,8700.0,66748.0
2252,Tortas Personalizadas,83079.0,14,0.1,14.7,6.0,12000.0,1059245.0
2253,Tortas Personalizadas,31497.0,8,0.0,37.4,0.5,3750.0,256841.0
2254,Tortas Personalizadas,14492.0,10,0.0,31.5,4.7,10050.0,154850.0
2255,Galletas y Brownies,50631.0,11,0.2,37.9,3.0,7500.0,453684.0
2256,Postres Individuales,77508.0,7,0.0,18.2,7.8,14700.0,554989.0
2257,Bebidas,67725.0,14,0.15,27.4,2.8,7200.0,813075.0
2258,Tortas Personalizadas,54801.0,9,0.0,23.9,12.6,21900.0,513957.0
2259,Galletas y Brownies,30205.0,14,0.1,22.2,13.3,22950.0,407301.0
2260,Galletas y Brownies,48350.0,10,0.05,14.0,12.8,22200.0,481773.0
2261,Galletas y Brownies,12300.0,4,0.15,32.4,14.7,25050.0,66593.0
2262,Postres Individuales,59316.0,12,0.2,24.3,13.8,23700.0,593724.0
2263,Bebidas,63008.0,12,0.15,4.9,4.6,9900.0,653065.0
2264,Postres Individuales,82203.0,5,0.0,1.5,5.1,10650.0,421668.0
2265,Panaderia Artesanal,25832.0,5,0.1,2.4,8.2,15300.0,132549.0
2266,Galletas y Brownies,6477.0,13,0.1,4.8,6.1,12150.0,88802.0
2267,Panaderia Artesanal,48649.0,7,0.0,17.6,14.6,24900.0,365566.0
2268,Tortas Personalizadas,61543.0,13,0.15,14.8,5.4,11100.0,693425.0
2269,Tortas Personalizadas,68233.0,9,0.0,8.3,11.2,19800.0,631511.0
2270,Postres Individuales,20499.0,8,0.0,23.9,8.8,16200.0,179553.0
2271,Bebidas,25940.0,7,0.0,43.7,14.4,24600.0,205586.0
2272,Panaderia Artesanal,46007.0,14,0.05,8.5,11.3,19950.0,631801.0
2273,Bebidas,31448.0,1,0.05,12.4,4.9,10350.0,39798.0
2274,Postres Individuales,73841.0,12,0.05,21.6,3.4,8100.0,849078.0
2275,Tortas Personalizadas,42901.0,10,0.0,29.4,12.9,22350.0,453220.0
2276,Bebidas,68966.0,13,0.05,27.6,13.7,23550.0,873789.0
2277,Bebidas,51450.0,6,0.15,24.2,12.6,21900.0,285000.0
2278,Tortas Personalizadas,66847.0,10,0.0,33.6,11.2,19800.0,687487.0
2279,Panaderia Artesanal,31614.0,9,0.05,38.3,5.2,10800.0,281670.0
2280,Tortas Personalizadas,71513.0,13,0.0,45.0,7.8,14700.0,946340.0
2281,Bebidas,26966.0,7,0.0,21.7,13.8,23700.0,207694.0
2282,Panaderia Artesanal,48688.0,1,0.05,44.8,2.5,6750.0,51760.0
2283,Panaderia Artesanal,22121.0,9,0.0,33.3,7.7,14550.0,212401.0
2284,Tortas Personalizadas,43042.0,3,0.1,30.1,5.7,11550.0,127524.0
2285,Bebidas,30454.0,14,0.05,29.3,10.3,18450.0,424862.0
2286,Postres Individuales,26336.0,9,0.0,41.1,9.7,17550.0,257337.0
2287,Bebidas,82359.0,4,0.0,42.7,8.6,15900.0,346686.0
2288,Galletas y Brownies,17806.0,9,0.15,9.3,4.6,9900.0,145902.0
2289,Postres Individuales,67986.0,13,0.0,23.0,2.8,7200.0,890245.0
2290,Panaderia Artesanal,83733.0,8,0.05,42.5,11.9,20850.0,659495.0
2291,Postres Individuales,6592.0,7,0.15,18.1,14.9,25350.0,62340.0
2292,Panaderia Artesanal,60922.0,4,0.15,11.6,3.0,7500.0,215228.0
2293,Panaderia Artesanal,25233.0,9,0.05,6.0,1.6,5400.0,222939.0
2294,Postres Individuales,8239.0,4,0.0,27.5,11.3,19950.0,52457.0
2295,Panaderia Artesanal,37231.0,1,0.0,32.0,5.5,11250.0,48954.0
2296,Panaderia Artesanal,79817.0,6,0.0,10.0,3.6,8400.0,485289.0
2297,Galletas y Brownies,5941.0,4,0.05,30.8,8.1,15150.0,38470.0
2298,Bebidas,52031.0,10,0.0,40.6,10.3,18450.0,538857.0
2299,Bebidas,45112.0,3,0.15,12.1,3.6,8400.0,124252.0
2300,Galletas y Brownies,74871.0,12,0.05,6.8,14.9,25350.0,878211.0
2301,Postres Individuales,11720.0,5,0.0,37.8,5.3,10950.0,67882.0
2302,Tortas Personalizadas,59522.0,3,0.0,41.4,5.1,10650.0,190871.0
2303,Tortas Personalizadas,59409.0,11,0.05,10.8,6.6,12900.0,635414.0
2304,Tortas Personalizadas,58526.0,9,0.0,32.9,11.3,19950.0,547532.0
2305,Galletas y Brownies,80387.0,12,0.1,27.2,13.2,22800.0,891571.0
2306,Galletas y Brownies,70847.0,6,0.15,11.9,5.2,10800.0,368508.0
2307,Panaderia Artesanal,8358.0,3,0.2,37.3,2.2,6300.0,28169.0
2308,Tortas Personalizadas,42687.0,5,0.1,22.0,4.2,9300.0,202100.0
2309,Postres Individuales,36836.0,8,0.15,32.0,1.7,5550.0,257934.0
2310,Postres Individuales,29812.0,14,0.05,14.6,9.6,17400.0,412123.0
2311,Tortas Personalizadas,41107.0,8,0.0,37.0,11.2,19800.0,349640.0
2312,Tortas Personalizadas,35736.0,6,0.1,13.0,6.7,13050.0,206914.0
2313,Tortas Personalizadas,39587.0,5,0.0,17.4,14.3,24450.0,217250.0
2314,Galletas y Brownies,83341.0,5,0.0,18.5,11.0,19500.0,436059.0
2315,Galletas y Brownies,12091.0,1,0.1,10.5,6.0,12000.0,22874.0
2316,Galletas y Brownies,78778.0,2,0.2,39.5,2.0,6000.0,130592.0
2317,Bebidas,43419.0,12,0.05,6.4,7.7,14550.0,510238.0
2318,Postres Individuales,54899.0,11,0.0,26.0,7.8,14700.0,618931.0
2319,Postres Individuales,71415.0,4,0.05,36.9,8.5,15750.0,286154.0
2320,Panaderia Artesanal,33837.0,6,0.0,26.8,10.4,18600.0,220823.0
2321,Galletas y Brownies,39434.0,11,0.0,15.7,4.3,9450.0,440722.0
2322,Bebidas,37761.0,7,0.15,35.5,0.5,3750.0,229094.0
2323,Bebidas,34978.0,1,0.0,23.2,12.3,21450.0,56899.0
2324,Postres Individuales,79042.0,8,0.0,8.6,12.4,21600.0,653745.0
2325,Galletas y Brownies,71314.0,12,0.1,15.3,13.7,23550.0,793323.0
2326,Panaderia Artesanal,13720.0,1,0.0,27.2,14.6,24900.0,39734.0
2327,Galletas y Brownies,13650.0,9,0.1,30.2,2.8,7200.0,117992.0
2328,Tortas Personalizadas,39230.0,4,0.05,25.3,5.6,11400.0,161707.0
2329,Galletas y Brownies,12893.0,12,0.1,13.3,12.8,22200.0,161754.0
2330,Tortas Personalizadas,54527.0,7,0.0,27.3,14.0,24000.0,407076.0
2331,Tortas Personalizadas,16495.0,11,0.0,16.0,0.7,4050.0,186781.0
2332,Panaderia Artesanal,46790.0,14,0.0,11.3,6.1,12150.0,668642.0
2333,Postres Individuales,5578.0,6,0.05,42.6,2.1,6150.0,37035.0
2334,Galletas y Brownies,30328.0,13,0.0,15.2,11.9,20850.0,416131.0
2335,Tortas Personalizadas,59175.0,9,0.0,16.1,11.3,19950.0,552529.0
2336,Galletas y Brownies,43723.0,14,0.2,40.5,11.4,20100.0,509604.0
2337,Postres Individuales,83262.0,2,0.0,7.7,6.2,12300.0,178112.0
2338,Postres Individuales,74928.0,11,0.1,26.9,6.4,12600.0,754892.0
2339,Bebidas,33726.0,7,0.1,35.6,4.3,9450.0,219006.0
2340,Postres Individuales,8639.0,11,0.15,13.4,5.7,11550.0,92840.0
2341,Panaderia Artesanal,72650.0,5,0.15,38.2,14.8,25200.0,334473.0
2342,Tortas Personalizadas,77899.0,13,0.05,35.0,1.2,4800.0,968456.0
2343,Bebidas,70650.0,7,0.05,22.6,5.2,10800.0,480824.0
2344,Panaderia Artesanal,15236.0,1,0.05,6.7,12.0,21000.0,37536.0
2345,Galletas y Brownies,84833.0,11,0.0,43.7,6.0,12000.0,944574.0
2346,Tortas Personalizadas,25687.0,11,0.0,28.7,14.3,24450.0,306241.0
2347,Postres Individuales,62936.0,10,0.0,24.0,5.3,10950.0,642706.0
2348,Tortas Personalizadas,77643.0,9,0.0,40.0,12.8,22200.0,720127.0
2349,Galletas y Brownies,23855.0,1,0.1,19.8,12.3,21450.0,39592.0
2350,Bebidas,77661.0,14,0.2,26.0,0.6,3900.0,876122.0
2351,Bebidas,29759.0,5,0.15,38.8,6.3,12450.0,141467.0
2352,Bebidas,83113.0,14,0.0,18.6,4.6,9900.0,1173246.0
2353,Postres Individuales,27501.0,8,0.0,35.1,7.5,14250.0,234165.0
2354,Panaderia Artesanal,81275.0,1,0.1,12.6,7.2,13800.0,86196.0
2355,Panaderia Artesanal,9284.0,7,0.0,32.1,13.6,23400.0,91203.0
2356,Tortas Personalizadas,61742.0,2,0.1,23.7,3.2,7800.0,121243.0
2357,Postres Individuales,47569.0,7,0.1,8.7,3.1,7650.0,306520.0
2358,Bebidas,43230.0,7,0.05,7.4,2.1,6150.0,293846.0
2359,Bebidas,22880.0,9,0.0,21.4,11.2,19800.0,228418.0
2360,Galletas y Brownies,61448.0,6,0.0,32.4,13.8,23700.0,395481.0
2361,Galletas y Brownies,20265.0,4,0.0,27.7,5.8,11700.0,93394.0
2362,Bebidas,49227.0,7,0.05,38.7,1.4,5100.0,333325.0
2363,Bebidas,25260.0,7,0.2,18.5,2.8,7200.0,148741.0
2364,Postres Individuales,81450.0,4,0.0,38.2,2.0,6000.0,331086.0
2365,Panaderia Artesanal,7290.0,2,0.0,3.1,9.1,16650.0,32320.0
2366,Galletas y Brownies,20978.0,13,0.05,17.4,4.6,9900.0,271575.0
2367,Panaderia Artesanal,24385.0,11,0.0,4.7,13.5,23250.0,290362.0
2368,Postres Individuales,38125.0,9,0.15,41.5,2.9,7350.0,299523.0
2369,Bebidas,23618.0,14,0.0,22.2,14.0,24000.0,355102.0
2370,Panaderia Artesanal,44308.0,8,0.2,15.3,5.3,10950.0,292720.0
2371,Bebidas,74797.0,5,0.15,22.9,13.1,22650.0,340798.0
2372,Bebidas,61965.0,14,0.15,24.7,14.3,24450.0,761800.0
2373,Tortas Personalizadas,51397.0,5,0.0,38.3,14.8,25200.0,281752.0
2374,Panaderia Artesanal,12120.0,1,0.0,25.1,12.2,21300.0,35732.0
2375,Panaderia Artesanal,60519.0,11,0.1,20.3,2.0,6000.0,604741.0
2376,Bebidas,18313.0,9,0.1,43.3,1.3,4950.0,152151.0
2377,Postres Individuales,67909.0,11,0.1,43.6,11.2,19800.0,693347.0
2378,Tortas Personalizadas,25005.0,14,0.0,3.2,13.5,23250.0,373971.0
2379,Bebidas,38364.0,10,0.0,32.2,2.9,7350.0,391334.0
2380,Galletas y Brownies,33038.0,11,0.2,17.7,14.1,24150.0,316162.0
2381,Galletas y Brownies,73705.0,8,0.0,30.9,9.3,16950.0,606618.0
2382,Tortas Personalizadas,15124.0,5,0.0,29.2,2.3,6450.0,81823.0
2383,Postres Individuales,50252.0,10,0.0,15.9,2.9,7350.0,508952.0
2384,Bebidas,16365.0,6,0.1,44.4,1.5,5250.0,95119.0
2385,Panaderia Artesanal,61384.0,12,0.0,17.0,2.6,6900.0,745863.0
2386,Tortas Personalizadas,77406.0,10,0.05,29.0,11.1,19650.0,758720.0
2387,Postres Individuales,39769.0,11,0.0,36.9,3.7,8550.0,447238.0
2388,Panaderia Artesanal,44047.0,10,0.0,7.8,8.6,15900.0,459245.0
2389,Galletas y Brownies,79194.0,8,0.1,14.6,11.0,19500.0,588947.0
2390,Galletas y Brownies,46679.0,6,0.0,10.2,13.5,23250.0,302212.0
2391,Panaderia Artesanal,44008.0,10,0.0,35.5,9.1,16650.0,455161.0
2392,Tortas Personalizadas,51266.0,14,0.05,36.4,8.8,16200.0,698268.0
2393,Galletas y Brownies,60138.0,4,0.0,12.6,13.7,23550.0,263803.0
2394,Bebidas,13551.0,3,0.0,1.7,4.8,10200.0,53598.0
2395,Panaderia Artesanal,70689.0,7,0.15,19.9,3.5,8250.0,428458.0
2396,Panaderia Artesanal,39840.0,13,0.15,31.4,13.2,22800.0,462764.0
2397,Galletas y Brownies,10788.0,2,0.0,28.6,1.6,5400.0,28432.0
2398,Tortas Personalizadas,67895.0,7,0.0,20.9,3.3,7950.0,485085.0
2399,Bebidas,35156.0,1,0.0,14.6,6.5,12750.0,48914.0
2400,Tortas Personalizadas,13029.0,13,0.15,22.1,5.7,11550.0,156890.0
2401,Postres Individuales,55702.0,10,0.05,2.2,10.7,19050.0,549614.0
2402,Postres Individuales,75411.0,5,0.0,4.7,1.8,5700.0,385927.0
2403,Galletas y Brownies,76020.0,9,0.15,8.6,7.4,14100.0,593074.0
2404,Galletas y Brownies,81613.0,13,0.05,28.7,12.2,21300.0,1028478.0
2405,Galletas y Brownies,74416.0,13,0.0,11.0,10.4,18600.0,988531.0
2406,Postres Individuales,5171.0,1,0.0,19.9,9.7,17550.0,22814.0
2407,Tortas Personalizadas,35419.0,8,0.0,28.5,4.0,9000.0,293667.0
2408,Tortas Personalizadas,70483.0,9,0.2,37.6,6.2,12300.0,516278.0
2409,Galletas y Brownies,34300.0,9,0.1,25.4,3.1,7650.0,284546.0
2410,Bebidas,53124.0,8,0.0,9.2,7.9,14850.0,437240.0
2411,Tortas Personalizadas,53505.0,4,0.05,42.9,9.0,16500.0,218933.0
2412,Postres Individuales,34202.0,14,0.05,5.4,9.7,17550.0,472049.0
2413,Panaderia Artesanal,77358.0,14,0.0,17.5,13.2,22800.0,1106371.0
2414,Panaderia Artesanal,45258.0,7,0.0,41.6,1.4,5100.0,323991.0
2415,Panaderia Artesanal,42183.0,1,0.05,27.7,6.1,12150.0,53422.0
2416,Bebidas,84801.0,7,0.0,30.3,9.1,16650.0,611310.0
2417,Galletas y Brownies,44480.0,6,0.0,14.6,8.8,16200.0,282490.0
2418,Postres Individuales,19272.0,5,0.0,4.9,0.8,4200.0,98875.0
2419,Bebidas,46046.0,1,0.0,17.4,3.2,7800.0,53727.0
2420,Postres Individuales,70121.0,8,0.05,19.0,12.8,22200.0,553950.0
2421,Postres Individuales,67149.0,10,0.0,13.3,8.0,15000.0,685170.0
2422,Galletas y Brownies,68087.0,1,0.05,10.9,6.5,12750.0,75350.0
2423,Panaderia Artesanal,61642.0,1,0.0,17.0,13.6,23400.0,85189.0
2424,Galletas y Brownies,25337.0,14,0.05,29.3,1.6,5400.0,342671.0
2425,Bebidas,73967.0,3,0.0,42.8,13.9,23850.0,247642.0
2426,Bebidas,76475.0,13,0.05,32.1,0.9,4350.0,950764.0
2427,Bebidas,20532.0,8,0.05,35.4,8.7,16050.0,173103.0
2428,Galletas y Brownies,15436.0,8,0.05,14.8,8.5,15750.0,137370.0
2429,Postres Individuales,83048.0,14,0.1,6.1,9.8,17700.0,1063235.0
2430,Postres Individuales,74466.0,7,0.0,14.2,0.9,4350.0,525147.0
2431,Tortas Personalizadas,76459.0,5,0.2,19.0,8.2,15300.0,320870.0
2432,Bebidas,75910.0,8,0.1,31.5,2.1,6150.0,552354.0
2433,Postres Individuales,48335.0,2,0.05,42.4,2.8,7200.0,96643.0
2434,Tortas Personalizadas,56712.0,8,0.15,36.7,3.6,8400.0,393201.0
2435,Postres Individuales,48629.0,12,0.0,13.1,9.4,17100.0,601325.0
2436,Bebidas,9097.0,11,0.0,37.2,6.2,12300.0,114103.0
2437,Panaderia Artesanal,64640.0,2,0.1,19.4,1.7,5550.0,120043.0
2438,Bebidas,45427.0,10,0.15,9.1,4.7,10050.0,394479.0
2439,Galletas y Brownies,56817.0,5,0.0,21.6,1.6,5400.0,288093.0
2440,Postres Individuales,45211.0,11,0.05,26.0,10.1,18150.0,491381.0
2441,Postres Individuales,44345.0,13,0.1,34.7,8.6,15900.0,533405.0
2442,Galletas y Brownies,18743.0,4,0.15,16.7,6.4,12600.0,74332.0
2443,Galletas y Brownies,27297.0,13,0.0,7.9,14.0,24000.0,376828.0
2444,Panaderia Artesanal,17708.0,1,0.0,5.6,8.0,15000.0,32410.0
2445,Postres Individuales,20653.0,5,0.0,6.4,13.4,23100.0,126439.0
2446,Postres Individuales,82838.0,7,0.05,42.8,8.9,16350.0,568525.0
2447,Panaderia Artesanal,17249.0,1,0.15,42.9,6.0,12000.0,27770.0
2448,Tortas Personalizadas,26542.0,2,0.05,43.6,8.3,15450.0,67571.0
2449,Panaderia Artesanal,52247.0,12,0.15,14.7,2.7,7050.0,540020.0
2450,Bebidas,53814.0,14,0.1,9.8,10.3,18450.0,695300.0
2451,Postres Individuales,17318.0,9,0.05,44.2,14.7,25050.0,173621.0
2452,Galletas y Brownies,68497.0,12,0.0,44.5,4.1,9150.0,829225.0
2453,Bebidas,67816.0,5,0.0,4.9,5.2,10800.0,350679.0
2454,Postres Individuales,23985.0,14,0.0,34.2,6.4,12600.0,349046.0
2455,Panaderia Artesanal,28093.0,13,0.0,14.1,7.5,14250.0,381378.0
2456,Bebidas,80039.0,7,0.0,41.1,10.9,19350.0,581146.0
2457,Postres Individuales,71054.0,2,0.0,5.4,2.5,6750.0,149738.0
2458,Tortas Personalizadas,60824.0,7,0.0,40.2,4.9,10350.0,433601.0
2459,Tortas Personalizadas,11579.0,7,0.05,1.6,8.3,15450.0,91867.0
2460,Galletas y Brownies,38461.0,7,0.0,24.2,9.0,16500.0,286757.0
2461,Postres Individuales,49744.0,5,0.1,16.1,8.3,15450.0,241582.0
2462,Tortas Personalizadas,19993.0,9,0.05,20.1,6.8,13200.0,185246.0
2463,Panaderia Artesanal,40858.0,2,0.05,20.4,10.8,19200.0,94910.0
2464,Postres Individuales,53082.0,4,0.1,29.9,3.5,8250.0,201932.0
2465,Panaderia Artesanal,31190.0,2,0.1,2.5,4.6,9900.0,66258.0
2466,Panaderia Artesanal,67476.0,8,0.15,31.6,6.9,13350.0,473041.0
2467,Tortas Personalizadas,72236.0,12,0.0,2.5,10.6,18900.0,886713.0
2468,Postres Individuales,30889.0,11,0.0,9.6,1.7,5550.0,344445.0
2469,Bebidas,72093.0,1,0.0,27.9,2.2,6300.0,77233.0
2470,Tortas Personalizadas,13286.0,9,0.05,5.3,11.8,20700.0,134758.0
2471,Tortas Personalizadas,72018.0,12,0.0,44.6,4.3,9450.0,872528.0
2472,Postres Individuales,17220.0,13,0.0,35.6,14.5,24750.0,247872.0
2473,Postres Individuales,11634.0,14,0.0,32.2,14.4,24600.0,187075.0
2474,Panaderia Artesanal,56342.0,5,0.05,13.1,10.4,18600.0,283569.0
2475,Postres Individuales,42755.0,11,0.05,3.6,10.9,19350.0,467237.0
2476,Panaderia Artesanal,77631.0,12,0.0,44.1,9.9,17850.0,951321.0
2477,Tortas Personalizadas,34055.0,3,0.0,7.9,3.1,7650.0,110730.0
2478,Galletas y Brownies,27972.0,12,0.15,37.6,7.8,14700.0,297105.0
2479,Bebidas,45059.0,11,0.1,10.1,12.0,21000.0,467774.0
2480,Tortas Personalizadas,41476.0,4,0.0,17.8,11.7,20550.0,188204.0
2481,Postres Individuales,32554.0,1,0.15,31.7,13.5,23250.0,50313.0
2482,Bebidas,60499.0,3,0.0,42.6,13.6,23400.0,205438.0
2483,Galletas y Brownies,65765.0,11,0.0,2.4,4.3,9450.0,733786.0
2484,Galletas y Brownies,73239.0,8,0.0,12.8,11.0,19500.0,604236.0
2485,Panaderia Artesanal,82829.0,12,0.15,34.8,9.9,17850.0,861478.0
2486,Bebidas,26332.0,2,0.0,9.0,13.3,22950.0,72700.0
2487,Panaderia Artesanal,62287.0,2,0.0,6.3,3.2,7800.0,131590.0
2488,Tortas Personalizadas,36541.0,9,0.15,3.5,11.2,19800.0,298063.0
2489,Bebidas,59167.0,5,0.05,23.4,6.6,12900.0,293593.0
2490,Tortas Personalizadas,43079.0,5,0.1,34.9,6.2,12300.0,207568.0
2491,Panaderia Artesanal,84502.0,1,0.0,43.3,1.0,4500.0,90232.0
2492,Bebidas,63312.0,13,0.0,13.1,14.4,24600.0,845947.0
2493,Panaderia Artesanal,81199.0,6,0.2,6.8,10.3,18450.0,407759.0
2494,Bebidas,71798.0,8,0.05,19.0,9.1,16650.0,562513.0
2495,Panaderia Artesanal,77232.0,6,0.1,3.9,4.1,9150.0,422348.0
2496,Galletas y Brownies,70154.0,14,0.2,15.9,10.0,18000.0,803646.0
2497,Panaderia Artesanal,41733.0,7,0.05,29.5,14.2,24300.0,301470.0
2498,Galletas y Brownies,25143.0,14,0.0,8.8,2.9,7350.0,359001.0
2499,Panaderia Artesanal,34626.0,4,0.0,29.0,14.8,25200.0,164200.0
2500,Bebidas,6619.0,2,0.0,43.8,6.7,13050.0,24597.0
2501,Bebidas,46919.0,1,0.0,39.1,14.7,25050.0,72716.0
2502,Bebidas,45405.0,12,0.15,17.0,9.7,17550.0,480962.0
2503,Postres Individuales,47020.0,6,0.0,19.8,5.2,10800.0,295168.0
2504,Tortas Personalizadas,82922.0,9,0.15,19.7,5.9,11850.0,646222.0
2505,Bebidas,77916.0,10,0.1,38.9,4.7,10050.0,713414.0
2506,Galletas y Brownies,17937.0,5,0.2,44.7,5.4,11100.0,85118.0
2507,Bebidas,34511.0,12,0.15,37.4,9.9,17850.0,370426.0
2508,Postres Individuales,38916.0,2,0.1,25.8,0.7,4050.0,73970.0
2509,Galletas y Brownies,33843.0,1,0.15,5.7,14.5,24750.0,52489.0
2510,Postres Individuales,68880.0,3,0.1,43.0,11.6,20400.0,206819.0
2511,Galletas y Brownies,46923.0,4,0.1,38.9,14.1,24150.0,195778.0
2512,Panaderia Artesanal,50768.0,7,0.1,38.1,10.9,19350.0,339653.0
2513,Tortas Personalizadas,73241.0,9,0.1,18.5,7.5,14250.0,608056.0
2514,Tortas Personalizadas,69474.0,8,0.0,21.0,3.3,7950.0,566070.0
2515,Postres Individuales,15577.0,9,0.0,6.7,8.0,15000.0,157957.0
2516,Tortas Personalizadas,62113.0,7,0.0,42.3,10.8,19200.0,453999.0
2517,Postres Individuales,39835.0,10,0.0,42.5,12.9,22350.0,421349.0
2518,Postres Individuales,28572.0,8,0.0,12.6,5.2,10800.0,238100.0
2519,Postres Individuales,9002.0,8,0.15,31.8,7.9,14850.0,76422.0
2520,Tortas Personalizadas,43980.0,1,0.05,10.4,9.5,17250.0,59852.0
2521,Postres Individuales,33435.0,12,0.0,18.6,9.0,16500.0,417732.0
2522,Tortas Personalizadas,25121.0,14,0.1,14.7,1.3,4950.0,320538.0
2523,Postres Individuales,60574.0,12,0.15,18.4,7.5,14250.0,630918.0
2524,Bebidas,66559.0,9,0.1,14.9,12.2,21300.0,561853.0
2525,Postres Individuales,24583.0,2,0.1,16.5,12.1,21150.0,66071.0
2526,Galletas y Brownies,8956.0,12,0.0,35.9,7.9,14850.0,122450.0
2527,Postres Individuales,72900.0,11,0.0,14.6,14.3,24450.0,824364.0
2528,Panaderia Artesanal,5797.0,14,0.05,36.9,12.5,21750.0,98798.0
2529,Postres Individuales,79969.0,7,0.0,26.2,11.2,19800.0,579077.0
2530,Galletas y Brownies,55210.0,13,0.0,35.4,8.0,15000.0,730647.0
2531,Galletas y Brownies,30748.0,10,0.15,41.5,9.1,16650.0,279516.0
2532,Tortas Personalizadas,24718.0,10,0.1,7.5,3.7,8550.0,232144.0
2533,Bebidas,5720.0,13,0.0,16.5,8.2,15300.0,89948.0
2534,Postres Individuales,23838.0,5,0.0,3.9,8.1,15150.0,132076.0
2535,Tortas Personalizadas,16018.0,4,0.0,19.2,3.4,8100.0,73524.0
2536,Bebidas,53973.0,1,0.0,11.8,14.3,24450.0,78738.0
2537,Postres Individuales,18324.0,1,0.1,26.4,4.0,9000.0,25731.0
2538,Panaderia Artesanal,47290.0,3,0.0,35.6,2.0,6000.0,148154.0
2539,Postres Individuales,52209.0,14,0.1,22.7,7.3,13950.0,670667.0
2540,Galletas y Brownies,28843.0,1,0.1,16.0,10.4,18600.0,44601.0
2541,Galletas y Brownies,7805.0,8,0.05,8.1,3.3,7950.0,68944.0
2542,Panaderia Artesanal,7980.0,3,0.1,2.7,3.2,7800.0,27067.0
2543,Tortas Personalizadas,7108.0,11,0.0,31.0,4.3,9450.0,89133.0
2544,Bebidas,64130.0,10,0.05,2.8,4.9,10350.0,620175.0
2545,Postres Individuales,30441.0,2,0.05,41.6,4.1,9150.0,67897.0
2546,Galletas y Brownies,68704.0,6,0.05,27.3,7.3,13950.0,405312.0
2547,Tortas Personalizadas,39539.0,4,0.0,16.9,0.8,4200.0,162128.0
2548,Panaderia Artesanal,41240.0,13,0.0,3.3,1.8,5700.0,539868.0
2549,Galletas y Brownies,46031.0,13,0.0,19.5,11.1,19650.0,617540.0
2550,Panaderia Artesanal,62043.0,14,0.05,39.2,6.5,12750.0,838400.0
2551,Postres Individuales,26880.0,11,0.1,43.7,5.7,11550.0,279907.0
2552,Bebidas,14727.0,14,0.05,5.2,0.7,4050.0,200310.0
2553,Galletas y Brownies,49485.0,13,0.1,35.3,4.8,10200.0,587154.0
2554,Galletas y Brownies,31158.0,11,0.0,12.7,12.4,21600.0,364278.0
2555,Postres Individuales,40399.0,13,0.15,18.0,5.4,11100.0,456634.0
2556,Tortas Personalizadas,56756.0,4,0.05,25.3,14.5,24750.0,240328.0
2557,Bebidas,44530.0,2,0.0,44.8,6.2,12300.0,101515.0
2558,Galletas y Brownies,54622.0,2,0.05,10.6,7.2,13800.0,120553.0
2559,Bebidas,48536.0,11,0.05,7.2,12.1,21150.0,528925.0
2560,Galletas y Brownies,64184.0,6,0.0,27.4,14.8,25200.0,410864.0
2561,Bebidas,61475.0,5,0.1,38.6,5.9,11850.0,289186.0
2562,Panaderia Artesanal,47735.0,9,0.15,29.7,2.2,6300.0,370585.0
2563,Galletas y Brownies,59312.0,4,0.0,16.6,8.1,15150.0,254675.0
2564,Bebidas,74885.0,5,0.0,44.0,9.1,16650.0,391654.0
2565,Tortas Personalizadas,39582.0,1,0.0,44.8,14.4,24600.0,63825.0
2566,Panaderia Artesanal,38021.0,12,0.15,35.0,6.5,12750.0,401470.0
2567,Panaderia Artesanal,66140.0,12,0.0,36.4,1.8,5700.0,801488.0
2568,Tortas Personalizadas,51604.0,2,0.0,34.6,9.9,17850.0,121578.0
2569,Bebidas,10681.0,3,0.0,12.7,0.8,4200.0,36262.0
2570,Postres Individuales,76369.0,5,0.0,8.0,6.7,13050.0,394976.0
2571,Tortas Personalizadas,7463.0,12,0.0,25.6,6.4,12600.0,103276.0
2572,Bebidas,64872.0,5,0.0,43.0,4.2,9300.0,334375.0
2573,Tortas Personalizadas,65704.0,4,0.0,39.7,14.5,24750.0,287935.0
2574,Tortas Personalizadas,81249.0,14,0.0,6.1,6.3,12450.0,1149692.0
2575,Galletas y Brownies,9331.0,10,0.15,4.0,13.5,23250.0,103029.0
2576,Bebidas,52749.0,3,0.15,39.5,8.0,15000.0,147417.0
2577,Postres Individuales,39227.0,9,0.0,28.2,12.4,21600.0,376557.0
2578,Galletas y Brownies,31451.0,1,0.05,14.7,7.0,13500.0,43511.0
2579,Tortas Personalizadas,12225.0,6,0.05,25.9,14.9,25350.0,93456.0
2580,Tortas Personalizadas,50012.0,7,0.0,11.1,9.8,17700.0,367336.0
2581,Tortas Personalizadas,43323.0,10,0.0,42.7,2.8,7200.0,441633.0
2582,Bebidas,13364.0,4,0.05,37.5,0.6,3900.0,57015.0
2583,Bebidas,53999.0,10,0.0,43.4,14.0,24000.0,564783.0
2584,Galletas y Brownies,64036.0,3,0.05,9.6,10.5,18750.0,202255.0
2585,Postres Individuales,66382.0,8,0.05,38.2,2.0,6000.0,509967.0
2586,Galletas y Brownies,77430.0,9,0.05,25.9,11.3,19950.0,684885.0
2587,Panaderia Artesanal,37758.0,13,0.1,15.6,3.8,8700.0,450223.0
2588,Tortas Personalizadas,81246.0,1,0.1,22.4,12.2,21300.0,94548.0
2589,Tortas Personalizadas,74234.0,11,0.2,42.6,9.3,16950.0,670365.0
2590,Tortas Personalizadas,28720.0,12,0.1,31.6,2.3,6450.0,319068.0
2591,Galletas y Brownies,17743.0,10,0.0,17.2,1.5,5250.0,183242.0
2592,Galletas y Brownies,39831.0,9,0.1,45.0,7.3,13950.0,337873.0
2593,Tortas Personalizadas,37152.0,7,0.05,16.5,14.1,24150.0,270444.0
2594,Galletas y Brownies,51058.0,1,0.05,36.9,8.7,16050.0,65252.0
2595,Bebidas,51671.0,7,0.0,35.6,11.5,20250.0,381215.0
2596,Bebidas,64999.0,5,0.0,32.9,7.3,13950.0,338116.0
2597,Galletas y Brownies,45791.0,10,0.2,30.6,6.1,12150.0,379492.0
2598,Tortas Personalizadas,13386.0,13,0.15,6.2,12.4,21600.0,169097.0
2599,Galletas y Brownies,73663.0,13,0.0,44.8,7.2,13800.0,970488.0
2600,Galletas y Brownies,29781.0,7,0.0,8.5,2.6,6900.0,217253.0
2601,Galletas y Brownies,82704.0,12,0.1,27.4,4.5,9750.0,901775.0
2602,Panaderia Artesanal,14429.0,9,0.0,12.3,8.6,15900.0,148660.0
2603,Bebidas,81660.0,8,0.0,8.8,6.3,12450.0,667327.0
2604,Postres Individuales,12281.0,6,0.05,25.8,5.8,11700.0,84299.0
2605,Postres Individuales,23483.0,2,0.1,37.9,10.2,18300.0,59545.0
2606,Panaderia Artesanal,8726.0,8,0.0,17.9,9.7,17550.0,88411.0
2607,Galletas y Brownies,61409.0,12,0.1,4.9,5.1,10650.0,674202.0
2608,Panaderia Artesanal,73024.0,14,0.1,28.6,5.7,11550.0,933059.0
2609,Panaderia Artesanal,39726.0,4,0.05,34.8,11.4,20100.0,170237.0
2610,Tortas Personalizadas,79282.0,8,0.0,14.4,13.9,23850.0,659757.0
2611,Bebidas,52224.0,7,0.0,31.5,5.2,10800.0,377309.0
2612,Postres Individuales,55401.0,4,0.0,4.8,4.7,10050.0,231421.0
2613,Galletas y Brownies,72634.0,8,0.0,17.2,4.3,9450.0,588258.0
2614,Postres Individuales,28744.0,11,0.0,22.1,2.6,6900.0,324599.0
2615,Postres Individuales,33341.0,11,0.0,35.5,6.0,12000.0,378561.0
2616,Bebidas,77476.0,12,0.0,16.2,8.0,15000.0,943500.0
2617,Postres Individuales,77077.0,11,0.0,21.2,8.3,15450.0,862614.0
2618,Postres Individuales,83119.0,2,0.0,28.8,10.5,18750.0,185948.0
2619,Panaderia Artesanal,77147.0,9,0.0,28.6,1.3,4950.0,699052.0
2620,Bebidas,15190.0,6,0.1,24.0,8.6,15900.0,98161.0
2621,Tortas Personalizadas,70898.0,7,0.0,15.8,4.2,9300.0,506007.0
2622,Galletas y Brownies,37787.0,10,0.0,30.6,4.0,9000.0,385394.0
2623,Postres Individuales,84264.0,1,0.0,37.9,12.0,21000.0,106147.0
2624,Galletas y Brownies,42782.0,3,0.1,8.2,2.7,7050.0,123522.0
2625,Tortas Personalizadas,49307.0,14,0.0,16.3,5.3,10950.0,704429.0
2626,Galletas y Brownies,47382.0,10,0.15,30.6,9.7,17550.0,421297.0
2627,Tortas Personalizadas,30739.0,5,0.1,34.4,9.8,17700.0,156547.0
2628,Panaderia Artesanal,11002.0,12,0.0,35.5,1.2,4800.0,134361.0
2629,Postres Individuales,76652.0,7,0.05,29.9,1.6,5400.0,516144.0
2630,Tortas Personalizadas,69214.0,1,0.05,22.3,10.0,18000.0,86531.0
2631,Galletas y Brownies,16162.0,9,0.0,29.6,14.3,24450.0,169107.0
2632,Postres Individuales,67141.0,5,0.0,7.4,15.0,25500.0,358981.0
2633,Panaderia Artesanal,55068.0,13,0.05,10.5,14.8,25200.0,704233.0
2634,Postres Individuales,37732.0,12,0.15,41.8,5.6,11400.0,397403.0
2635,Tortas Personalizadas,25322.0,3,0.0,41.6,4.0,9000.0,84382.0
2636,Panaderia Artesanal,73778.0,7,0.0,33.0,1.9,5850.0,521170.0
2637,Galletas y Brownies,61015.0,10,0.0,15.7,5.2,10800.0,621390.0
2638,Panaderia Artesanal,48819.0,8,0.05,29.7,4.5,9750.0,381112.0
2639,Panaderia Artesanal,53765.0,10,0.1,31.4,8.9,16350.0,502326.0
2640,Bebidas,12285.0,10,0.0,23.9,5.8,11700.0,133913.0
2641,Panaderia Artesanal,42914.0,3,0.1,34.1,3.9,8850.0,124882.0
2642,Panaderia Artesanal,20496.0,7,0.0,2.8,9.4,17100.0,157443.0
2643,Postres Individuales,21671.0,7,0.1,12.6,5.2,10800.0,146526.0
2644,Galletas y Brownies,57904.0,4,0.0,36.1,5.6,11400.0,243454.0
2645,Postres Individuales,77900.0,10,0.1,42.3,9.2,16800.0,717511.0
2646,Postres Individuales,37301.0,9,0.1,39.6,2.2,6300.0,305096.0
2647,Tortas Personalizadas,21620.0,1,0.1,32.7,11.7,20550.0,40937.0
2648,Postres Individuales,56900.0,1,0.0,8.7,14.5,24750.0,82437.0
2649,Bebidas,74695.0,5,0.05,17.5,7.6,14400.0,367833.0
2650,Bebidas,64866.0,13,0.05,3.7,8.6,15900.0,818050.0
2651,Tortas Personalizadas,74501.0,3,0.2,29.3,6.1,12150.0,189032.0
2652,Galletas y Brownies,47924.0,10,0.0,21.1,14.4,24600.0,502748.0
2653,Galletas y Brownies,65150.0,13,0.1,26.4,2.4,6600.0,770949.0
2654,Postres Individuales,16205.0,9,0.0,44.1,12.3,21450.0,169245.0
2655,Postres Individuales,32862.0,5,0.0,19.0,9.9,17850.0,183185.0
2656,Postres Individuales,36164.0,7,0.0,14.8,12.0,21000.0,273228.0
2657,Galletas y Brownies,45904.0,1,0.0,8.1,14.3,24450.0,71029.0
2658,Panaderia Artesanal,79326.0,2,0.0,7.7,7.7,14550.0,173958.0
2659,Bebidas,74944.0,11,0.0,24.1,4.7,10050.0,831822.0
2660,Panaderia Artesanal,15762.0,12,0.0,34.1,11.8,20700.0,208262.0
2661,Panaderia Artesanal,18823.0,4,0.1,26.1,12.7,22050.0,91439.0
2662,Galletas y Brownies,33611.0,9,0.0,39.5,10.5,18750.0,317375.0
2663,Panaderia Artesanal,28260.0,5,0.1,15.2,12.8,22200.0,149495.0
2664,Tortas Personalizadas,54182.0,5,0.05,27.4,11.1,19650.0,276942.0
2665,Postres Individuales,77222.0,9,0.1,30.3,14.4,24600.0,648905.0
2666,Tortas Personalizadas,81983.0,8,0.05,13.7,8.8,16200.0,639282.0
2667,Bebidas,57288.0,2,0.0,18.7,6.0,12000.0,126569.0
2668,Postres Individuales,72053.0,7,0.05,27.2,10.4,18600.0,497967.0
2669,Panaderia Artesanal,47016.0,1,0.05,2.4,1.5,5250.0,49709.0
2670,Bebidas,21666.0,10,0.05,40.1,7.7,14550.0,221215.0
2671,Postres Individuales,46975.0,11,0.1,6.3,11.7,20550.0,486709.0
2672,Panaderia Artesanal,49407.0,11,0.1,3.6,2.9,7350.0,495193.0
2673,Tortas Personalizadas,64397.0,9,0.0,10.9,6.3,12450.0,593515.0
2674,Postres Individuales,22591.0,3,0.1,23.4,5.6,11400.0,72132.0
2675,Panaderia Artesanal,34465.0,13,0.05,15.8,5.4,11100.0,433662.0
2676,Tortas Personalizadas,34122.0,2,0.0,20.6,9.9,17850.0,85417.0
2677,Bebidas,81755.0,4,0.05,5.2,7.7,14550.0,325136.0
2678,Bebidas,40516.0,4,0.1,11.6,12.1,21150.0,164827.0
2679,Bebidas,65408.0,3,0.05,5.7,1.3,4950.0,191180.0
2680,Bebidas,65065.0,2,0.15,11.5,7.1,13650.0,123768.0
2681,Galletas y Brownies,26244.0,5,0.0,32.1,0.7,4050.0,135772.0
2682,Postres Individuales,50750.0,4,0.1,26.5,3.7,8550.0,190595.0
2683,Postres Individuales,76544.0,5,0.1,16.0,11.7,20550.0,364801.0
2684,Galletas y Brownies,43016.0,13,0.1,12.9,2.0,6000.0,510738.0
2685,Panaderia Artesanal,80609.0,12,0.0,44.9,2.0,6000.0,973762.0
2686,Panaderia Artesanal,22157.0,12,0.0,34.9,6.3,12450.0,278764.0
2687,Bebidas,10933.0,8,0.05,37.3,11.8,20700.0,103285.0
2688,Tortas Personalizadas,76316.0,11,0.0,2.6,9.8,17700.0,855694.0
2689,Panaderia Artesanal,72814.0,2,0.15,4.1,11.8,20700.0,145323.0
2690,Tortas Personalizadas,84407.0,9,0.0,32.5,1.2,4800.0,762923.0
2691,Postres Individuales,59351.0,10,0.05,9.8,8.7,16050.0,582255.0
2692,Tortas Personalizadas,79935.0,1,0.0,20.0,7.1,13650.0,91993.0
2693,Postres Individuales,71156.0,8,0.05,9.5,13.5,23250.0,563690.0
2694,Galletas y Brownies,72554.0,12,0.1,9.2,11.2,19800.0,804871.0
2695,Galletas y Brownies,50531.0,5,0.0,6.2,6.7,13050.0,265592.0
2696,Bebidas,35589.0,2,0.1,27.4,8.5,15750.0,80395.0
2697,Panaderia Artesanal,79765.0,8,0.0,33.7,6.7,13050.0,651397.0
2698,Bebidas,39569.0,5,0.05,4.0,6.9,13350.0,199084.0
2699,Postres Individuales,48106.0,10,0.05,13.5,9.7,17550.0,473101.0
2700,Bebidas,40689.0,14,0.0,30.1,3.6,8400.0,577654.0
2701,Tortas Personalizadas,50185.0,10,0.0,18.6,5.3,10950.0,512650.0
2702,Postres Individuales,42640.0,13,0.1,32.2,4.5,9750.0,509729.0
2703,Galletas y Brownies,8837.0,14,0.0,34.5,12.1,21150.0,144985.0
2704,Panaderia Artesanal,75564.0,3,0.0,2.9,14.2,24300.0,250781.0
2705,Postres Individuales,40552.0,7,0.1,18.1,6.5,12750.0,267639.0
2706,Postres Individuales,52115.0,4,0.0,33.2,1.6,5400.0,215085.0
2707,Tortas Personalizadas,16135.0,11,0.1,18.0,1.9,5850.0,164581.0
2708,Panaderia Artesanal,5271.0,11,0.05,1.8,6.3,12450.0,65816.0
2709,Galletas y Brownies,24623.0,10,0.0,16.1,6.2,12300.0,258277.0
2710,Postres Individuales,61367.0,12,0.0,39.5,2.6,6900.0,744561.0
2711,Postres Individuales,12936.0,6,0.05,42.9,12.2,21300.0,94146.0
2712,Tortas Personalizadas,77711.0,10,0.0,25.9,7.8,14700.0,792132.0
2713,Bebidas,22202.0,8,0.0,14.8,2.1,6150.0,182363.0
2714,Galletas y Brownies,21367.0,1,0.1,21.8,1.9,5850.0,23953.0
2715,Panaderia Artesanal,19521.0,2,0.05,11.8,7.0,13500.0,52752.0
2716,Postres Individuales,6119.0,14,0.0,8.8,2.2,6300.0,88857.0
2717,Postres Individuales,66744.0,13,0.05,23.0,8.6,15900.0,839073.0
2718,Galletas y Brownies,75003.0,8,0.05,33.5,6.1,12150.0,579566.0
2719,Bebidas,54133.0,7,0.05,11.2,13.8,23700.0,382496.0
2720,Postres Individuales,20056.0,10,0.05,41.1,6.6,12900.0,204652.0
2721,Galletas y Brownies,27822.0,9,0.15,8.8,9.4,17100.0,232192.0
2722,Tortas Personalizadas,43074.0,2,0.0,25.8,12.3,21450.0,105721.0
2723,Bebidas,81348.0,8,0.0,35.3,4.9,10350.0,662209.0
2724,Panaderia Artesanal,24788.0,6,0.0,10.8,7.9,14850.0,161590.0
2725,Postres Individuales,63532.0,1,0.0,14.4,2.3,6450.0,68995.0
2726,Galletas y Brownies,40156.0,4,0.0,3.7,6.8,13200.0,174219.0
2727,Tortas Personalizadas,28828.0,14,0.0,42.6,5.9,11850.0,412780.0
2728,Panaderia Artesanal,41473.0,2,0.05,22.7,6.7,13050.0,90821.0
2729,Galletas y Brownies,10697.0,7,0.0,4.3,2.1,6150.0,80902.0
2730,Galletas y Brownies,68895.0,9,0.1,37.6,6.3,12450.0,567382.0
2731,Panaderia Artesanal,24464.0,6,0.0,26.3,13.1,22650.0,168190.0
2732,Tortas Personalizadas,63033.0,4,0.2,3.9,14.1,24150.0,225080.0
2733,Tortas Personalizadas,10468.0,5,0.05,21.1,4.0,9000.0,57622.0
2734,Bebidas,81408.0,11,0.1,20.4,4.9,10350.0,815493.0
2735,Postres Individuales,20441.0,1,0.15,7.9,0.6,3900.0,21757.0
2736,Panaderia Artesanal,75619.0,13,0.15,19.8,2.2,6300.0,842195.0
2737,Panaderia Artesanal,69758.0,4,0.05,13.8,5.5,11250.0,278229.0
2738,Panaderia Artesanal,82429.0,13,0.0,31.9,10.4,18600.0,1089792.0
2739,Tortas Personalizadas,43231.0,10,0.05,1.7,4.7,10050.0,418465.0
2740,Postres Individuales,63192.0,3,0.0,6.1,1.6,5400.0,191797.0
2741,Bebidas,34657.0,9,0.0,41.5,11.1,19650.0,333561.0
2742,Galletas y Brownies,19749.0,6,0.0,20.3,7.3,13950.0,132351.0
2743,Galletas y Brownies,40446.0,4,0.0,9.2,8.0,15000.0,177234.0
2744,Panaderia Artesanal,18260.0,3,0.0,36.0,5.2,10800.0,66805.0
2745,Postres Individuales,83564.0,12,0.0,38.5,9.4,17100.0,1020171.0
2746,Tortas Personalizadas,12700.0,13,0.0,10.7,13.4,23100.0,190009.0
2747,Postres Individuales,52137.0,4,0.0,32.5,8.5,15750.0,225413.0
2748,Postres Individuales,55117.0,8,0.0,28.3,9.0,16500.0,458917.0
2749,Tortas Personalizadas,48046.0,12,0.1,33.9,5.9,11850.0,529516.0
2750,Panaderia Artesanal,57975.0,5,0.0,35.8,1.7,5550.0,296580.0
2751,Postres Individuales,14294.0,13,0.2,30.3,6.7,13050.0,162347.0
2752,Galletas y Brownies,49401.0,11,0.0,43.1,13.9,23850.0,565814.0
2753,Tortas Personalizadas,27977.0,1,0.15,39.1,10.4,18600.0,44764.0
2754,Bebidas,80214.0,5,0.0,11.5,7.6,14400.0,415316.0
2755,Panaderia Artesanal,65966.0,8,0.15,41.2,9.5,17250.0,463178.0
2756,Tortas Personalizadas,82801.0,11,0.0,17.1,8.6,15900.0,927790.0
2757,Bebidas,8004.0,12,0.1,33.1,13.7,23550.0,110739.0
2758,Bebidas,27811.0,4,0.0,38.4,3.7,8550.0,119376.0
2759,Postres Individuales,20634.0,14,0.05,20.5,13.4,23100.0,298396.0
2760,Postres Individuales,5892.0,2,0.0,3.7,10.5,18750.0,29282.0
2761,Postres Individuales,24386.0,13,0.05,42.8,2.4,6600.0,308473.0
2762,Tortas Personalizadas,59302.0,3,0.05,4.7,5.9,11850.0,181990.0
2763,Tortas Personalizadas,23487.0,14,0.15,16.6,6.8,13200.0,293214.0
2764,Panaderia Artesanal,45720.0,11,0.05,27.4,1.7,5550.0,483351.0
2765,Postres Individuales,76025.0,9,0.0,6.6,8.5,15750.0,699744.0
2766,Bebidas,60501.0,14,0.0,38.0,4.3,9450.0,858603.0
2767,Galletas y Brownies,36570.0,7,0.05,10.3,7.1,13650.0,256020.0
2768,Panaderia Artesanal,34798.0,3,0.0,44.4,6.9,13350.0,117895.0
2769,Tortas Personalizadas,41459.0,5,0.1,41.4,8.1,15150.0,201565.0
2770,Panaderia Artesanal,19163.0,3,0.0,27.8,12.8,22200.0,80198.0
2771,Panaderia Artesanal,55720.0,10,0.05,30.2,11.8,20700.0,551928.0
2772,Panaderia Artesanal,34132.0,4,0.05,24.7,13.2,22800.0,154328.0
2773,Panaderia Artesanal,73189.0,12,0.0,18.5,8.8,16200.0,895464.0
2774,Galletas y Brownies,65524.0,8,0.05,16.8,9.4,17100.0,515460.0
2775,Postres Individuales,53841.0,14,0.0,40.3,6.7,13050.0,767436.0
2776,Bebidas,34136.0,3,0.0,26.6,10.9,19350.0,123886.0
2777,Panaderia Artesanal,21795.0,3,0.2,37.3,3.5,8250.0,58922.0
2778,Panaderia Artesanal,67092.0,11,0.0,23.9,7.4,14100.0,751662.0
2779,Panaderia Artesanal,43913.0,11,0.1,14.9,10.9,19350.0,453060.0
2780,Postres Individuales,22980.0,8,0.05,5.5,11.8,20700.0,196356.0
2781,Tortas Personalizadas,20614.0,10,0.05,15.6,4.1,9150.0,204633.0
2782,Tortas Personalizadas,18232.0,13,0.0,39.8,3.1,7650.0,242280.0
2783,Galletas y Brownies,67173.0,10,0.05,32.5,4.7,10050.0,647264.0
2784,Tortas Personalizadas,23319.0,7,0.0,35.7,13.8,23700.0,187168.0
2785,Panaderia Artesanal,47131.0,7,0.0,35.1,2.4,6600.0,337220.0
2786,Panaderia Artesanal,41124.0,10,0.2,6.7,14.3,24450.0,353196.0
2787,Panaderia Artesanal,51369.0,2,0.0,8.4,14.9,25350.0,126673.0
2788,Galletas y Brownies,75172.0,12,0.1,15.3,11.9,20850.0,834852.0
2789,Panaderia Artesanal,74420.0,7,0.0,14.6,11.5,20250.0,541958.0
2790,Tortas Personalizadas,41086.0,10,0.0,4.4,14.3,24450.0,435974.0
2791,Postres Individuales,6229.0,11,0.0,8.2,4.7,10050.0,78986.0
2792,Postres Individuales,39116.0,10,0.0,38.7,2.4,6600.0,396083.0
2793,Bebidas,53495.0,3,0.0,27.1,12.4,21600.0,182262.0
2794,Tortas Personalizadas,49621.0,14,0.0,16.4,3.0,7500.0,698750.0
2795,Panaderia Artesanal,57107.0,7,0.05,24.4,1.2,4800.0,385175.0
2796,Postres Individuales,17326.0,13,0.0,12.9,3.3,7950.0,228228.0
2797,Tortas Personalizadas,56723.0,4,0.0,26.9,6.8,13200.0,238940.0
2798,Postres Individuales,19612.0,13,0.0,4.7,7.7,14550.0,269565.0
2799,Panaderia Artesanal,65042.0,8,0.1,40.8,1.4,5100.0,473793.0
2800,Postres Individuales,32127.0,8,0.0,12.0,6.9,13350.0,268465.0
2801,Bebidas,61792.0,6,0.15,37.1,9.3,16950.0,331072.0
2802,Bebidas,8829.0,13,0.0,30.2,14.0,24000.0,136855.0
2803,Postres Individuales,37629.0,12,0.0,24.3,3.8,8700.0,461983.0
2804,Tortas Personalizadas,61403.0,3,0.0,41.9,3.6,8400.0,191549.0
2805,Tortas Personalizadas,23150.0,6,0.0,8.3,6.1,12150.0,150952.0
2806,Tortas Personalizadas,68623.0,6,0.1,6.7,14.8,25200.0,396084.0
2807,Postres Individuales,55462.0,3,0.0,15.5,5.4,11100.0,178489.0
2808,Tortas Personalizadas,52005.0,11,0.0,37.6,1.1,4650.0,577464.0
2809,Panaderia Artesanal,33284.0,4,0.0,3.0,4.4,9600.0,143614.0
2810,Bebidas,43596.0,2,0.0,11.9,8.6,15900.0,101335.0
2811,Panaderia Artesanal,52788.0,1,0.15,20.0,6.5,12750.0,58240.0
2812,Tortas Personalizadas,42797.0,2,0.1,32.5,11.7,20550.0,95511.0
2813,Panaderia Artesanal,60865.0,7,0.0,14.5,9.3,16950.0,443604.0
2814,Tortas Personalizadas,39696.0,10,0.0,21.0,8.6,15900.0,414750.0
2815,Postres Individuales,21182.0,5,0.15,16.2,5.2,10800.0,99179.0
2816,Panaderia Artesanal,22115.0,9,0.05,5.5,8.5,15750.0,202694.0
2817,Postres Individuales,5464.0,3,0.15,33.6,9.4,17100.0,33526.0
2818,Postres Individuales,29077.0,2,0.0,21.6,3.1,7650.0,64924.0
2819,Galletas y Brownies,64913.0,4,0.0,36.8,11.2,19800.0,280317.0
2820,Tortas Personalizadas,68533.0,2,0.1,31.7,6.2,12300.0,133232.0
2821,Bebidas,21197.0,11,0.05,4.0,11.3,19950.0,242831.0
2822,Tortas Personalizadas,81724.0,7,0.05,23.3,3.1,7650.0,552716.0
2823,Bebidas,45192.0,10,0.0,44.6,10.0,18000.0,472295.0
2824,Tortas Personalizadas,78358.0,6,0.05,14.9,0.9,4350.0,453664.0
2825,Postres Individuales,61541.0,8,0.0,22.9,2.8,7200.0,498147.0
2826,Panaderia Artesanal,62795.0,13,0.0,29.9,13.4,23100.0,841293.0
2827,Panaderia Artesanal,11803.0,5,0.05,10.3,7.2,13800.0,70621.0
2828,Galletas y Brownies,22599.0,2,0.05,32.1,7.9,14850.0,57707.0
2829,Bebidas,5705.0,13,0.05,30.2,13.7,23550.0,94372.0
2830,Bebidas,62290.0,4,0.2,17.8,7.5,14250.0,216674.0
2831,Bebidas,32555.0,1,0.1,13.9,10.0,18000.0,45935.0
2832,Postres Individuales,67932.0,2,0.05,41.5,3.7,8550.0,137891.0
2833,Bebidas,32115.0,4,0.05,7.0,1.7,5550.0,129323.0
2834,Panaderia Artesanal,70547.0,6,0.0,20.3,5.6,11400.0,435157.0
2835,Postres Individuales,15456.0,4,0.1,34.9,12.1,21150.0,74821.0
2836,Tortas Personalizadas,18870.0,4,0.0,7.9,7.0,13500.0,89124.0
2837,Bebidas,32270.0,14,0.1,42.1,2.9,7350.0,411363.0
2838,Bebidas,37679.0,11,0.0,24.4,8.4,15600.0,429465.0
2839,Tortas Personalizadas,32896.0,10,0.0,23.5,4.3,9450.0,336554.0
2840,Bebidas,66092.0,10,0.0,20.0,14.2,24300.0,684273.0
2841,Tortas Personalizadas,12756.0,2,0.05,39.2,8.9,16350.0,42101.0
2842,Postres Individuales,33097.0,9,0.0,42.8,14.8,25200.0,322291.0
2843,Panaderia Artesanal,71979.0,12,0.0,18.0,1.1,4650.0,868308.0
2844,Tortas Personalizadas,10344.0,10,0.05,25.1,0.7,4050.0,104757.0
2845,Galletas y Brownies,80387.0,8,0.0,15.2,7.4,14100.0,657634.0
2846,Tortas Personalizadas,83905.0,8,0.0,17.5,13.0,22500.0,693654.0
2847,Bebidas,12085.0,5,0.0,2.7,8.1,15150.0,75121.0
2848,Postres Individuales,28302.0,3,0.1,35.7,13.2,22800.0,99765.0
2849,Postres Individuales,34792.0,6,0.05,43.7,2.4,6600.0,206902.0
2850,Tortas Personalizadas,67111.0,14,0.15,35.0,10.6,18900.0,816086.0
2851,Panaderia Artesanal,52674.0,9,0.0,24.0,10.1,18150.0,492779.0
2852,Galletas y Brownies,56549.0,8,0.0,37.5,8.4,15600.0,466079.0
2853,Postres Individuales,65601.0,7,0.0,38.8,6.4,12600.0,469059.0
2854,Bebidas,14438.0,14,0.2,25.2,9.9,17850.0,180015.0
2855,Bebidas,71657.0,11,0.05,42.3,8.5,15750.0,764800.0
2856,Panaderia Artesanal,61450.0,8,0.05,2.8,4.5,9750.0,473909.0
2857,Postres Individuales,51187.0,4,0.15,1.9,2.0,6000.0,178686.0
2858,Tortas Personalizadas,76179.0,6,0.0,5.0,6.1,12150.0,468379.0
2859,Bebidas,61025.0,14,0.0,4.0,7.9,14850.0,869844.0
2860,Panaderia Artesanal,21136.0,5,0.05,20.0,7.9,14850.0,117399.0
2861,Postres Individuales,39380.0,12,0.1,42.4,6.7,13050.0,436420.0
2862,Postres Individuales,44523.0,2,0.05,30.9,5.2,10800.0,95015.0
2863,Postres Individuales,9417.0,8,0.1,30.2,5.6,11400.0,81788.0
2864,Postres Individuales,81371.0,3,0.05,18.2,4.4,9600.0,243404.0
2865,Postres Individuales,15286.0,14,0.15,24.7,8.9,16350.0,194804.0
2866,Bebidas,60797.0,5,0.05,14.7,12.8,22200.0,310437.0
2867,Panaderia Artesanal,45498.0,8,0.0,24.0,13.3,22950.0,387542.0
2868,Postres Individuales,7051.0,11,0.05,34.0,14.9,25350.0,100123.0
2869,Galletas y Brownies,78980.0,9,0.1,25.8,1.8,5700.0,647125.0
2870,Galletas y Brownies,73147.0,13,0.05,19.7,3.6,8400.0,909159.0
2871,Panaderia Artesanal,46941.0,9,0.0,38.3,11.1,19650.0,442430.0
2872,Tortas Personalizadas,23315.0,14,0.0,14.0,9.9,17850.0,344620.0
2873,Tortas Personalizadas,14730.0,5,0.0,22.4,2.4,6600.0,81943.0
2874,Tortas Personalizadas,34071.0,2,0.2,44.0,9.6,17400.0,72672.0
2875,Galletas y Brownies,25434.0,7,0.0,43.6,6.4,12600.0,191349.0
2876,Tortas Personalizadas,45535.0,11,0.0,1.8,14.4,24600.0,526040.0
2877,Bebidas,82313.0,11,0.05,24.7,12.9,22350.0,882529.0
2878,Postres Individuales,50996.0,7,0.15,16.2,1.6,5400.0,310605.0
2879,Galletas y Brownies,76194.0,12,0.1,14.2,1.8,5700.0,827107.0
2880,Panaderia Artesanal,57070.0,13,0.15,27.4,6.5,12750.0,645230.0
2881,Panaderia Artesanal,43020.0,8,0.05,20.9,0.6,3900.0,330564.0
2882,Postres Individuales,73369.0,8,0.15,33.4,1.9,5850.0,503943.0
2883,Galletas y Brownies,42709.0,5,0.0,2.7,14.0,24000.0,237236.0
2884,Tortas Personalizadas,74490.0,1,0.0,41.8,12.0,21000.0,95212.0
2885,Tortas Personalizadas,28326.0,13,0.1,26.2,10.3,18450.0,352576.0
2886,Bebidas,15305.0,11,0.0,31.3,12.5,21750.0,188268.0
2887,Bebidas,73425.0,13,0.15,27.8,4.1,9150.0,818545.0
2888,Tortas Personalizadas,51993.0,4,0.0,44.5,11.0,19500.0,225874.0
2889,Panaderia Artesanal,76127.0,4,0.0,44.4,9.4,17100.0,321266.0
2890,Panaderia Artesanal,80026.0,11,0.0,28.0,12.8,22200.0,901300.0
2891,Bebidas,9290.0,3,0.05,31.3,4.6,9900.0,32778.0
2892,Postres Individuales,45078.0,8,0.0,28.4,11.6,20400.0,379993.0
2893,Tortas Personalizadas,34997.0,3,0.0,15.0,12.9,22350.0,125590.0
2894,Bebidas,55069.0,13,0.15,9.9,8.5,15750.0,625751.0
2895,Bebidas,68487.0,5,0.15,19.0,6.5,12750.0,304758.0
2896,Tortas Personalizadas,27447.0,2,0.0,31.2,14.3,24450.0,79873.0
2897,Tortas Personalizadas,49544.0,6,0.05,3.9,3.0,7500.0,287312.0
2898,Panaderia Artesanal,61698.0,6,0.05,23.9,1.0,4500.0,358301.0
2899,Postres Individuales,15754.0,8,0.0,19.3,3.1,7650.0,132449.0
2900,Postres Individuales,70125.0,8,0.05,24.4,10.4,18600.0,552775.0
2901,Tortas Personalizadas,53489.0,1,0.0,38.9,11.9,20850.0,75251.0
2902,Galletas y Brownies,80963.0,5,0.0,3.6,10.9,19350.0,422951.0
2903,Bebidas,32162.0,2,0.1,34.7,6.6,12900.0,71295.0
2904,Bebidas,13652.0,10,0.05,30.5,14.5,24750.0,154584.0
2905,Tortas Personalizadas,45520.0,12,0.0,10.4,6.9,13350.0,561188.0
2906,Galletas y Brownies,11865.0,5,0.05,33.4,14.7,25050.0,80416.0
2907,Panaderia Artesanal,82562.0,10,0.05,23.1,13.8,23700.0,808289.0
2908,Tortas Personalizadas,8095.0,12,0.05,22.4,6.4,12600.0,103367.0
2909,Tortas Personalizadas,65280.0,9,0.05,22.5,2.8,7200.0,567199.0
2910,Bebidas,47008.0,4,0.05,42.8,1.8,5700.0,184148.0
2911,Tortas Personalizadas,34490.0,8,0.0,42.6,8.2,15300.0,289822.0
2912,Tortas Personalizadas,10267.0,1,0.0,41.2,11.6,20400.0,31589.0
2913,Tortas Personalizadas,54773.0,8,0.05,40.1,3.1,7650.0,425515.0
2914,Bebidas,51818.0,6,0.1,3.1,5.1,10650.0,289758.0
2915,Panaderia Artesanal,27471.0,8,0.0,18.9,9.6,17400.0,240288.0
2916,Panaderia Artesanal,77818.0,6,0.0,40.4,7.2,13800.0,482981.0
2917,Tortas Personalizadas,29329.0,11,0.1,34.3,9.3,16950.0,307372.0
2918,Bebidas,40978.0,3,0.0,21.4,10.3,18450.0,140734.0
2919,Panaderia Artesanal,48501.0,12,0.0,35.1,6.0,12000.0,592047.0
2920,Panaderia Artesanal,13019.0,11,0.0,10.6,11.9,20850.0,162446.0
2921,Panaderia Artesanal,79573.0,8,0.0,27.6,10.7,19050.0,652808.0
2922,Bebidas,34963.0,5,0.0,24.7,10.5,18750.0,194454.0
2923,Bebidas,11462.0,12,0.0,26.4,2.7,7050.0,144482.0
2924,Tortas Personalizadas,35983.0,10,0.1,32.9,7.4,14100.0,337141.0
2925,Postres Individuales,53016.0,5,0.0,42.8,8.9,16350.0,277154.0
2926,Panaderia Artesanal,46092.0,12,0.05,13.0,3.8,8700.0,534945.0
2927,Postres Individuales,60563.0,7,0.05,34.5,11.5,20250.0,422925.0
2928,Bebidas,9439.0,6,0.0,29.6,2.3,6450.0,63107.0
2929,Bebidas,27763.0,9,0.0,31.7,2.7,7050.0,256918.0
2930,Bebidas,70538.0,7,0.1,20.2,6.5,12750.0,458673.0
2931,Postres Individuales,11391.0,3,0.0,42.6,2.5,6750.0,38484.0
2932,Bebidas,73439.0,11,0.0,22.4,0.7,4050.0,815396.0
2933,Tortas Personalizadas,12352.0,11,0.0,6.8,6.5,12750.0,146636.0
2934,Bebidas,71756.0,12,0.0,31.1,9.9,17850.0,878570.0
2935,Galletas y Brownies,33863.0,5,0.1,7.1,7.7,14550.0,162862.0
2936,Postres Individuales,53977.0,9,0.05,15.5,1.3,4950.0,466681.0
2937,Galletas y Brownies,17231.0,11,0.0,11.4,3.9,8850.0,197909.0
2938,Bebidas,10293.0,13,0.2,24.9,8.1,15150.0,122166.0
2939,Tortas Personalizadas,22275.0,10,0.0,16.6,11.2,19800.0,243095.0
2940,Panaderia Artesanal,15228.0,14,0.05,8.5,12.0,21000.0,222768.0
2941,Bebidas,29992.0,2,0.1,35.9,8.0,15000.0,71314.0
2942,Tortas Personalizadas,46151.0,1,0.1,21.9,9.9,17850.0,58610.0
2943,Postres Individuales,52101.0,11,0.0,21.3,13.6,23400.0,597307.0
2944,Galletas y Brownies,68189.0,8,0.05,40.1,1.4,5100.0,522016.0
2945,Galletas y Brownies,57499.0,8,0.0,24.9,1.9,5850.0,467365.0
2946,Galletas y Brownies,53701.0,2,0.0,32.4,7.1,13650.0,119486.0
2947,Postres Individuales,37943.0,14,0.0,15.8,9.3,16950.0,547771.0
2948,Tortas Personalizadas,42905.0,13,0.1,25.9,0.6,3900.0,504943.0
2949,Postres Individuales,38162.0,8,0.0,33.1,7.1,13650.0,319397.0
2950,Galletas y Brownies,72373.0,5,0.0,14.4,3.0,7500.0,368039.0
2951,Bebidas,23400.0,2,0.0,31.5,9.9,17850.0,63601.0
2952,Panaderia Artesanal,5458.0,7,0.0,26.2,4.4,9600.0,47541.0
2953,Postres Individuales,57106.0,7,0.0,20.4,13.6,23400.0,422475.0
2954,Postres Individuales,21197.0,3,0.15,32.5,1.4,5100.0,59189.0
2955,Tortas Personalizadas,76209.0,14,0.0,15.3,12.2,21300.0,1087032.0
2956,Tortas Personalizadas,73724.0,1,0.0,32.6,6.2,12300.0,84893.0
2957,Postres Individuales,11138.0,11,0.05,25.5,12.9,22350.0,138684.0
2958,Galletas y Brownies,13511.0,4,0.1,12.2,12.3,21450.0,72166.0
2959,Panaderia Artesanal,44614.0,2,0.1,30.6,4.0,9000.0,88834.0
2960,Tortas Personalizadas,53738.0,4,0.1,40.0,1.2,4800.0,199323.0
2961,Galletas y Brownies,26993.0,8,0.0,15.0,10.6,18900.0,235434.0
2962,Bebidas,62344.0,2,0.1,36.8,3.5,8250.0,119252.0
2963,Tortas Personalizadas,52593.0,1,0.05,16.1,14.0,24000.0,75045.0
2964,Galletas y Brownies,30986.0,11,0.05,37.2,1.5,5250.0,328906.0
2965,Galletas y Brownies,7030.0,14,0.2,3.7,5.2,10800.0,91037.0
2966,Panaderia Artesanal,65012.0,3,0.1,1.8,0.7,4050.0,183467.0
2967,Panaderia Artesanal,22180.0,10,0.1,6.4,5.1,10650.0,210332.0
2968,Bebidas,71758.0,7,0.0,39.5,8.3,15450.0,519566.0
2969,Galletas y Brownies,38623.0,13,0.0,24.7,10.0,18000.0,521661.0
2970,Galletas y Brownies,51166.0,12,0.15,27.3,11.0,19500.0,540735.0
2971,Panaderia Artesanal,74836.0,6,0.05,38.1,12.6,21900.0,447776.0
2972,Tortas Personalizadas,74090.0,6,0.0,3.7,2.1,6150.0,448712.0
2973,Tortas Personalizadas,34722.0,7,0.1,18.3,11.5,20250.0,240717.0
2974,Postres Individuales,21711.0,8,0.0,29.5,4.5,9750.0,182097.0
2975,Panaderia Artesanal,67012.0,3,0.1,19.1,2.5,6750.0,186797.0
2976,Postres Individuales,39646.0,3,0.15,2.9,4.4,9600.0,113549.0
2977,Panaderia Artesanal,20363.0,10,0.0,29.8,12.9,22350.0,225210.0
2978,Bebidas,77354.0,13,0.0,18.5,9.6,17400.0,1025458.0
2979,Galletas y Brownies,20848.0,8,0.0,2.3,9.2,16800.0,186509.0
2980,Bebidas,7065.0,12,0.15,8.9,9.0,16500.0,87249.0
2981,Panaderia Artesanal,6622.0,13,0.05,11.0,6.4,12600.0,95490.0
2982,Galletas y Brownies,54785.0,14,0.05,23.7,6.5,12750.0,742102.0
2983,Tortas Personalizadas,57934.0,13,0.05,9.6,2.7,7050.0,723723.0
2984,Tortas Personalizadas,29883.0,7,0.0,17.2,5.3,10950.0,221885.0
2985,Postres Individuales,30601.0,10,0.0,34.2,7.9,14850.0,318136.0
2986,Panaderia Artesanal,32160.0,5,0.1,36.6,9.3,16950.0,162543.0
2987,Panaderia Artesanal,59413.0,4,0.2,36.1,1.5,5250.0,196412.0
2988,Tortas Personalizadas,9651.0,6,0.0,31.7,5.3,10950.0,68132.0
2989,Bebidas,79329.0,9,0.0,25.1,5.4,11100.0,726474.0
2990,Galletas y Brownies,22802.0,6,0.0,25.5,8.0,15000.0,153668.0
2991,Bebidas,84974.0,8,0.05,43.0,10.8,19200.0,664275.0
2992,Bebidas,18722.0,1,0.0,39.7,9.7,17550.0,34319.0
2993,Tortas Personalizadas,66724.0,12,0.2,29.8,8.8,16200.0,659538.0
2994,Tortas Personalizadas,22873.0,14,0.0,21.9,4.7,10050.0,329036.0
2995,Tortas Personalizadas,11468.0,6,0.0,33.2,12.7,22050.0,88857.0
2996,Postres Individuales,74995.0,14,0.0,4.2,11.9,20850.0,1071077.0
2997,Bebidas,73700.0,14,0.15,42.6,3.2,7800.0,881431.0
2998,Panaderia Artesanal,37286.0,2,0.0,25.3,10.0,18000.0,92693.0
2999,Galletas y Brownies,61192.0,3,0.0,23.4,13.6,23400.0,208231.0
3000,Postres Individuales,49565.0,6,0.0,14.2,6.8,13200.0,309753.0
3001,Panaderia Artesanal,73236.0,2,0.05,1.6,13.9,23850.0,163793.0
3002,Bebidas,30204.0,4,0.0,4.2,0.8,4200.0,125736.0
3003,Tortas Personalizadas,46894.0,6,0.05,12.9,8.0,15000.0,283054.0
3004,Bebidas,43830.0,5,0.0,25.1,4.2,9300.0,227845.0
3005,Galletas y Brownies,33312.0,6,0.15,5.1,4.3,9450.0,179398.0
3006,Postres Individuales,76316.0,6,0.1,43.8,13.2,22800.0,435184.0
3007,Postres Individuales,18270.0,8,0.0,19.4,5.0,10500.0,156770.0
3008,Galletas y Brownies,16961.0,9,0.2,15.3,0.8,4200.0,126072.0
3009,Panaderia Artesanal,51153.0,5,0.0,24.3,8.3,15450.0,273924.0
3010,Panaderia Artesanal,57600.0,6,0.1,4.3,14.6,24900.0,336427.0
3011,Postres Individuales,20570.0,6,0.0,38.5,1.6,5400.0,129443.0
3012,Postres Individuales,36257.0,6,0.0,21.5,4.7,10050.0,225756.0
3013,Tortas Personalizadas,80725.0,2,0.0,9.3,7.3,13950.0,178851.0
3014,Panaderia Artesanal,24729.0,4,0.05,8.5,12.5,21750.0,117040.0
3015,Galletas y Brownies,58469.0,1,0.0,17.2,4.4,9600.0,68570.0
3016,Panaderia Artesanal,64212.0,14,0.05,26.4,5.5,11250.0,867850.0
3017,Tortas Personalizadas,40850.0,12,0.0,19.6,6.1,12150.0,500582.0
3018,Postres Individuales,80002.0,1,0.1,27.5,6.0,12000.0,82353.0
3019,Postres Individuales,63933.0,1,0.05,32.2,3.4,8100.0,70421.0
3020,Tortas Personalizadas,41634.0,7,0.1,34.1,13.8,23700.0,287881.0
3021,Galletas y Brownies,50547.0,1,0.1,18.9,12.0,21000.0,63711.0
3022,Postres Individuales,60409.0,6,0.0,32.7,14.6,24900.0,385873.0
3023,Bebidas,52375.0,2,0.0,7.7,5.9,11850.0,114329.0
3024,Postres Individuales,75296.0,6,0.0,23.8,1.2,4800.0,458029.0
3025,Bebidas,33551.0,6,0.15,4.7,2.2,6300.0,177554.0
3026,Tortas Personalizadas,28991.0,12,0.05,12.1,5.7,11550.0,342737.0
3027,Tortas Personalizadas,22107.0,11,0.1,26.9,13.7,23550.0,240850.0
3028,Postres Individuales,8023.0,3,0.15,33.7,14.7,25050.0,45903.0
3029,Panaderia Artesanal,8441.0,8,0.15,5.6,12.4,21600.0,76684.0
3030,Bebidas,74604.0,11,0.05,10.5,4.0,9000.0,789849.0
3031,Galletas y Brownies,59271.0,4,0.05,44.6,10.1,18150.0,246078.0
3032,Postres Individuales,57843.0,13,0.15,16.2,9.2,16800.0,652562.0
3033,Galletas y Brownies,54171.0,7,0.1,13.9,12.4,21600.0,364945.0
3034,Postres Individuales,72938.0,4,0.05,5.2,7.9,14850.0,291867.0
3035,Panaderia Artesanal,43421.0,1,0.05,31.7,5.1,10650.0,52432.0
3036,Panaderia Artesanal,74633.0,6,0.05,23.6,0.8,4200.0,429032.0
3037,Panaderia Artesanal,33756.0,5,0.0,8.4,12.0,21000.0,188180.0
3038,Panaderia Artesanal,79137.0,9,0.1,29.0,8.2,15300.0,658821.0
3039,Tortas Personalizadas,60893.0,14,0.05,24.4,8.2,15300.0,824238.0
3040,Tortas Personalizadas,25574.0,14,0.0,26.1,14.4,24600.0,384949.0
3041,Bebidas,50127.0,9,0.0,44.8,7.6,14400.0,466742.0
3042,Galletas y Brownies,47642.0,12,0.15,2.7,5.1,10650.0,496252.0
3043,Postres Individuales,16032.0,11,0.05,41.3,5.4,11100.0,181205.0
3044,Postres Individuales,52299.0,13,0.0,38.1,0.7,4050.0,683879.0
3045,Tortas Personalizadas,30183.0,8,0.0,19.6,2.3,6450.0,249897.0
3046,Postres Individuales,9188.0,7,0.05,39.8,1.1,4650.0,67636.0
3047,Tortas Personalizadas,80892.0,14,0.0,29.7,4.0,9000.0,1139597.0
3048,Bebidas,56319.0,2,0.0,40.2,1.4,5100.0,116585.0
3049,Galletas y Brownies,75154.0,14,0.05,27.4,5.3,10950.0,1010209.0
3050,Bebidas,59084.0,8,0.05,10.9,2.3,6450.0,455231.0
3051,Panaderia Artesanal,33559.0,3,0.15,26.6,13.8,23700.0,109969.0
3052,Panaderia Artesanal,46015.0,6,0.0,9.3,14.1,24150.0,297680.0
3053,Panaderia Artesanal,59060.0,10,0.0,7.6,9.3,16950.0,607487.0
3054,Bebidas,81820.0,7,0.0,30.0,12.2,21300.0,594875.0
3055,Postres Individuales,25294.0,12,0.0,42.7,10.3,18450.0,323280.0
3056,Galletas y Brownies,74998.0,6,0.0,27.1,12.3,21450.0,470570.0
3057,Panaderia Artesanal,78926.0,5,0.1,36.1,9.8,17700.0,371341.0
3058,Panaderia Artesanal,58633.0,4,0.0,8.8,6.7,13050.0,247096.0
3059,Panaderia Artesanal,79501.0,2,0.15,30.0,13.2,22800.0,158774.0
3060,Galletas y Brownies,36830.0,9,0.0,33.4,6.9,13350.0,343026.0
3061,Panaderia Artesanal,81241.0,14,0.05,3.3,6.2,12300.0,1092392.0
3062,Galletas y Brownies,61223.0,7,0.2,5.7,9.6,17400.0,359576.0
3063,Panaderia Artesanal,8360.0,7,0.0,35.5,14.1,24150.0,80369.0
3064,Bebidas,77550.0,4,0.0,20.6,6.9,13350.0,321180.0
3065,Bebidas,43758.0,14,0.1,19.1,8.8,16200.0,569787.0
3066,Galletas y Brownies,41826.0,5,0.05,41.5,7.6,14400.0,214294.0
3067,Bebidas,50317.0,6,0.05,44.7,13.7,23550.0,311875.0
3068,Galletas y Brownies,16951.0,12,0.0,34.8,10.3,18450.0,221354.0
3069,Bebidas,42533.0,11,0.1,36.0,6.6,12900.0,434198.0
3070,Bebidas,71490.0,12,0.05,10.6,9.3,16950.0,832798.0
3071,Galletas y Brownies,6239.0,2,0.0,9.9,2.8,7200.0,22043.0
3072,Postres Individuales,26833.0,4,0.2,44.2,5.5,11250.0,97704.0
3073,Bebidas,5196.0,13,0.05,31.7,11.2,19800.0,82968.0
3074,Panaderia Artesanal,38257.0,4,0.05,31.4,8.7,16050.0,162421.0
3075,Postres Individuales,63265.0,12,0.1,13.9,5.1,10650.0,689659.0
3076,Galletas y Brownies,68902.0,13,0.05,40.1,5.8,11700.0,861310.0
3077,Postres Individuales,80615.0,4,0.0,3.4,12.2,21300.0,343918.0
3078,Tortas Personalizadas,53680.0,7,0.05,13.4,8.3,15450.0,373389.0
3079,Tortas Personalizadas,25370.0,13,0.1,9.3,4.0,9000.0,306872.0
3080,Bebidas,78932.0,7,0.05,32.4,4.8,10200.0,534500.0
3081,Bebidas,67025.0,7,0.2,32.6,7.3,13950.0,389092.0
3082,Panaderia Artesanal,50954.0,7,0.0,24.8,11.6,20400.0,376587.0
3083,Postres Individuales,60651.0,2,0.0,1.7,15.0,25500.0,147836.0
3084,Tortas Personalizadas,78945.0,5,0.05,39.5,3.2,7800.0,383586.0
3085,Bebidas,61992.0,10,0.05,43.1,11.4,20100.0,608882.0
3086,Postres Individuales,34470.0,2,0.0,10.3,9.4,17100.0,85089.0
3087,Bebidas,62042.0,5,0.1,38.1,8.2,15300.0,295073.0
3088,Bebidas,8222.0,12,0.0,43.8,14.5,24750.0,123558.0
3089,Tortas Personalizadas,35913.0,6,0.0,15.7,5.2,10800.0,228540.0
3090,Tortas Personalizadas,37506.0,3,0.2,9.5,3.1,7650.0,97593.0
3091,Bebidas,18347.0,6,0.0,44.0,13.2,22800.0,132559.0
3092,Galletas y Brownies,6847.0,5,0.2,4.1,1.5,5250.0,31393.0
3093,Bebidas,15670.0,4,0.0,13.5,12.3,21450.0,86421.0
3094,Bebidas,57370.0,10,0.0,33.8,9.0,16500.0,590324.0
3095,Panaderia Artesanal,69183.0,9,0.1,28.4,2.9,7350.0,568093.0
3096,Panaderia Artesanal,84056.0,11,0.1,31.3,3.8,8700.0,843420.0
3097,Panaderia Artesanal,32709.0,14,0.0,32.3,2.8,7200.0,466869.0
3098,Galletas y Brownies,52950.0,8,0.0,31.3,10.9,19350.0,440873.0
3099,Galletas y Brownies,79972.0,12,0.05,16.4,2.6,6900.0,920382.0
3100,Bebidas,18363.0,7,0.0,15.1,10.4,18600.0,148881.0
3101,Panaderia Artesanal,62412.0,11,0.1,20.1,2.4,6600.0,621859.0
3102,Galletas y Brownies,65398.0,1,0.0,36.6,12.1,21150.0,88817.0
3103,Tortas Personalizadas,12118.0,9,0.1,42.3,13.8,23700.0,120988.0
3104,Bebidas,73900.0,9,0.0,21.3,8.6,15900.0,682137.0
3105,Postres Individuales,70048.0,6,0.05,5.2,14.5,24750.0,423253.0
3106,Bebidas,7672.0,7,0.1,42.3,6.2,12300.0,64044.0
3107,Postres Individuales,12287.0,13,0.0,5.0,4.0,9000.0,169044.0
3108,Panaderia Artesanal,8930.0,3,0.1,8.4,3.1,7650.0,33118.0
3109,Postres Individuales,31779.0,5,0.0,39.2,7.4,14100.0,173228.0
3110,Panaderia Artesanal,45743.0,7,0.0,25.5,2.4,6600.0,325224.0
3111,Tortas Personalizadas,47588.0,1,0.0,16.8,13.2,22800.0,70259.0
3112,Postres Individuales,26413.0,12,0.15,42.0,11.9,20850.0,288155.0
3113,Bebidas,77928.0,1,0.0,43.3,8.7,16050.0,94423.0
3114,Panaderia Artesanal,34461.0,5,0.05,15.9,11.0,19500.0,182879.0
3115,Bebidas,8644.0,9,0.05,39.3,1.2,4800.0,76623.0
3116,Galletas y Brownies,29018.0,7,0.0,31.0,3.5,8250.0,210697.0
3117,Panaderia Artesanal,47489.0,1,0.0,13.4,9.5,17250.0,63114.0
3118,Postres Individuales,37658.0,13,0.0,42.5,7.4,14100.0,502967.0
3119,Panaderia Artesanal,26907.0,13,0.0,4.2,9.3,16950.0,366515.0
3120,Bebidas,15506.0,12,0.0,15.3,1.8,5700.0,192861.0
3121,Tortas Personalizadas,70533.0,5,0.1,18.7,10.0,18000.0,334082.0
3122,Panaderia Artesanal,84692.0,8,0.1,31.5,12.2,21300.0,629847.0
3123,Postres Individuales,31363.0,8,0.0,3.2,8.4,15600.0,267015.0
3124,Galletas y Brownies,35530.0,12,0.05,40.2,5.7,11550.0,416684.0
3125,Tortas Personalizadas,54443.0,2,0.0,30.2,3.0,7500.0,117513.0
3126,Galletas y Brownies,62475.0,7,0.05,13.5,4.3,9450.0,424601.0
3127,Panaderia Artesanal,36362.0,10,0.2,30.1,8.1,15150.0,306873.0
3128,Bebidas,77394.0,5,0.0,24.9,4.2,9300.0,391920.0
3129,Bebidas,49800.0,9,0.05,16.1,11.8,20700.0,445389.0
3130,Postres Individuales,41031.0,3,0.1,2.7,2.4,6600.0,117434.0
3131,Bebidas,56734.0,1,0.05,25.5,8.0,15000.0,68733.0
3132,Tortas Personalizadas,81224.0,13,0.0,5.1,7.7,14550.0,1070680.0
3133,Bebidas,68564.0,4,0.0,36.7,2.5,6750.0,282326.0
3134,Postres Individuales,8201.0,7,0.0,5.4,14.9,25350.0,81967.0
3135,Panaderia Artesanal,31585.0,1,0.0,20.2,12.4,21600.0,53636.0
3136,Panaderia Artesanal,42644.0,2,0.05,20.4,6.1,12150.0,92823.0
3137,Bebidas,30161.0,14,0.0,25.7,10.4,18600.0,441552.0
3138,Galletas y Brownies,61015.0,5,0.1,3.2,10.9,19350.0,294651.0
3139,Panaderia Artesanal,71102.0,9,0.0,10.4,9.9,17850.0,656117.0
3140,Bebidas,63508.0,14,0.0,10.2,6.8,13200.0,902828.0
3141,Postres Individuales,84147.0,1,0.05,27.6,13.3,22950.0,103779.0
3142,Bebidas,26804.0,12,0.0,13.0,11.7,20550.0,342418.0
3143,Panaderia Artesanal,74999.0,4,0.05,7.8,8.4,15600.0,301159.0
3144,Postres Individuales,66330.0,12,0.0,2.3,0.5,3750.0,799959.0
3145,Bebidas,33974.0,14,0.0,38.1,3.7,8550.0,483016.0
3146,Tortas Personalizadas,63730.0,3,0.0,43.8,7.9,14850.0,205340.0
3147,Postres Individuales,13326.0,14,0.0,32.1,13.5,23250.0,210068.0
3148,Tortas Personalizadas,68147.0,5,0.15,19.5,9.6,17400.0,306906.0
3149,Galletas y Brownies,47586.0,5,0.0,6.8,6.6,12900.0,249840.0
3150,Postres Individuales,28383.0,10,0.15,22.2,1.2,4800.0,245021.0
3151,Tortas Personalizadas,57462.0,2,0.0,21.4,9.2,16800.0,131621.0
3152,Panaderia Artesanal,56330.0,5,0.05,19.8,5.6,11400.0,276878.0
3153,Panaderia Artesanal,21759.0,9,0.05,18.0,8.3,15450.0,200745.0
3154,Galletas y Brownies,7432.0,5,0.15,23.1,11.6,20400.0,53854.0
3155,Postres Individuales,39690.0,11,0.1,4.7,12.2,21300.0,414638.0
3156,Postres Individuales,50561.0,10,0.2,3.2,13.0,22500.0,426311.0
3157,Postres Individuales,75128.0,2,0.1,4.3,9.7,17550.0,152096.0
3158,Galletas y Brownies,79257.0,7,0.0,10.2,13.6,23400.0,581806.0
3159,Postres Individuales,47304.0,6,0.2,13.6,10.5,18750.0,245758.0
3160,Panaderia Artesanal,65304.0,7,0.2,8.9,11.9,20850.0,387358.0
3161,Tortas Personalizadas,40144.0,8,0.0,12.5,10.4,18600.0,338669.0
3162,Panaderia Artesanal,64687.0,10,0.15,9.6,13.1,22650.0,573227.0
3163,Panaderia Artesanal,21384.0,5,0.05,8.1,3.7,8550.0,108062.0
3164,Tortas Personalizadas,34685.0,2,0.15,14.2,11.5,20250.0,78616.0
3165,Panaderia Artesanal,55738.0,7,0.15,18.8,2.2,6300.0,337509.0
3166,Galletas y Brownies,6453.0,7,0.15,33.9,1.8,5700.0,40861.0
3167,Tortas Personalizadas,62797.0,8,0.15,43.1,7.6,14400.0,442119.0
3168,Panaderia Artesanal,71843.0,7,0.0,41.5,4.9,10350.0,512500.0
3169,Bebidas,36931.0,10,0.0,22.2,8.7,16050.0,386592.0
3170,Panaderia Artesanal,40835.0,7,0.0,21.6,10.3,18450.0,303910.0
3171,Galletas y Brownies,73103.0,14,0.0,7.0,3.8,8700.0,1030678.0
3172,Postres Individuales,67052.0,13,0.0,43.8,10.6,18900.0,891367.0
3173,Panaderia Artesanal,28052.0,9,0.05,34.6,14.9,25350.0,264989.0
3174,Postres Individuales,30918.0,8,0.0,38.4,11.5,20250.0,267655.0
3175,Bebidas,59310.0,2,0.1,11.7,3.0,7500.0,115036.0
3176,Panaderia Artesanal,50056.0,2,0.1,18.9,9.7,17550.0,107975.0
3177,Tortas Personalizadas,17978.0,7,0.05,6.0,0.6,3900.0,122502.0
3178,Postres Individuales,29794.0,10,0.0,42.4,7.3,13950.0,309335.0
3179,Bebidas,76999.0,11,0.0,13.9,8.2,15300.0,860861.0
3180,Tortas Personalizadas,60054.0,13,0.0,27.4,14.6,24900.0,805324.0
3181,Tortas Personalizadas,83878.0,10,0.0,8.1,11.2,19800.0,858544.0
3182,Tortas Personalizadas,66361.0,3,0.1,36.4,10.7,19050.0,200393.0
3183,Tortas Personalizadas,80358.0,1,0.05,9.6,8.2,15300.0,94762.0
3184,Panaderia Artesanal,22295.0,9,0.1,36.7,7.9,14850.0,195262.0
3185,Panaderia Artesanal,66719.0,14,0.0,19.0,14.9,25350.0,960069.0
3186,Panaderia Artesanal,6617.0,14,0.0,26.6,0.8,4200.0,96146.0
3187,Bebidas,58661.0,14,0.1,13.2,4.9,10350.0,748468.0
3188,Bebidas,42543.0,3,0.0,39.9,2.4,6600.0,133907.0
3189,Bebidas,32741.0,1,0.05,34.6,5.1,10650.0,40851.0
3190,Galletas y Brownies,73992.0,6,0.1,16.9,7.2,13800.0,412226.0
3191,Bebidas,73341.0,4,0.0,27.0,5.5,11250.0,303792.0
3192,Panaderia Artesanal,6784.0,14,0.05,7.1,14.5,24750.0,113950.0
3193,Panaderia Artesanal,53760.0,1,0.05,8.5,10.4,18600.0,69689.0
3194,Galletas y Brownies,34427.0,4,0.1,24.7,11.1,19650.0,143808.0
3195,Galletas y Brownies,38253.0,8,0.0,29.4,11.3,19950.0,324258.0
3196,Bebidas,71563.0,11,0.1,25.7,13.5,23250.0,732252.0
3197,Postres Individuales,29787.0,7,0.0,25.8,11.6,20400.0,228781.0
3198,Galletas y Brownies,80444.0,12,0.05,33.8,0.7,4050.0,920803.0
3199,Tortas Personalizadas,19371.0,1,0.0,40.8,4.3,9450.0,29313.0
3200,Panaderia Artesanal,58018.0,10,0.0,18.4,14.8,25200.0,607639.0
3201,Tortas Personalizadas,58768.0,12,0.0,24.9,10.0,18000.0,723006.0
3202,Panaderia Artesanal,25176.0,9,0.0,40.3,1.5,5250.0,230436.0
3203,Panaderia Artesanal,30980.0,6,0.0,21.7,7.3,13950.0,200604.0
3204,Galletas y Brownies,71784.0,2,0.0,20.9,14.7,25050.0,169433.0
3205,Galletas y Brownies,65944.0,3,0.15,34.8,14.9,25350.0,193901.0
3206,Tortas Personalizadas,31328.0,7,0.0,39.7,6.8,13200.0,232452.0
3207,Panaderia Artesanal,47717.0,3,0.15,33.6,13.4,23100.0,143129.0
3208,Tortas Personalizadas,9934.0,13,0.15,5.9,9.1,16650.0,124701.0
3209,Postres Individuales,21700.0,3,0.0,21.7,7.9,14850.0,79376.0
3210,Tortas Personalizadas,43866.0,5,0.0,10.7,6.5,12750.0,230547.0
3211,Bebidas,11878.0,3,0.0,15.3,13.4,23100.0,59945.0
3212,Tortas Personalizadas,72467.0,3,0.2,21.9,9.5,17250.0,188811.0
3213,Bebidas,62440.0,11,0.05,11.1,5.3,10950.0,663358.0
3214,Bebidas,80491.0,5,0.2,23.9,7.6,14400.0,336146.0
3215,Bebidas,60477.0,14,0.0,29.5,6.9,13350.0,860869.0
3216,Postres Individuales,80232.0,5,0.15,39.6,7.0,13500.0,355564.0
3217,Tortas Personalizadas,49361.0,12,0.0,10.7,5.0,10500.0,601674.0
3218,Tortas Personalizadas,53017.0,9,0.15,15.0,9.7,17550.0,425061.0
3219,Postres Individuales,83158.0,1,0.0,19.2,1.3,4950.0,86528.0
3220,Panaderia Artesanal,56370.0,14,0.05,11.3,13.3,22950.0,773964.0
3221,Galletas y Brownies,7463.0,1,0.05,15.9,6.5,12750.0,20733.0
3222,Tortas Personalizadas,62904.0,11,0.05,39.9,12.1,21150.0,675772.0
3223,Galletas y Brownies,77437.0,14,0.0,7.5,11.1,19650.0,1102177.0
3224,Postres Individuales,68646.0,9,0.05,20.8,7.3,13950.0,602229.0
3225,Panaderia Artesanal,51707.0,5,0.0,15.0,3.4,8100.0,266885.0
3226,Panaderia Artesanal,58704.0,4,0.05,4.9,8.7,16050.0,239222.0
3227,Panaderia Artesanal,84215.0,2,0.05,5.7,14.2,24300.0,180427.0
3228,Postres Individuales,12253.0,12,0.0,35.6,3.2,7800.0,154578.0
3229,Bebidas,58380.0,9,0.1,38.6,4.2,9300.0,481175.0
3230,Bebidas,27672.0,6,0.0,33.8,14.9,25350.0,189517.0
3231,Galletas y Brownies,56207.0,9,0.0,25.0,13.4,23100.0,529985.0
3232,Bebidas,53610.0,5,0.0,35.1,8.5,15750.0,283866.0
3233,Bebidas,17277.0,4,0.15,8.1,10.6,18900.0,76356.0
3234,Panaderia Artesanal,21540.0,7,0.05,35.4,6.9,13350.0,155446.0
3235,Panaderia Artesanal,54730.0,5,0.1,19.9,6.4,12600.0,259045.0
3236,Galletas y Brownies,15258.0,8,0.05,34.1,6.9,13350.0,130005.0
3237,Tortas Personalizadas,26214.0,8,0.1,11.4,6.5,12750.0,202612.0
3238,Galletas y Brownies,71820.0,13,0.0,37.7,10.3,18450.0,952910.0
3239,Galletas y Brownies,31167.0,2,0.1,26.2,5.3,10950.0,67005.0
3240,Postres Individuales,44045.0,13,0.0,1.8,3.0,7500.0,578820.0
3241,Postres Individuales,80291.0,5,0.05,24.1,10.7,19050.0,400943.0
3242,Galletas y Brownies,23172.0,10,0.0,15.0,1.0,4500.0,234740.0
3243,Galletas y Brownies,36170.0,8,0.15,4.0,10.9,19350.0,265459.0
3244,Galletas y Brownies,53517.0,3,0.1,21.0,4.3,9450.0,153704.0
3245,Bebidas,65427.0,7,0.15,15.0,3.3,7950.0,398439.0
3246,Postres Individuales,77132.0,3,0.0,10.4,6.0,12000.0,244479.0
3247,Galletas y Brownies,78238.0,6,0.0,16.7,2.2,6300.0,476604.0
3248,Panaderia Artesanal,67131.0,2,0.0,9.3,6.1,12150.0,147131.0
3249,Panaderia Artesanal,23266.0,6,0.05,14.5,2.0,6000.0,138476.0
3250,Bebidas,6985.0,6,0.1,6.5,7.5,14250.0,54296.0
3251,Bebidas,35702.0,8,0.0,5.2,3.1,7650.0,294151.0
3252,Tortas Personalizadas,16324.0,5,0.0,41.1,2.4,6600.0,90447.0
3253,Tortas Personalizadas,61831.0,14,0.0,40.8,8.9,16350.0,883568.0
3254,Tortas Personalizadas,57890.0,1,0.1,37.5,9.6,17400.0,68873.0
3255,Bebidas,8518.0,8,0.0,11.5,0.6,3900.0,71207.0
3256,Bebidas,71928.0,12,0.2,33.1,6.1,12150.0,703397.0
3257,Bebidas,24899.0,9,0.0,27.2,1.6,5400.0,227701.0
3258,Panaderia Artesanal,39578.0,1,0.1,3.7,11.2,19800.0,54891.0
3259,Bebidas,58435.0,5,0.05,40.6,10.4,18600.0,295141.0
3260,Panaderia Artesanal,39354.0,12,0.0,44.9,1.2,4800.0,477010.0
3261,Tortas Personalizadas,40303.0,6,0.1,32.3,14.1,24150.0,238602.0
3262,Tortas Personalizadas,10250.0,4,0.0,11.6,14.4,24600.0,68809.0
3263,Tortas Personalizadas,37115.0,14,0.05,25.6,5.4,11100.0,505781.0
3264,Galletas y Brownies,66188.0,11,0.05,6.3,2.4,6600.0,699817.0
3265,Galletas y Brownies,78214.0,2,0.0,14.5,2.2,6300.0,162960.0
3266,Postres Individuales,38080.0,5,0.1,32.7,12.7,22050.0,195210.0
3267,Postres Individuales,38887.0,14,0.05,14.6,7.2,13800.0,531838.0
3268,Postres Individuales,61210.0,14,0.1,7.9,0.6,3900.0,776384.0
3269,Galletas y Brownies,80422.0,4,0.0,1.8,13.9,23850.0,346272.0
3270,Galletas y Brownies,26365.0,13,0.0,26.4,9.1,16650.0,361432.0
3271,Postres Individuales,40212.0,7,0.0,43.6,10.5,18750.0,299186.0
3272,Postres Individuales,68678.0,6,0.15,22.6,12.4,21600.0,374200.0
3273,Bebidas,53775.0,3,0.15,10.7,12.4,21600.0,158485.0
3274,Postres Individuales,13847.0,9,0.0,21.7,1.6,5400.0,128823.0
3275,Bebidas,55219.0,14,0.0,27.7,8.8,16200.0,789922.0
3276,Panaderia Artesanal,19940.0,4,0.1,36.4,10.6,18900.0,89027.0
3277,Galletas y Brownies,45817.0,11,0.1,21.2,1.7,5550.0,458410.0
3278,Postres Individuales,47328.0,5,0.1,9.0,3.7,8550.0,221111.0
3279,Galletas y Brownies,75096.0,14,0.0,9.7,6.2,12300.0,1063316.0
3280,Galletas y Brownies,42000.0,3,0.0,40.6,13.4,23100.0,150558.0
3281,Galletas y Brownies,27355.0,8,0.0,11.8,12.8,22200.0,242280.0
3282,Panaderia Artesanal,23477.0,11,0.0,33.2,11.8,20700.0,278483.0
3283,Tortas Personalizadas,74940.0,7,0.1,13.2,14.9,25350.0,498135.0
3284,Postres Individuales,18681.0,11,0.05,32.8,4.0,9000.0,207378.0
3285,Tortas Personalizadas,39069.0,11,0.1,4.9,7.3,13950.0,398924.0
3286,Tortas Personalizadas,19974.0,7,0.0,10.5,7.0,13500.0,151811.0
3287,Tortas Personalizadas,66864.0,8,0.05,19.3,10.3,18450.0,526688.0
3288,Galletas y Brownies,42950.0,7,0.05,23.9,12.8,22200.0,311885.0
3289,Bebidas,33091.0,3,0.0,16.9,7.6,14400.0,112436.0
3290,Galletas y Brownies,33888.0,3,0.05,26.4,7.6,14400.0,110104.0
3291,Galletas y Brownies,73177.0,2,0.05,15.7,9.3,16950.0,156826.0
3292,Tortas Personalizadas,49302.0,13,0.15,31.0,11.3,19950.0,566159.0
3293,Galletas y Brownies,62429.0,1,0.0,23.7,3.4,8100.0,70540.0
3294,Tortas Personalizadas,76763.0,5,0.1,32.2,14.4,24600.0,370375.0
3295,Bebidas,77139.0,12,0.2,20.2,1.8,5700.0,746213.0
3296,Postres Individuales,31281.0,4,0.1,39.6,0.8,4200.0,117082.0
3297,Tortas Personalizadas,81196.0,13,0.1,18.1,5.7,11550.0,959366.0
3298,Bebidas,6990.0,11,0.0,14.9,10.7,19050.0,96202.0
3299,Postres Individuales,35147.0,2,0.05,25.7,14.7,25050.0,91883.0
3300,Panaderia Artesanal,76664.0,1,0.1,23.6,14.0,24000.0,93543.0
3301,Tortas Personalizadas,26971.0,14,0.05,24.0,10.5,18750.0,376654.0
3302,Tortas Personalizadas,26847.0,14,0.0,36.1,6.8,13200.0,389809.0
3303,Panaderia Artesanal,29210.0,3,0.15,27.1,9.1,16650.0,92355.0
3304,Panaderia Artesanal,53985.0,13,0.05,40.0,14.5,24750.0,695252.0
3305,Tortas Personalizadas,40067.0,6,0.2,28.4,4.3,9450.0,201070.0
3306,Panaderia Artesanal,63139.0,13,0.05,2.4,7.4,14100.0,792398.0
3307,Galletas y Brownies,76593.0,2,0.1,39.4,10.5,18750.0,156882.0
3308,Postres Individuales,58936.0,10,0.1,38.0,0.6,3900.0,535103.0
3309,Postres Individuales,21357.0,13,0.05,3.6,6.0,12000.0,275937.0
3310,Postres Individuales,79615.0,7,0.0,6.9,8.7,16050.0,573546.0
3311,Galletas y Brownies,26159.0,11,0.0,25.7,13.6,23400.0,310318.0
3312,Panaderia Artesanal,16992.0,7,0.05,3.4,14.9,25350.0,136008.0
3313,Bebidas,12197.0,11,0.15,19.4,8.6,15900.0,131810.0
3314,Panaderia Artesanal,50071.0,3,0.05,43.9,14.2,24300.0,169423.0
3315,Tortas Personalizadas,14101.0,14,0.0,9.0,1.9,5850.0,202163.0
3316,Postres Individuales,16102.0,1,0.0,10.5,10.7,19050.0,34242.0
3317,Panaderia Artesanal,29002.0,9,0.05,30.9,6.3,12450.0,258044.0
3318,Bebidas,27532.0,11,0.05,3.4,11.4,20100.0,307214.0
3319,Tortas Personalizadas,53339.0,5,0.2,37.2,13.1,22650.0,236519.0
3320,Galletas y Brownies,70340.0,2,0.05,10.2,1.3,4950.0,137629.0
3321,Galletas y Brownies,65908.0,8,0.0,24.6,14.1,24150.0,552542.0
3322,Bebidas,25999.0,12,0.05,12.3,1.5,5250.0,300229.0
3323,Tortas Personalizadas,24625.0,10,0.1,30.2,11.4,20100.0,242668.0
3324,Postres Individuales,82263.0,10,0.05,27.0,1.5,5250.0,787213.0
3325,Panaderia Artesanal,5659.0,4,0.0,42.7,13.0,22500.0,44621.0
3326,Tortas Personalizadas,75378.0,11,0.0,20.9,3.5,8250.0,837028.0
3327,Galletas y Brownies,20978.0,10,0.1,39.6,6.8,13200.0,203069.0
3328,Bebidas,80783.0,12,0.0,26.5,14.0,24000.0,997480.0
3329,Bebidas,32385.0,7,0.0,41.3,12.0,21000.0,247506.0
3330,Panaderia Artesanal,40228.0,14,0.0,14.2,11.9,20850.0,585534.0
3331,Bebidas,61570.0,13,0.15,25.4,11.6,20400.0,703194.0
3332,Bebidas,52014.0,5,0.0,18.5,8.8,16200.0,275282.0
3333,Tortas Personalizadas,30435.0,13,0.1,4.4,14.3,24450.0,379211.0
3334,Postres Individuales,49306.0,3,0.05,26.5,12.6,21900.0,162438.0
3335,Panaderia Artesanal,63457.0,10,0.05,36.0,6.9,13350.0,616458.0
3336,Tortas Personalizadas,8387.0,8,0.1,25.7,11.3,19950.0,81094.0
3337,Postres Individuales,5896.0,2,0.0,13.7,15.0,25500.0,36097.0
3338,Tortas Personalizadas,41645.0,1,0.0,13.0,13.1,22650.0,65413.0
3339,Tortas Personalizadas,15547.0,5,0.0,11.8,0.5,3750.0,79811.0
3340,Bebidas,58148.0,11,0.05,44.1,11.2,19800.0,627419.0
3341,Postres Individuales,22124.0,4,0.15,18.9,13.5,23250.0,98944.0
3342,Panaderia Artesanal,39628.0,11,0.15,15.3,5.3,10950.0,379414.0
3343,Panaderia Artesanal,20814.0,10,0.1,19.7,14.7,25050.0,213017.0
3344,Postres Individuales,48879.0,7,0.15,6.5,6.3,12450.0,302942.0
3345,Bebidas,14284.0,13,0.2,10.0,6.6,12900.0,160771.0
3346,Galletas y Brownies,6849.0,9,0.1,23.6,2.8,7200.0,63136.0
3347,Tortas Personalizadas,9091.0,6,0.0,36.2,1.9,5850.0,58204.0
3348,Bebidas,81341.0,11,0.0,39.6,8.3,15450.0,910803.0
3349,Postres Individuales,16383.0,1,0.15,39.2,9.2,16800.0,28923.0
3350,Tortas Personalizadas,61678.0,8,0.05,42.6,5.8,11700.0,480984.0
3351,Panaderia Artesanal,10434.0,2,0.1,7.0,9.3,16950.0,35893.0
3352,Galletas y Brownies,13653.0,4,0.0,3.3,6.2,12300.0,69167.0
3353,Panaderia Artesanal,45710.0,3,0.0,6.1,13.1,22650.0,162037.0
3354,Postres Individuales,42190.0,6,0.0,27.6,14.3,24450.0,278745.0
3355,Tortas Personalizadas,81126.0,2,0.0,25.7,9.1,16650.0,178793.0
3356,Postres Individuales,80587.0,5,0.15,30.7,12.7,22050.0,364526.0
3357,Tortas Personalizadas,67369.0,11,0.0,17.6,12.9,22350.0,761695.0
3358,Bebidas,53168.0,9,0.05,18.5,10.8,19200.0,471091.0
3359,Galletas y Brownies,41397.0,3,0.0,25.2,3.3,7950.0,133758.0
3360,Bebidas,33494.0,2,0.0,4.9,2.7,7050.0,73388.0
3361,Bebidas,80767.0,2,0.0,36.3,13.8,23700.0,183907.0
3362,Postres Individuales,53233.0,9,0.2,41.6,4.3,9450.0,390068.0
3363,Galletas y Brownies,51326.0,6,0.1,18.3,4.1,9150.0,286508.0
3364,Tortas Personalizadas,23552.0,2,0.05,33.7,2.9,7350.0,51700.0
3365,Tortas Personalizadas,8736.0,3,0.15,25.4,8.1,15150.0,36402.0
3366,Panaderia Artesanal,80615.0,14,0.2,11.8,10.3,18450.0,920237.0
3367,Tortas Personalizadas,30099.0,1,0.0,4.4,10.3,18450.0,48940.0
3368,Postres Individuales,40407.0,2,0.0,12.2,4.3,9450.0,90334.0
3369,Bebidas,14171.0,2,0.0,27.8,1.9,5850.0,31608.0
3370,Bebidas,71954.0,11,0.0,3.2,5.0,10500.0,800651.0
3371,Bebidas,7211.0,2,0.0,37.9,7.8,14700.0,30410.0
3372,Galletas y Brownies,71719.0,7,0.0,43.7,9.4,17100.0,517989.0
3373,Tortas Personalizadas,16223.0,3,0.0,5.1,4.4,9600.0,59638.0
3374,Postres Individuales,75925.0,13,0.15,12.2,3.2,7800.0,846765.0
3375,Galletas y Brownies,63382.0,14,0.1,30.9,12.7,22050.0,819925.0
3376,Panaderia Artesanal,18174.0,11,0.0,36.6,12.9,22350.0,221647.0
3377,Postres Individuales,50265.0,4,0.1,16.6,4.6,9900.0,191712.0
3378,Postres Individuales,30013.0,2,0.1,23.9,8.6,15900.0,68503.0
3379,Postres Individuales,19259.0,5,0.0,40.3,6.9,13350.0,107623.0
3380,Bebidas,73735.0,14,0.05,18.2,2.6,6900.0,986477.0
3381,Postres Individuales,37282.0,9,0.0,5.0,14.1,24150.0,357788.0
3382,Tortas Personalizadas,36883.0,12,0.0,44.8,0.6,3900.0,444881.0
3383,Postres Individuales,18591.0,9,0.05,9.3,3.2,7800.0,165113.0
3384,Bebidas,35645.0,7,0.0,3.6,5.5,11250.0,260961.0
3385,Postres Individuales,74729.0,12,0.0,19.4,12.9,22350.0,916138.0
3386,Panaderia Artesanal,34050.0,8,0.0,6.8,11.9,20850.0,293387.0
3387,Panaderia Artesanal,81128.0,13,0.15,44.1,8.9,16350.0,912623.0
3388,Bebidas,80705.0,14,0.1,18.1,10.6,18900.0,1036842.0
3389,Tortas Personalizadas,16592.0,5,0.1,37.4,5.4,11100.0,86211.0
3390,Tortas Personalizadas,19185.0,5,0.1,9.2,14.1,24150.0,110874.0
3391,Galletas y Brownies,74014.0,12,0.1,7.5,0.9,4350.0,802185.0
3392,Bebidas,36421.0,3,0.0,29.7,2.0,6000.0,114620.0
3393,Postres Individuales,5350.0,6,0.15,41.1,13.9,23850.0,48832.0
3394,Bebidas,26910.0,1,0.1,6.5,14.2,24300.0,50259.0
3395,Galletas y Brownies,52810.0,3,0.0,27.1,7.6,14400.0,174836.0
3396,Bebidas,68941.0,11,0.05,5.2,8.9,16350.0,737450.0
3397,Bebidas,15671.0,2,0.05,36.8,13.6,23400.0,51325.0
3398,Galletas y Brownies,13843.0,7,0.0,41.1,12.9,22350.0,120189.0
3399,Tortas Personalizadas,78767.0,9,0.0,28.9,13.0,22500.0,730684.0
3400,Postres Individuales,65092.0,4,0.0,31.4,5.9,11850.0,269696.0
3401,Galletas y Brownies,52182.0,7,0.15,3.9,12.5,21750.0,331653.0
3402,Panaderia Artesanal,66535.0,8,0.0,4.7,1.5,5250.0,539047.0
3403,Tortas Personalizadas,39308.0,10,0.0,9.3,7.6,14400.0,407135.0
3404,Panaderia Artesanal,65676.0,2,0.0,13.4,3.9,8850.0,140345.0
3405,Tortas Personalizadas,34744.0,7,0.1,34.6,1.0,4500.0,221566.0
3406,Postres Individuales,24528.0,13,0.15,20.4,9.4,17100.0,287752.0
3407,Postres Individuales,63321.0,12,0.05,4.9,1.6,5400.0,726836.0
3408,Bebidas,38574.0,3,0.0,38.6,2.2,6300.0,120465.0
3409,Panaderia Artesanal,83510.0,8,0.05,44.7,1.7,5550.0,640477.0
3410,Tortas Personalizadas,32959.0,6,0.1,21.3,14.6,24900.0,202451.0
3411,Postres Individuales,78738.0,3,0.1,23.8,1.1,4650.0,218039.0
3412,Galletas y Brownies,79637.0,8,0.1,4.9,4.4,9600.0,582179.0
3413,Postres Individuales,24348.0,11,0.0,18.2,10.0,18000.0,286021.0
3414,Galletas y Brownies,68858.0,13,0.0,17.7,12.4,21600.0,915625.0
3415,Tortas Personalizadas,39646.0,3,0.0,43.5,9.3,16950.0,133470.0
3416,Postres Individuales,78402.0,9,0.2,30.2,14.7,25050.0,591124.0
3417,Postres Individuales,41010.0,11,0.05,35.5,5.4,11100.0,438922.0
3418,Tortas Personalizadas,64544.0,3,0.1,7.1,7.3,13950.0,186822.0
3419,Postres Individuales,42357.0,1,0.15,19.6,12.4,21600.0,58361.0
3420,Galletas y Brownies,23224.0,13,0.15,9.8,10.4,18600.0,275218.0
3421,Postres Individuales,20948.0,2,0.0,38.9,3.6,8400.0,48287.0
3422,Panaderia Artesanal,39034.0,4,0.0,8.1,7.7,14550.0,170343.0
3423,Bebidas,65440.0,13,0.15,20.6,14.7,25050.0,745646.0
3424,Galletas y Brownies,53406.0,11,0.2,3.8,13.0,22500.0,491444.0
3425,Panaderia Artesanal,60090.0,2,0.05,29.1,3.3,7950.0,124127.0
3426,Tortas Personalizadas,27586.0,4,0.15,22.5,3.1,7650.0,99829.0
3427,Galletas y Brownies,43515.0,4,0.0,23.2,12.5,21750.0,194719.0
3428,Bebidas,8552.0,4,0.0,5.9,3.4,8100.0,42593.0
3429,Bebidas,70403.0,1,0.0,23.9,7.1,13650.0,82424.0
3430,Tortas Personalizadas,84191.0,9,0.1,26.0,3.1,7650.0,688498.0
3431,Tortas Personalizadas,37550.0,10,0.05,43.4,0.7,4050.0,362307.0
3432,Galletas y Brownies,5877.0,11,0.05,2.9,13.2,22800.0,82808.0
3433,Postres Individuales,18583.0,7,0.0,41.6,11.8,20700.0,150385.0
3434,Tortas Personalizadas,57202.0,2,0.0,22.4,7.3,13950.0,127269.0
3435,Postres Individuales,53966.0,3,0.15,10.6,2.8,7200.0,144026.0
3436,Panaderia Artesanal,68029.0,13,0.0,30.5,12.2,21300.0,905872.0
3437,Bebidas,25311.0,8,0.1,24.0,5.7,11550.0,193786.0
3438,Postres Individuales,66091.0,7,0.1,11.4,10.1,18150.0,433610.0
3439,Bebidas,60039.0,4,0.1,28.8,5.1,10650.0,226600.0
3440,Postres Individuales,30825.0,4,0.2,22.1,6.8,13200.0,113215.0
3441,Panaderia Artesanal,48639.0,9,0.0,31.5,8.3,15450.0,453048.0
3442,Tortas Personalizadas,16782.0,5,0.05,31.5,11.5,20250.0,99935.0
3443,Panaderia Artesanal,41205.0,14,0.0,22.1,12.6,21900.0,597662.0
3444,Tortas Personalizadas,75496.0,13,0.0,18.5,6.9,13350.0,995565.0
3445,Tortas Personalizadas,38695.0,11,0.0,4.3,3.9,8850.0,432978.0
3446,Bebidas,72165.0,5,0.0,23.0,2.7,7050.0,369862.0
3447,Panaderia Artesanal,52220.0,7,0.15,12.1,5.4,11100.0,321633.0
3448,Postres Individuales,20350.0,1,0.1,3.8,12.1,21150.0,39000.0
3449,Panaderia Artesanal,51488.0,3,0.0,15.9,4.5,9750.0,165984.0
3450,Bebidas,45479.0,2,0.0,5.3,1.2,4800.0,96810.0
3451,Tortas Personalizadas,36891.0,11,0.0,26.7,8.7,16050.0,423948.0
3452,Bebidas,14570.0,10,0.05,23.4,1.0,4500.0,144261.0
3453,Galletas y Brownies,38337.0,6,0.1,36.0,13.3,22950.0,229060.0
3454,Galletas y Brownies,10821.0,11,0.05,13.1,10.3,18450.0,130777.0
3455,Postres Individuales,12902.0,12,0.0,17.7,4.2,9300.0,164468.0
3456,Bebidas,38273.0,6,0.0,31.5,7.3,13950.0,243091.0
3457,Postres Individuales,29431.0,10,0.0,44.7,11.2,19800.0,315549.0
3458,Postres Individuales,79044.0,1,0.05,40.8,13.8,23700.0,97376.0
3459,Galletas y Brownies,35056.0,14,0.0,24.2,13.2,22800.0,513377.0
3460,Postres Individuales,65629.0,14,0.0,31.0,1.5,5250.0,923492.0
3461,Galletas y Brownies,47420.0,6,0.0,24.6,1.7,5550.0,289475.0
3462,Tortas Personalizadas,61327.0,10,0.05,20.4,9.2,16800.0,599363.0
3463,Bebidas,25809.0,2,0.0,27.7,7.7,14550.0,65544.0
3464,Postres Individuales,80352.0,11,0.1,18.3,4.7,10050.0,804933.0
3465,Galletas y Brownies,47407.0,4,0.05,13.7,14.7,25050.0,203533.0
3466,Panaderia Artesanal,71506.0,6,0.05,32.2,11.3,19950.0,427450.0
3467,Postres Individuales,34204.0,3,0.0,39.4,10.5,18750.0,120287.0
3468,Tortas Personalizadas,13017.0,3,0.0,14.0,3.1,7650.0,45586.0
3469,Tortas Personalizadas,58897.0,12,0.05,32.2,4.6,9900.0,681154.0
3470,Panaderia Artesanal,5621.0,3,0.0,20.4,9.3,16950.0,34197.0
3471,Galletas y Brownies,43023.0,4,0.0,14.6,12.0,21000.0,195663.0
3472,Postres Individuales,20424.0,9,0.0,28.5,14.0,24000.0,206837.0
3473,Galletas y Brownies,55190.0,4,0.0,42.4,10.6,18900.0,240733.0
3474,Tortas Personalizadas,83354.0,13,0.0,16.8,6.6,12900.0,1096086.0
3475,Galletas y Brownies,42152.0,4,0.1,34.5,10.5,18750.0,172711.0
3476,Tortas Personalizadas,70400.0,4,0.0,15.2,1.5,5250.0,289782.0
3477,Galletas y Brownies,45623.0,7,0.0,36.5,9.2,16800.0,334693.0
3478,Panaderia Artesanal,44667.0,5,0.0,34.6,13.5,23250.0,246790.0
3479,Bebidas,79434.0,12,0.05,34.8,9.7,17550.0,923616.0
3480,Panaderia Artesanal,76197.0,2,0.1,44.9,0.6,3900.0,143141.0
3481,Panaderia Artesanal,67864.0,7,0.0,7.6,10.6,18900.0,492552.0
3482,Bebidas,28700.0,3,0.1,18.4,11.0,19500.0,98507.0
3483,Bebidas,48601.0,11,0.0,28.9,8.3,15450.0,550122.0
3484,Postres Individuales,22912.0,1,0.05,27.2,12.3,21450.0,40454.0
3485,Postres Individuales,40513.0,9,0.05,35.5,3.4,8100.0,354364.0
3486,Panaderia Artesanal,43737.0,5,0.1,3.5,6.4,12600.0,210431.0
3487,Panaderia Artesanal,71531.0,10,0.05,32.2,12.2,21300.0,702891.0
3488,Tortas Personalizadas,76682.0,1,0.0,33.6,9.3,16950.0,93874.0
3489,Tortas Personalizadas,38170.0,11,0.05,4.2,14.9,25350.0,424126.0
3490,Postres Individuales,6416.0,1,0.0,24.9,1.5,5250.0,8969.0
3491,Postres Individuales,73942.0,1,0.2,12.2,4.0,9000.0,68655.0
3492,Tortas Personalizadas,18942.0,12,0.0,36.4,3.4,8100.0,234438.0
3493,Tortas Personalizadas,54751.0,9,0.0,3.7,14.7,25050.0,517373.0
3494,Galletas y Brownies,6998.0,13,0.0,7.9,13.1,22650.0,114952.0
3495,Galletas y Brownies,36961.0,8,0.0,6.0,2.4,6600.0,303093.0
3496,Tortas Personalizadas,83877.0,11,0.05,4.3,5.6,11400.0,888624.0
3497,Galletas y Brownies,13055.0,13,0.0,27.6,1.3,4950.0,173329.0
3498,Bebidas,38895.0,13,0.0,39.3,9.7,17550.0,521065.0
3499,Postres Individuales,29572.0,6,0.0,23.7,5.3,10950.0,187328.0
3500,Postres Individuales,77407.0,10,0.1,10.7,4.2,9300.0,704079.0
3501,Tortas Personalizadas,74547.0,6,0.0,16.5,8.1,15150.0,464060.0
3502,Panaderia Artesanal,24016.0,6,0.0,17.2,12.0,21000.0,165373.0
3503,Tortas Personalizadas,11495.0,4,0.05,21.1,6.4,12600.0,59056.0
3504,Galletas y Brownies,55171.0,5,0.0,19.8,11.5,20250.0,296771.0
3505,Panaderia Artesanal,31909.0,10,0.0,30.7,7.0,13500.0,334723.0
3506,Galletas y Brownies,58767.0,3,0.1,16.3,3.6,8400.0,167714.0
3507,Bebidas,7570.0,3,0.0,30.3,7.0,13500.0,37870.0
3508,Galletas y Brownies,15672.0,10,0.0,25.3,8.3,15450.0,172190.0
3509,Bebidas,59910.0,7,0.05,3.6,7.2,13800.0,414083.0
3510,Bebidas,21990.0,5,0.0,41.5,4.5,9750.0,121000.0
3511,Galletas y Brownies,73607.0,8,0.0,9.2,3.2,7800.0,594576.0
3512,Galletas y Brownies,9687.0,5,0.1,21.1,14.2,24300.0,69236.0
3513,Bebidas,22239.0,12,0.15,42.7,4.8,10200.0,238058.0
3514,Panaderia Artesanal,84885.0,4,0.05,12.3,10.7,19050.0,338718.0
3515,Bebidas,39646.0,14,0.0,2.5,5.4,11100.0,565943.0
3516,Postres Individuales,61237.0,3,0.0,22.8,14.6,24900.0,210192.0
3517,Bebidas,19613.0,12,0.05,11.2,14.8,25200.0,245528.0
3518,Panaderia Artesanal,53789.0,2,0.0,26.8,12.5,21750.0,130338.0
3519,Postres Individuales,63088.0,3,0.0,37.0,8.9,16350.0,206170.0
3520,Tortas Personalizadas,30158.0,7,0.1,23.7,8.4,15600.0,205672.0
3521,Tortas Personalizadas,71312.0,8,0.0,29.6,5.3,10950.0,586194.0
3522,Panaderia Artesanal,53273.0,5,0.0,30.5,2.3,6450.0,273897.0
3523,Bebidas,36130.0,11,0.0,37.2,1.6,5400.0,402028.0
3524,Galletas y Brownies,49611.0,1,0.1,31.4,7.2,13800.0,58014.0
3525,Panaderia Artesanal,51141.0,3,0.0,44.0,14.7,25050.0,179828.0
3526,Postres Individuales,18243.0,4,0.0,21.3,4.1,9150.0,83034.0
3527,Postres Individuales,37219.0,10,0.0,3.7,6.5,12750.0,384550.0
3528,Tortas Personalizadas,32474.0,13,0.15,18.6,9.8,17700.0,378045.0
3529,Postres Individuales,37072.0,13,0.05,38.0,5.6,11400.0,467679.0
3530,Panaderia Artesanal,65889.0,12,0.0,7.3,0.6,3900.0,795906.0
3531,Postres Individuales,43603.0,4,0.1,33.5,6.2,12300.0,168584.0
3532,Panaderia Artesanal,80225.0,12,0.0,24.8,12.2,21300.0,984984.0
3533,Galletas y Brownies,28494.0,1,0.0,40.7,14.2,24300.0,55510.0
3534,Tortas Personalizadas,38256.0,10,0.05,33.3,4.5,9750.0,370397.0
3535,Postres Individuales,67957.0,9,0.05,30.2,13.9,23850.0,604352.0
3536,Panaderia Artesanal,48682.0,12,0.0,40.1,13.1,22650.0,603561.0
3537,Bebidas,48762.0,10,0.1,41.0,6.4,12600.0,452411.0
3538,Tortas Personalizadas,9267.0,4,0.0,18.2,0.6,3900.0,42712.0
3539,Galletas y Brownies,36888.0,2,0.2,41.9,12.8,22200.0,80225.0
3540,Panaderia Artesanal,26659.0,13,0.1,3.9,4.7,10050.0,322622.0
3541,Galletas y Brownies,84947.0,9,0.2,34.7,11.5,20250.0,632361.0
3542,Galletas y Brownies,29668.0,14,0.0,16.1,8.8,16200.0,432079.0
3543,Postres Individuales,75760.0,4,0.0,22.7,3.7,8550.0,312570.0
3544,Postres Individuales,59099.0,4,0.1,37.9,9.9,17850.0,231435.0
3545,Panaderia Artesanal,32273.0,11,0.1,29.2,11.6,20400.0,339223.0
3546,Bebidas,48483.0,6,0.15,21.4,7.4,14100.0,260822.0
3547,Panaderia Artesanal,72243.0,8,0.0,8.6,11.3,19950.0,595659.0
3548,Bebidas,75669.0,5,0.05,42.4,6.4,12600.0,368834.0
3549,Galletas y Brownies,17832.0,12,0.15,16.0,14.7,25050.0,206883.0
3550,Tortas Personalizadas,32166.0,8,0.15,5.9,4.0,9000.0,230291.0
3551,Panaderia Artesanal,31818.0,1,0.0,26.0,11.8,20700.0,51055.0
3552,Panaderia Artesanal,8364.0,13,0.05,19.2,11.4,20100.0,122515.0
3553,Bebidas,52859.0,4,0.05,27.2,8.2,15300.0,216258.0
3554,Galletas y Brownies,73386.0,1,0.0,11.7,5.6,11400.0,84277.0
3555,Galletas y Brownies,35526.0,3,0.15,18.0,7.0,13500.0,104045.0
3556,Bebidas,64203.0,11,0.0,43.8,9.6,17400.0,724160.0
3557,Galletas y Brownies,55216.0,7,0.05,42.2,8.2,15300.0,382797.0
3558,Postres Individuales,35052.0,1,0.15,39.1,11.5,20250.0,48607.0
3559,Tortas Personalizadas,16285.0,5,0.0,35.4,5.7,11550.0,91390.0
3560,Panaderia Artesanal,61746.0,1,0.15,8.3,2.1,6150.0,58953.0
3561,Tortas Personalizadas,73365.0,6,0.1,21.8,7.8,14700.0,408837.0
3562,Panaderia Artesanal,59868.0,9,0.1,33.2,4.3,9450.0,496006.0
3563,Postres Individuales,6430.0,3,0.0,12.9,9.4,17100.0,36820.0
3564,Galletas y Brownies,22299.0,11,0.0,2.9,8.0,15000.0,261980.0
3565,Bebidas,10558.0,11,0.05,19.7,11.8,20700.0,131793.0
3566,Postres Individuales,50631.0,14,0.0,20.0,8.8,16200.0,724924.0
3567,Tortas Personalizadas,65518.0,12,0.0,4.3,6.7,13050.0,800781.0
3568,Bebidas,13846.0,6,0.0,15.4,2.2,6300.0,89342.0
3569,Galletas y Brownies,72067.0,4,0.0,41.4,2.2,6300.0,293956.0
3570,Postres Individuales,49441.0,6,0.05,12.4,9.8,17700.0,297038.0
3571,Bebidas,60198.0,2,0.1,26.3,13.3,22950.0,131083.0
3572,Postres Individuales,82712.0,4,0.1,22.7,6.5,12750.0,309309.0
3573,Postres Individuales,11694.0,13,0.05,39.0,8.2,15300.0,158606.0
3574,Galletas y Brownies,77098.0,13,0.1,29.9,9.1,16650.0,917945.0
3575,Panaderia Artesanal,15088.0,7,0.0,8.4,7.4,14100.0,120493.0
3576,Bebidas,36437.0,11,0.1,7.7,1.4,5100.0,364283.0
3577,Galletas y Brownies,73115.0,6,0.0,25.8,9.0,16500.0,453226.0
3578,Postres Individuales,77500.0,9,0.05,3.5,2.5,6750.0,666685.0
3579,Galletas y Brownies,45510.0,11,0.0,18.6,8.6,15900.0,517149.0
3580,Panaderia Artesanal,52528.0,7,0.0,18.9,11.7,20550.0,389263.0
3581,Bebidas,61652.0,1,0.0,10.0,0.6,3900.0,64741.0
3582,Panaderia Artesanal,71621.0,6,0.0,14.6,6.7,13050.0,442059.0
3583,Tortas Personalizadas,14721.0,11,0.0,15.9,11.3,19950.0,183184.0
3584,Bebidas,69806.0,3,0.0,2.0,8.2,15300.0,224492.0
3585,Panaderia Artesanal,43502.0,8,0.0,36.6,3.9,8850.0,357426.0
3586,Postres Individuales,41050.0,13,0.0,43.1,10.6,18900.0,552897.0
3587,Bebidas,38912.0,1,0.0,14.1,11.9,20850.0,58263.0
3588,Bebidas,45737.0,10,0.0,6.4,5.8,11700.0,469705.0
3589,Galletas y Brownies,80604.0,2,0.15,43.0,4.8,10200.0,147475.0
3590,Postres Individuales,48856.0,3,0.05,33.7,8.4,15600.0,153982.0
3591,Tortas Personalizadas,81254.0,14,0.15,40.3,5.8,11700.0,978111.0
3592,Panaderia Artesanal,19423.0,3,0.05,17.2,12.6,21900.0,75193.0
3593,Galletas y Brownies,62931.0,7,0.1,22.6,11.8,20700.0,418363.0
3594,Panaderia Artesanal,69979.0,13,0.05,42.0,5.0,10500.0,875024.0
3595,Tortas Personalizadas,59330.0,8,0.0,21.5,7.1,13650.0,488484.0
3596,Tortas Personalizadas,53554.0,9,0.05,30.7,13.4,23100.0,481108.0
3597,Bebidas,50185.0,7,0.0,32.2,2.6,6900.0,358776.0
3598,Tortas Personalizadas,73874.0,8,0.05,37.9,11.4,20100.0,579290.0
3599,Panaderia Artesanal,70732.0,11,0.15,43.9,5.1,10650.0,676115.0
3600,Postres Individuales,14783.0,6,0.1,16.1,2.2,6300.0,87204.0
3601,Postres Individuales,72887.0,2,0.0,12.3,2.2,6300.0,152618.0
3602,Bebidas,38125.0,1,0.2,4.9,4.5,9750.0,43023.0
3603,Panaderia Artesanal,25296.0,3,0.2,38.8,8.4,15600.0,76837.0
3604,Panaderia Artesanal,74581.0,9,0.0,14.2,13.7,23550.0,697668.0
3605,Tortas Personalizadas,39562.0,13,0.15,3.7,4.9,10350.0,450691.0
3606,Panaderia Artesanal,69669.0,7,0.0,39.1,3.4,8100.0,497828.0
3607,Galletas y Brownies,26072.0,2,0.0,23.7,7.4,14100.0,66238.0
3608,Tortas Personalizadas,5314.0,14,0.0,38.0,2.8,7200.0,81494.0
3609,Galletas y Brownies,44637.0,1,0.1,25.6,4.4,9600.0,49231.0
3610,Bebidas,13018.0,2,0.0,15.1,14.8,25200.0,52451.0
3611,Postres Individuales,65350.0,3,0.0,7.1,8.6,15900.0,210407.0
3612,Bebidas,27086.0,14,0.0,20.5,11.9,20850.0,399829.0
3613,Postres Individuales,40492.0,6,0.0,2.7,3.6,8400.0,248075.0
3614,Bebidas,11963.0,12,0.0,27.7,8.0,15000.0,156991.0
3615,Panaderia Artesanal,27933.0,9,0.0,20.1,7.9,14850.0,266396.0
3616,Galletas y Brownies,67519.0,8,0.0,7.7,12.3,21450.0,562482.0
3617,Postres Individuales,17127.0,10,0.0,24.6,0.8,4200.0,176981.0
3618,Tortas Personalizadas,56773.0,9,0.0,36.3,13.0,22500.0,533573.0
3619,Galletas y Brownies,78394.0,11,0.1,43.9,1.7,5550.0,780818.0
3620,Tortas Personalizadas,59387.0,11,0.2,24.4,13.8,23700.0,545422.0
3621,Galletas y Brownies,69882.0,8,0.0,7.1,2.6,6900.0,564976.0
3622,Galletas y Brownies,13718.0,7,0.0,36.8,8.2,15300.0,114377.0
3623,Bebidas,25059.0,6,0.15,31.8,1.9,5850.0,133007.0
3624,Postres Individuales,76563.0,8,0.05,43.0,7.0,13500.0,595958.0
3625,Postres Individuales,62208.0,6,0.1,24.8,4.8,10200.0,345773.0
3626,Galletas y Brownies,56164.0,2,0.0,17.0,6.6,12900.0,126121.0
3627,Panaderia Artesanal,58101.0,13,0.0,43.4,8.4,15600.0,769451.0
3628,Panaderia Artesanal,38136.0,9,0.05,24.9,7.2,13800.0,339059.0
3629,Tortas Personalizadas,8565.0,9,0.05,2.2,0.8,4200.0,78110.0
3630,Tortas Personalizadas,67755.0,3,0.0,22.1,13.0,22500.0,224762.0
3631,Bebidas,59297.0,9,0.0,1.6,1.9,5850.0,540533.0
3632,Galletas y Brownies,42824.0,2,0.1,33.6,14.7,25050.0,102924.0
3633,Tortas Personalizadas,76981.0,12,0.0,26.1,12.8,22200.0,945977.0
3634,Tortas Personalizadas,31893.0,14,0.05,6.3,8.6,15900.0,439754.0
3635,Galletas y Brownies,28546.0,3,0.0,36.9,4.1,9150.0,94511.0
3636,Bebidas,74824.0,14,0.0,24.8,1.8,5700.0,1054464.0
3637,Tortas Personalizadas,68759.0,6,0.0,6.5,10.2,18300.0,431631.0
3638,Bebidas,46198.0,14,0.05,8.5,3.4,8100.0,624890.0
3639,Postres Individuales,15459.0,4,0.0,37.3,11.1,19650.0,79617.0
3640,Bebidas,22206.0,8,0.0,17.0,12.6,21900.0,197390.0
3641,Panaderia Artesanal,57498.0,1,0.0,37.2,14.8,25200.0,82167.0
3642,Panaderia Artesanal,35803.0,13,0.2,4.5,7.8,14700.0,386711.0
3643,Bebidas,71918.0,6,0.2,12.1,14.6,24900.0,369985.0
3644,Panaderia Artesanal,80996.0,2,0.1,34.8,2.7,7050.0,155124.0
3645,Postres Individuales,69451.0,6,0.2,29.4,12.6,21900.0,355769.0
3646,Galletas y Brownies,35204.0,14,0.0,14.8,5.7,11550.0,504736.0
3647,Panaderia Artesanal,68095.0,1,0.2,42.2,5.8,11700.0,65348.0
3648,Panaderia Artesanal,33115.0,2,0.0,10.7,4.4,9600.0,75611.0
3649,Bebidas,18368.0,9,0.0,38.5,3.0,7500.0,173028.0
3650,Postres Individuales,7671.0,6,0.0,31.8,6.9,13350.0,59159.0
3651,Galletas y Brownies,35857.0,8,0.2,6.8,14.8,25200.0,254935.0
3652,Bebidas,77285.0,7,0.05,25.6,5.3,10950.0,525519.0
3653,Bebidas,24119.0,9,0.05,42.0,7.2,13800.0,221396.0
3654,Postres Individuales,21521.0,9,0.2,28.4,3.8,8700.0,165032.0
3655,Galletas y Brownies,82586.0,11,0.05,24.5,5.4,11100.0,874677.0
3656,Postres Individuales,7000.0,4,0.05,17.4,1.3,4950.0,33441.0
3657,Galletas y Brownies,67863.0,7,0.0,35.8,14.4,24600.0,500125.0
3658,Postres Individuales,30710.0,5,0.15,41.2,7.9,14850.0,144194.0
3659,Bebidas,7999.0,7,0.2,34.3,11.1,19650.0,62036.0
3660,Bebidas,78424.0,4,0.2,33.0,7.9,14850.0,267876.0
3661,Tortas Personalizadas,16171.0,12,0.0,9.9,11.7,20550.0,213751.0
3662,Panaderia Artesanal,49142.0,10,0.0,37.8,8.2,15300.0,508103.0
3663,Postres Individuales,26924.0,11,0.0,3.3,10.7,19050.0,317451.0
3664,Tortas Personalizadas,10215.0,11,0.0,34.4,10.4,18600.0,129576.0
3665,Panaderia Artesanal,8994.0,1,0.0,10.7,8.2,15300.0,23043.0
3666,Postres Individuales,14245.0,4,0.05,22.7,3.8,8700.0,64223.0
3667,Galletas y Brownies,10709.0,13,0.1,31.7,3.6,8400.0,134349.0
3668,Panaderia Artesanal,65845.0,10,0.15,34.5,13.2,22800.0,582100.0
3669,Bebidas,43845.0,3,0.0,40.1,2.2,6300.0,138292.0
3670,Tortas Personalizadas,32431.0,9,0.0,13.8,8.6,15900.0,308897.0
3671,Panaderia Artesanal,38470.0,5,0.0,11.3,7.8,14700.0,208331.0
3672,Panaderia Artesanal,79316.0,4,0.0,44.8,12.1,21150.0,340626.0
3673,Bebidas,77860.0,8,0.0,10.5,2.5,6750.0,628675.0
3674,Postres Individuales,62254.0,5,0.0,30.4,10.5,18750.0,331811.0
3675,Galletas y Brownies,75775.0,3,0.2,42.9,9.3,16950.0,201759.0
3676,Bebidas,30572.0,2,0.0,40.5,10.7,19050.0,81001.0
3677,Galletas y Brownies,35489.0,8,0.05,20.8,9.5,17250.0,289274.0
3678,Postres Individuales,54097.0,12,0.1,29.2,8.7,16050.0,600030.0
3679,Panaderia Artesanal,54890.0,2,0.1,24.5,13.9,23850.0,122948.0
3680,Galletas y Brownies,43536.0,14,0.05,16.6,5.6,11400.0,591212.0
3681,Tortas Personalizadas,37053.0,8,0.15,7.8,3.2,7800.0,260031.0
3682,Tortas Personalizadas,83894.0,5,0.05,36.4,12.0,21000.0,418453.0
3683,Bebidas,70690.0,8,0.15,5.4,2.4,6600.0,485664.0
3684,Postres Individuales,39798.0,5,0.0,28.0,10.4,18600.0,219065.0
3685,Bebidas,63183.0,1,0.0,27.4,8.5,15750.0,80280.0
3686,Bebidas,26565.0,12,0.1,16.1,0.5,3750.0,288135.0
3687,Bebidas,13014.0,13,0.0,7.4,4.0,9000.0,179236.0
3688,Tortas Personalizadas,33194.0,11,0.05,36.3,7.7,14550.0,362015.0
3689,Tortas Personalizadas,37238.0,14,0.1,21.6,5.3,10950.0,479361.0
3690,Bebidas,6323.0,11,0.0,33.0,6.7,13050.0,83168.0
3691,Tortas Personalizadas,70183.0,2,0.05,2.2,9.2,16800.0,148724.0
3692,Postres Individuales,33735.0,14,0.15,4.7,11.1,19650.0,420481.0
3693,Bebidas,51433.0,6,0.15,9.1,2.7,7050.0,268140.0
3694,Tortas Personalizadas,10917.0,3,0.1,6.5,4.6,9900.0,40716.0
3695,Galletas y Brownies,19000.0,8,0.1,9.8,9.7,17550.0,153881.0
3696,Bebidas,76175.0,5,0.15,31.4,9.0,16500.0,339529.0
3697,Bebidas,53695.0,3,0.1,3.5,11.2,19800.0,163735.0
3698,Postres Individuales,81023.0,12,0.0,3.1,9.8,17700.0,991098.0
3699,Panaderia Artesanal,84900.0,10,0.0,2.9,5.3,10950.0,860888.0
3700,Panaderia Artesanal,34749.0,7,0.0,31.8,7.7,14550.0,257254.0
3701,Postres Individuales,28904.0,14,0.0,24.8,13.3,22950.0,428271.0
3702,Postres Individuales,73668.0,8,0.0,17.6,3.2,7800.0,592798.0
3703,Postres Individuales,84889.0,4,0.2,30.9,6.0,12000.0,282395.0
3704,Panaderia Artesanal,55371.0,13,0.05,25.6,12.7,22050.0,707687.0
3705,Postres Individuales,68611.0,13,0.15,1.8,5.8,11700.0,769506.0
3706,Tortas Personalizadas,67540.0,11,0.05,38.0,6.5,12750.0,716841.0
3707,Bebidas,33427.0,9,0.0,16.7,5.1,10650.0,314140.0
3708,Bebidas,50942.0,6,0.0,18.9,13.5,23250.0,326461.0
3709,Galletas y Brownies,71645.0,14,0.2,35.5,10.1,18150.0,818739.0
3710,Galletas y Brownies,60049.0,1,0.0,9.6,3.5,8250.0,66990.0
3711,Bebidas,6693.0,5,0.05,1.9,11.4,20100.0,50802.0
3712,Tortas Personalizadas,31936.0,5,0.0,41.0,1.1,4650.0,166365.0
3713,Panaderia Artesanal,16558.0,7,0.0,23.5,6.2,12300.0,127916.0
3714,Panaderia Artesanal,23638.0,7,0.0,16.7,13.7,23550.0,192503.0
3715,Tortas Personalizadas,77439.0,6,0.05,37.1,10.5,18750.0,457241.0
3716,Panaderia Artesanal,7951.0,8,0.15,2.6,12.0,21000.0,76576.0
3717,Postres Individuales,22584.0,2,0.05,10.3,14.0,24000.0,66316.0
3718,Bebidas,29766.0,14,0.05,8.3,11.7,20550.0,415845.0
3719,Bebidas,54351.0,13,0.15,33.6,1.8,5700.0,605580.0
3720,Tortas Personalizadas,47728.0,13,0.1,15.1,3.8,8700.0,566685.0
3721,Panaderia Artesanal,22462.0,7,0.15,35.1,7.7,14550.0,149536.0
3722,Galletas y Brownies,18139.0,10,0.0,3.3,0.7,4050.0,184456.0
3723,Galletas y Brownies,23944.0,7,0.15,28.0,9.6,17400.0,159872.0
3724,Panaderia Artesanal,45202.0,4,0.05,15.3,10.0,18000.0,191408.0
3725,Galletas y Brownies,26694.0,12,0.0,9.6,10.6,18900.0,336064.0
3726,Tortas Personalizadas,80808.0,10,0.0,37.0,8.6,15900.0,827053.0
3727,Tortas Personalizadas,42109.0,2,0.0,19.4,7.1,13650.0,99709.0
3728,Panaderia Artesanal,9704.0,4,0.0,26.4,12.9,22350.0,61914.0
3729,Galletas y Brownies,63341.0,4,0.1,2.9,11.6,20400.0,249043.0
3730,Tortas Personalizadas,31308.0,12,0.1,35.9,9.4,17100.0,355610.0
3731,Tortas Personalizadas,57279.0,12,0.2,14.0,1.2,4800.0,553792.0
3732,Postres Individuales,27368.0,6,0.05,31.7,10.6,18900.0,176206.0
3733,Postres Individuales,50659.0,14,0.1,34.6,8.6,15900.0,653937.0
3734,Tortas Personalizadas,66772.0,7,0.0,6.6,10.6,18900.0,484828.0
3735,Panaderia Artesanal,79241.0,3,0.05,14.4,5.0,10500.0,238273.0
3736,Bebidas,25890.0,10,0.1,33.0,11.8,20700.0,252425.0
3737,Bebidas,31789.0,1,0.1,11.6,6.6,12900.0,42872.0
3738,Tortas Personalizadas,42141.0,3,0.05,38.4,13.5,23250.0,143127.0
3739,Tortas Personalizadas,79174.0,9,0.05,15.1,2.0,6000.0,683811.0
3740,Tortas Personalizadas,77111.0,1,0.0,19.0,7.5,14250.0,89940.0
3741,Panaderia Artesanal,12190.0,13,0.1,5.8,3.5,8250.0,149413.0
3742,Postres Individuales,15554.0,8,0.1,7.9,7.1,13650.0,126796.0
3743,Tortas Personalizadas,44641.0,2,0.05,13.5,5.6,11400.0,98540.0
3744,Tortas Personalizadas,13530.0,6,0.0,3.6,12.1,21150.0,104149.0
3745,Galletas y Brownies,32646.0,3,0.0,9.9,2.9,7350.0,105787.0
3746,Panaderia Artesanal,16871.0,7,0.0,19.3,9.2,16800.0,133243.0
3747,Tortas Personalizadas,55883.0,2,0.05,18.0,6.4,12600.0,115536.0
3748,Galletas y Brownies,80960.0,4,0.0,10.1,8.0,15000.0,341688.0
3749,Bebidas,84739.0,10,0.1,5.0,10.9,19350.0,781195.0
3750,Tortas Personalizadas,35019.0,9,0.0,15.3,5.7,11550.0,328719.0
3751,Tortas Personalizadas,52921.0,6,0.0,33.9,5.8,11700.0,330106.0
3752,Galletas y Brownies,73501.0,4,0.1,23.7,1.6,5400.0,266854.0
3753,Panaderia Artesanal,14397.0,2,0.05,42.7,8.5,15750.0,42860.0
3754,Tortas Personalizadas,60165.0,10,0.1,7.6,6.5,12750.0,554931.0
3755,Bebidas,37707.0,14,0.0,10.5,12.3,21450.0,546845.0
3756,Tortas Personalizadas,21492.0,9,0.0,13.7,6.9,13350.0,206192.0
3757,Bebidas,37220.0,4,0.0,2.1,14.6,24900.0,172163.0
3758,Postres Individuales,11077.0,9,0.0,42.5,3.0,7500.0,109329.0
3759,Postres Individuales,60633.0,14,0.1,20.9,4.4,9600.0,772354.0
3760,Bebidas,25219.0,2,0.0,22.5,6.2,12300.0,63403.0
3761,Panaderia Artesanal,29912.0,7,0.2,8.4,3.0,7500.0,173765.0
3762,Tortas Personalizadas,14687.0,11,0.1,39.5,14.6,24900.0,169302.0
3763,Tortas Personalizadas,74173.0,11,0.05,31.6,9.8,17700.0,792569.0
3764,Postres Individuales,44476.0,5,0.2,20.3,0.7,4050.0,182116.0
3765,Bebidas,50772.0,8,0.0,39.7,8.9,16350.0,422601.0
3766,Tortas Personalizadas,50555.0,11,0.0,40.9,11.8,20700.0,574295.0
3767,Tortas Personalizadas,37839.0,14,0.1,3.7,1.2,4800.0,482951.0
3768,Panaderia Artesanal,20402.0,8,0.0,6.7,8.9,16350.0,181888.0
3769,Galletas y Brownies,64611.0,14,0.2,2.7,5.9,11850.0,735771.0
3770,Postres Individuales,15165.0,14,0.2,26.8,8.9,16350.0,186006.0
3771,Postres Individuales,13310.0,4,0.15,11.0,4.2,9300.0,56213.0
3772,Galletas y Brownies,61812.0,13,0.15,38.3,10.2,18300.0,702153.0
3773,Tortas Personalizadas,21707.0,4,0.05,21.8,10.2,18300.0,100783.0
3774,Panaderia Artesanal,29542.0,8,0.05,37.9,8.3,15450.0,239323.0
3775,Panaderia Artesanal,43018.0,3,0.0,25.7,13.9,23850.0,152957.0
3776,Postres Individuales,40948.0,7,0.1,36.1,13.7,23550.0,278867.0
3777,Panaderia Artesanal,61686.0,8,0.0,17.7,1.2,4800.0,498716.0
3778,Galletas y Brownies,54875.0,8,0.1,42.6,4.7,10050.0,407401.0
3779,Tortas Personalizadas,56552.0,11,0.2,30.5,5.8,11700.0,506268.0
3780,Galletas y Brownies,62124.0,10,0.0,27.4,1.3,4950.0,622765.0
3781,Bebidas,28409.0,4,0.0,16.8,8.1,15150.0,130067.0
3782,Postres Individuales,30787.0,9,0.0,42.3,0.9,4350.0,284725.0
3783,Panaderia Artesanal,40040.0,10,0.1,16.2,10.3,18450.0,381826.0
3784,Bebidas,29597.0,4,0.1,37.9,0.5,3750.0,110000.0
3785,Panaderia Artesanal,83795.0,8,0.05,19.1,1.0,4500.0,642356.0
3786,Tortas Personalizadas,70124.0,6,0.1,34.9,12.6,21900.0,402450.0
3787,Tortas Personalizadas,18172.0,5,0.0,41.2,4.2,9300.0,98054.0
3788,Tortas Personalizadas,5448.0,4,0.05,21.8,1.7,5550.0,23582.0
3789,Panaderia Artesanal,8423.0,5,0.05,24.4,6.3,12450.0,52182.0
3790,Bebidas,24525.0,13,0.0,15.9,1.2,4800.0,322322.0
3791,Tortas Personalizadas,14143.0,11,0.0,3.9,11.4,20100.0,176197.0
3792,Bebidas,47667.0,1,0.15,29.9,7.7,14550.0,54571.0
3793,Panaderia Artesanal,73640.0,7,0.2,6.7,8.5,15750.0,430921.0
3794,Bebidas,63940.0,8,0.05,16.9,11.4,20100.0,507150.0
3795,Panaderia Artesanal,22249.0,12,0.15,16.7,11.9,20850.0,247599.0
3796,Panaderia Artesanal,36944.0,9,0.0,8.1,2.5,6750.0,336210.0
3797,Postres Individuales,45632.0,13,0.2,30.5,4.6,9900.0,485202.0
3798,Panaderia Artesanal,69816.0,3,0.0,9.1,3.0,7500.0,217455.0
3799,Panaderia Artesanal,72130.0,9,0.05,35.4,1.3,4950.0,621367.0
3800,Galletas y Brownies,77777.0,10,0.0,12.3,8.3,15450.0,792406.0
3801,Tortas Personalizadas,45740.0,5,0.1,14.0,4.1,9150.0,214225.0
3802,Postres Individuales,60542.0,10,0.0,16.5,2.7,7050.0,614760.0
3803,Postres Individuales,13944.0,6,0.0,8.1,7.9,14850.0,100602.0
3804,Postres Individuales,50223.0,1,0.0,20.4,9.7,17550.0,67322.0
3805,Galletas y Brownies,24895.0,9,0.0,5.0,11.7,20550.0,245293.0
3806,Panaderia Artesanal,39537.0,9,0.0,20.1,0.8,4200.0,360820.0
3807,Tortas Personalizadas,55724.0,6,0.05,16.3,8.1,15150.0,330938.0
3808,Bebidas,25559.0,8,0.0,16.2,4.4,9600.0,213089.0
3809,Panaderia Artesanal,9175.0,4,0.0,30.2,14.9,25350.0,64119.0
3810,Galletas y Brownies,5819.0,5,0.0,35.0,2.8,7200.0,34844.0
3811,Panaderia Artesanal,6773.0,5,0.0,17.0,6.8,13200.0,46289.0
3812,Panaderia Artesanal,5668.0,7,0.05,12.9,14.6,24900.0,62356.0
3813,Galletas y Brownies,13828.0,7,0.05,23.0,3.6,8400.0,100085.0
3814,Postres Individuales,24159.0,7,0.0,35.8,12.2,21300.0,189080.0
3815,Postres Individuales,22698.0,5,0.0,29.5,4.0,9000.0,122008.0
3816,Tortas Personalizadas,83944.0,4,0.05,3.2,1.6,5400.0,321536.0
3817,Tortas Personalizadas,29480.0,8,0.05,22.4,1.1,4650.0,229699.0
3818,Postres Individuales,15194.0,1,0.0,44.6,14.3,24450.0,39531.0
3819,Bebidas,48645.0,1,0.0,16.9,3.6,8400.0,54934.0
3820,Panaderia Artesanal,73637.0,6,0.0,20.7,4.7,10050.0,451024.0
3821,Bebidas,59245.0,2,0.0,14.0,14.5,24750.0,140051.0
3822,Panaderia Artesanal,28687.0,12,0.0,23.1,10.0,18000.0,360556.0
3823,Postres Individuales,49929.0,3,0.0,8.5,7.6,14400.0,161638.0
3824,Tortas Personalizadas,62188.0,4,0.0,12.2,6.8,13200.0,265421.0
3825,Tortas Personalizadas,63248.0,14,0.05,32.5,1.2,4800.0,846440.0
3826,Bebidas,58323.0,2,0.15,7.5,12.7,22050.0,121285.0
3827,Tortas Personalizadas,74665.0,10,0.05,41.8,11.5,20250.0,728201.0
3828,Postres Individuales,74608.0,7,0.05,14.9,1.8,5700.0,502295.0
3829,Bebidas,51315.0,10,0.0,26.5,5.6,11400.0,524814.0
3830,Panaderia Artesanal,39389.0,1,0.0,15.5,13.3,22950.0,63541.0
3831,Tortas Personalizadas,56326.0,3,0.0,22.3,3.9,8850.0,177137.0
3832,Galletas y Brownies,70457.0,2,0.05,40.8,9.4,17100.0,150092.0
3833,Tortas Personalizadas,5452.0,13,0.1,4.5,7.6,14400.0,77273.0
3834,Panaderia Artesanal,84360.0,9,0.1,38.8,12.4,21600.0,704561.0
3835,Bebidas,19632.0,8,0.0,25.8,1.0,4500.0,161818.0
3836,Panaderia Artesanal,42620.0,3,0.0,30.4,12.3,21450.0,151297.0
3837,Galletas y Brownies,74762.0,5,0.05,3.9,2.5,6750.0,363764.0
3838,Postres Individuales,23003.0,3,0.05,34.6,0.7,4050.0,69331.0
3839,Tortas Personalizadas,43144.0,14,0.0,7.1,9.1,16650.0,624428.0
3840,Bebidas,15607.0,11,0.05,43.5,4.3,9450.0,173306.0
3841,Postres Individuales,36606.0,13,0.0,36.3,10.8,19200.0,495961.0
3842,Panaderia Artesanal,19171.0,12,0.05,22.9,7.3,13950.0,233759.0
3843,Bebidas,34090.0,11,0.0,41.7,9.3,16950.0,393861.0
3844,Postres Individuales,34877.0,12,0.05,8.9,10.5,18750.0,417844.0
3845,Bebidas,84454.0,11,0.1,44.6,13.9,23850.0,859118.0
3846,Galletas y Brownies,84585.0,6,0.2,32.7,12.4,21600.0,427096.0
3847,Galletas y Brownies,14183.0,5,0.15,5.8,7.7,14550.0,72881.0
3848,Tortas Personalizadas,63078.0,11,0.05,24.8,6.9,13350.0,673380.0
3849,Tortas Personalizadas,9140.0,2,0.0,32.4,10.0,18000.0,37738.0
3850,Galletas y Brownies,7415.0,14,0.0,28.2,11.1,19650.0,125001.0
3851,Bebidas,13427.0,10,0.0,19.9,3.0,7500.0,142199.0
3852,Galletas y Brownies,82239.0,8,0.0,12.3,1.0,4500.0,663399.0
3853,Tortas Personalizadas,80269.0,6,0.0,11.9,7.1,13650.0,492821.0
3854,Galletas y Brownies,20514.0,14,0.05,41.8,1.9,5850.0,278071.0
3855,Galletas y Brownies,17934.0,3,0.0,11.7,4.5,9750.0,62799.0
3856,Bebidas,24243.0,13,0.0,43.4,9.0,16500.0,333868.0
3857,Postres Individuales,46244.0,13,0.05,10.6,2.7,7050.0,578695.0
3858,Tortas Personalizadas,50576.0,1,0.05,18.2,0.9,4350.0,52874.0
3859,Bebidas,22727.0,5,0.1,2.0,8.5,15750.0,116026.0
3860,Galletas y Brownies,65530.0,12,0.05,40.8,7.3,13950.0,759096.0
3861,Galletas y Brownies,29764.0,11,0.0,6.0,4.9,10350.0,337465.0
3862,Postres Individuales,78771.0,2,0.0,17.0,7.3,13950.0,172656.0
3863,Tortas Personalizadas,57538.0,13,0.1,38.1,10.4,18600.0,690488.0
3864,Tortas Personalizadas,39908.0,2,0.0,35.9,2.1,6150.0,88178.0
3865,Panaderia Artesanal,68193.0,9,0.05,38.1,4.2,9300.0,591194.0
3866,Tortas Personalizadas,70433.0,11,0.0,41.3,12.0,21000.0,796582.0
3867,Postres Individuales,28239.0,13,0.15,41.1,10.2,18300.0,329339.0
3868,Panaderia Artesanal,32177.0,10,0.05,35.0,4.4,9600.0,317171.0
3869,Panaderia Artesanal,79876.0,7,0.05,26.8,6.3,12450.0,546522.0
3870,Galletas y Brownies,18179.0,6,0.0,25.9,2.2,6300.0,116317.0
3871,Galletas y Brownies,8372.0,13,0.2,2.1,4.2,9300.0,95445.0
3872,Tortas Personalizadas,41324.0,1,0.05,32.9,12.7,22050.0,60001.0
3873,Panaderia Artesanal,69097.0,14,0.0,11.4,6.9,13350.0,979653.0
3874,Galletas y Brownies,66733.0,10,0.05,37.5,9.8,17700.0,650982.0
3875,Postres Individuales,78562.0,2,0.0,25.6,2.8,7200.0,163480.0
3876,Galletas y Brownies,47656.0,11,0.0,44.4,3.2,7800.0,533959.0
3877,Galletas y Brownies,13005.0,7,0.0,10.6,14.1,24150.0,115373.0
3878,Panaderia Artesanal,52095.0,3,0.1,33.0,12.7,22050.0,163553.0
3879,Panaderia Artesanal,67272.0,2,0.05,25.3,12.0,21000.0,146965.0
3880,Bebidas,12466.0,6,0.05,42.0,5.3,10950.0,81518.0
3881,Postres Individuales,18813.0,8,0.05,13.1,8.7,16050.0,159970.0
3882,Panaderia Artesanal,5983.0,8,0.05,4.1,7.6,14400.0,59226.0
3883,Tortas Personalizadas,52492.0,11,0.0,25.2,14.4,24600.0,602500.0
3884,Postres Individuales,75939.0,2,0.0,24.2,4.0,9000.0,160289.0
3885,Postres Individuales,58653.0,6,0.0,15.1,14.2,24300.0,378027.0
3886,Panaderia Artesanal,83563.0,12,0.0,44.4,10.7,19050.0,1021843.0
3887,Postres Individuales,10043.0,5,0.2,4.5,6.5,12750.0,52022.0
3888,Panaderia Artesanal,77240.0,7,0.1,26.3,4.4,9600.0,496690.0
3889,Galletas y Brownies,70125.0,4,0.0,12.8,11.5,20250.0,301232.0
3890,Bebidas,30139.0,12,0.0,1.6,12.4,21600.0,384721.0
3891,Galletas y Brownies,82882.0,13,0.15,44.5,5.7,11550.0,925574.0
3892,Panaderia Artesanal,28035.0,2,0.0,22.5,3.0,7500.0,62187.0
3893,Panaderia Artesanal,76144.0,10,0.05,38.8,7.6,14400.0,738131.0
3894,Galletas y Brownies,75460.0,3,0.0,38.0,7.3,13950.0,239517.0
3895,Tortas Personalizadas,65613.0,9,0.05,36.8,11.0,19500.0,580718.0
3896,Tortas Personalizadas,50078.0,10,0.15,21.5,14.6,24900.0,450931.0
3897,Tortas Personalizadas,14600.0,8,0.15,40.5,8.2,15300.0,113224.0
3898,Panaderia Artesanal,47558.0,13,0.05,17.5,11.1,19650.0,607416.0
3899,Postres Individuales,33544.0,9,0.05,19.3,5.6,11400.0,297407.0
3900,Panaderia Artesanal,68377.0,5,0.05,12.6,9.2,16800.0,339224.0
3901,Postres Individuales,65650.0,13,0.0,21.0,2.2,6300.0,859733.0
3902,Galletas y Brownies,77849.0,5,0.0,44.4,12.3,21450.0,410081.0
3903,Bebidas,6186.0,7,0.2,26.4,5.5,11250.0,44942.0
3904,Postres Individuales,69728.0,7,0.0,37.7,1.7,5550.0,493809.0
3905,Tortas Personalizadas,80077.0,1,0.0,13.0,14.9,25350.0,106171.0
3906,Panaderia Artesanal,68144.0,12,0.05,43.1,13.6,23400.0,799412.0
3907,Galletas y Brownies,15416.0,14,0.2,2.1,3.4,8100.0,182039.0
3908,Tortas Personalizadas,11502.0,5,0.05,42.0,5.8,11700.0,64925.0
3909,Galletas y Brownies,6668.0,8,0.05,40.6,14.1,24150.0,73996.0
3910,Bebidas,55300.0,7,0.05,4.4,12.0,21000.0,390980.0
3911,Panaderia Artesanal,55374.0,11,0.1,27.8,13.6,23400.0,570425.0
3912,Panaderia Artesanal,83953.0,2,0.05,35.7,8.7,16050.0,175540.0
3913,Bebidas,36843.0,14,0.15,19.1,4.0,9000.0,446288.0
3914,Panaderia Artesanal,31553.0,8,0.05,5.5,3.8,8700.0,250676.0
3915,Postres Individuales,54954.0,2,0.0,37.6,8.1,15150.0,123789.0
3916,Galletas y Brownies,71049.0,10,0.1,21.8,13.9,23850.0,665824.0
3917,Tortas Personalizadas,79942.0,1,0.1,13.0,9.7,17550.0,91123.0
3918,Bebidas,69250.0,11,0.0,4.6,1.0,4500.0,766876.0
3919,Postres Individuales,39134.0,11,0.0,29.3,8.6,15900.0,447669.0
3920,Tortas Personalizadas,55793.0,14,0.2,3.3,9.3,16950.0,644770.0
3921,Tortas Personalizadas,73504.0,11,0.0,35.9,8.9,16350.0,824096.0
3922,Bebidas,44249.0,3,0.05,35.0,10.5,18750.0,145107.0
3923,Postres Individuales,22335.0,3,0.0,15.5,4.8,10200.0,77197.0
3924,Tortas Personalizadas,18578.0,6,0.0,22.0,2.6,6900.0,117204.0
3925,Tortas Personalizadas,5013.0,12,0.1,30.6,11.4,20100.0,73630.0
3926,Postres Individuales,62459.0,3,0.0,43.2,3.3,7950.0,195762.0
3927,Panaderia Artesanal,13888.0,7,0.0,24.1,2.2,6300.0,106903.0
3928,Tortas Personalizadas,24507.0,8,0.0,44.9,5.7,11550.0,206003.0
3929,Galletas y Brownies,28830.0,3,0.15,15.6,12.6,21900.0,95389.0
3930,Postres Individuales,49830.0,9,0.15,24.4,1.7,5550.0,386198.0
3931,Tortas Personalizadas,36837.0,1,0.1,6.5,3.3,7950.0,41956.0
3932,Bebidas,58974.0,3,0.05,25.7,7.4,14100.0,183050.0
3933,Galletas y Brownies,9451.0,12,0.05,24.8,4.7,10050.0,115808.0
3934,Tortas Personalizadas,14915.0,3,0.15,38.4,11.0,19500.0,57794.0
3935,Galletas y Brownies,44937.0,7,0.1,44.8,10.3,18450.0,298438.0
3936,Galletas y Brownies,31957.0,11,0.1,44.4,12.7,22050.0,340122.0
3937,Panaderia Artesanal,28665.0,11,0.0,11.8,3.5,8250.0,320986.0
3938,Galletas y Brownies,10362.0,5,0.0,16.2,9.9,17850.0,68292.0
3939,Panaderia Artesanal,76658.0,4,0.1,13.4,11.7,20550.0,297178.0
3940,Postres Individuales,60345.0,2,0.0,10.2,1.4,5100.0,124807.0
3941,Panaderia Artesanal,14729.0,7,0.0,8.0,1.0,4500.0,108161.0
3942,Bebidas,10204.0,3,0.05,23.8,8.6,15900.0,47697.0
3943,Tortas Personalizadas,82990.0,7,0.0,39.5,9.0,16500.0,599039.0
3944,Postres Individuales,59494.0,10,0.1,27.2,6.2,12300.0,547022.0
3945,Postres Individuales,38396.0,12,0.0,39.5,1.0,4500.0,464909.0
3946,Bebidas,61138.0,7,0.1,43.2,6.3,12450.0,395834.0
3947,Panaderia Artesanal,65507.0,11,0.0,18.2,9.8,17700.0,739853.0
3948,Tortas Personalizadas,67397.0,2,0.15,37.9,10.7,19050.0,134377.0
3949,Panaderia Artesanal,43230.0,7,0.0,3.8,7.6,14400.0,315770.0
3950,Galletas y Brownies,39391.0,6,0.1,22.4,8.1,15150.0,228347.0
3951,Panaderia Artesanal,5882.0,10,0.05,17.5,10.3,18450.0,71994.0
3952,Postres Individuales,79125.0,4,0.0,10.4,7.0,13500.0,330545.0
3953,Tortas Personalizadas,53265.0,11,0.05,20.6,4.3,9450.0,567999.0
3954,Panaderia Artesanal,21252.0,5,0.15,20.8,3.7,8550.0,99951.0
3955,Tortas Personalizadas,78568.0,12,0.0,36.7,11.4,20100.0,963340.0
3956,Tortas Personalizadas,78195.0,8,0.0,39.3,7.6,14400.0,641549.0
3957,Galletas y Brownies,84135.0,5,0.0,30.1,9.5,17250.0,437268.0
3958,Galletas y Brownies,74925.0,3,0.0,29.1,7.3,13950.0,235488.0
3959,Postres Individuales,84823.0,2,0.15,6.3,12.4,21600.0,167887.0
3960,Bebidas,24575.0,6,0.0,26.5,7.7,14550.0,163334.0
3961,Tortas Personalizadas,72380.0,6,0.05,13.4,14.8,25200.0,438281.0
3962,Bebidas,70842.0,7,0.0,14.3,4.0,9000.0,505055.0
3963,Postres Individuales,23475.0,8,0.0,5.6,2.5,6750.0,195797.0
3964,Tortas Personalizadas,12875.0,4,0.0,29.2,5.9,11850.0,64595.0
3965,Tortas Personalizadas,83354.0,12,0.0,26.9,13.8,23700.0,1023704.0
3966,Bebidas,28682.0,8,0.05,11.1,12.9,22350.0,242306.0
3967,Panaderia Artesanal,74671.0,12,0.0,12.9,4.1,9150.0,906372.0
3968,Galletas y Brownies,5330.0,1,0.1,35.1,9.2,16800.0,20724.0
3969,Panaderia Artesanal,6682.0,6,0.05,36.0,9.0,16500.0,58057.0
3970,Bebidas,42270.0,6,0.0,22.9,4.8,10200.0,262660.0
3971,Galletas y Brownies,24097.0,3,0.0,8.0,3.9,8850.0,78221.0
3972,Panaderia Artesanal,60187.0,9,0.0,3.9,6.2,12300.0,552005.0
3973,Galletas y Brownies,50245.0,12,0.0,13.3,11.9,20850.0,625585.0
3974,Tortas Personalizadas,11199.0,12,0.0,33.3,3.3,7950.0,144197.0
3975,Panaderia Artesanal,18010.0,5,0.15,27.6,7.0,13500.0,88608.0
3976,Galletas y Brownies,36044.0,1,0.15,32.7,7.5,14250.0,44007.0
3977,Galletas y Brownies,19848.0,7,0.1,22.0,14.1,24150.0,148327.0
3978,Galletas y Brownies,68378.0,10,0.0,34.3,4.9,10350.0,695415.0
3979,Panaderia Artesanal,38286.0,14,0.0,22.4,0.8,4200.0,538442.0
3980,Postres Individuales,12475.0,3,0.2,5.2,10.6,18900.0,50320.0
3981,Panaderia Artesanal,43747.0,10,0.05,5.0,11.5,20250.0,436134.0
3982,Bebidas,12267.0,10,0.0,37.7,10.7,19050.0,140908.0
3983,Panaderia Artesanal,15315.0,11,0.0,28.9,10.7,19050.0,186857.0
3984,Galletas y Brownies,24169.0,4,0.0,13.6,7.5,14250.0,110583.0
3985,Tortas Personalizadas,73762.0,6,0.05,34.4,0.8,4200.0,424331.0
3986,Panaderia Artesanal,78969.0,8,0.15,7.4,11.1,19650.0,555615.0
3987,Panaderia Artesanal,71101.0,13,0.0,29.6,14.1,24150.0,951612.0
3988,Galletas y Brownies,31726.0,4,0.0,44.5,2.8,7200.0,134972.0
3989,Tortas Personalizadas,26796.0,12,0.0,8.0,1.5,5250.0,328170.0
3990,Tortas Personalizadas,48932.0,9,0.0,7.7,4.3,9450.0,450070.0
3991,Bebidas,62748.0,8,0.05,21.9,12.8,22200.0,499525.0
3992,Panaderia Artesanal,84470.0,10,0.05,29.5,2.0,6000.0,808001.0
3993,Tortas Personalizadas,15526.0,10,0.0,2.7,10.9,19350.0,176312.0
3994,Tortas Personalizadas,8943.0,6,0.05,23.2,1.4,5100.0,56208.0
3995,Postres Individuales,60548.0,7,0.0,5.1,1.0,4500.0,427343.0
3996,Postres Individuales,71578.0,8,0.05,12.0,13.4,23100.0,563090.0
3997,Tortas Personalizadas,72708.0,2,0.05,32.5,11.7,20550.0,157390.0
3998,Bebidas,59277.0,5,0.0,33.6,9.2,16800.0,312934.0
3999,Tortas Personalizadas,81321.0,13,0.05,33.2,3.0,7500.0,1011901.0
4000,Galletas y Brownies,45880.0,7,0.0,4.3,4.5,9750.0,329160.0
4001,Panaderia Artesanal,78105.0,8,0.0,35.7,1.2,4800.0,626418.0
4002,Bebidas,82425.0,5,0.0,20.3,9.9,17850.0,433298.0
4003,Galletas y Brownies,72773.0,3,0.0,22.2,10.4,18600.0,236925.0
4004,Bebidas,29781.0,6,0.1,19.8,5.2,10800.0,171134.0
4005,Galletas y Brownies,20697.0,5,0.0,38.8,5.4,11100.0,114876.0
4006,Panaderia Artesanal,48850.0,8,0.05,31.1,9.6,17400.0,387057.0
4007,Panaderia Artesanal,41241.0,9,0.15,23.3,14.2,24300.0,341432.0
4008,Postres Individuales,75221.0,9,0.0,37.8,6.2,12300.0,688570.0
4009,Galletas y Brownies,13003.0,12,0.0,36.5,7.7,14550.0,169499.0
4010,Postres Individuales,25619.0,12,0.0,1.7,10.6,18900.0,325437.0
4011,Galletas y Brownies,65144.0,6,0.0,22.3,5.5,11250.0,401103.0
4012,Postres Individuales,12599.0,4,0.0,3.3,13.1,22650.0,71356.0
4013,Panaderia Artesanal,30661.0,4,0.1,14.9,12.8,22200.0,133241.0
4014,Bebidas,35972.0,9,0.0,36.5,10.3,18450.0,343072.0
4015,Postres Individuales,54808.0,4,0.05,42.6,8.3,15450.0,221748.0
4016,Galletas y Brownies,17651.0,8,0.0,12.0,14.8,25200.0,166000.0
4017,Galletas y Brownies,73848.0,9,0.0,2.4,10.7,19050.0,683882.0
4018,Panaderia Artesanal,40803.0,5,0.0,19.0,9.8,17700.0,220952.0
4019,Galletas y Brownies,78362.0,13,0.0,16.1,13.2,22800.0,1042705.0
4020,Tortas Personalizadas,42430.0,6,0.0,30.9,8.5,15750.0,272666.0
4021,Bebidas,27003.0,3,0.05,23.0,4.0,9000.0,86667.0
4022,Postres Individuales,16346.0,12,0.05,18.8,2.5,6750.0,193096.0
4023,Bebidas,5300.0,5,0.0,11.5,7.3,13950.0,39301.0
4024,Panaderia Artesanal,47573.0,5,0.1,37.5,8.0,15000.0,226880.0
4025,Postres Individuales,13573.0,14,0.0,12.3,12.5,21750.0,210574.0
4026,Postres Individuales,36338.0,2,0.0,3.9,2.5,6750.0,80535.0
4027,Tortas Personalizadas,52142.0,10,0.1,26.1,10.4,18600.0,486402.0
4028,Panaderia Artesanal,27055.0,6,0.15,15.3,4.9,10350.0,150180.0
4029,Galletas y Brownies,19018.0,9,0.1,32.5,14.1,24150.0,177614.0
4030,Tortas Personalizadas,66978.0,11,0.0,5.0,7.3,13950.0,749001.0
4031,Tortas Personalizadas,80743.0,7,0.2,43.5,9.5,17250.0,469741.0
4032,Bebidas,13035.0,14,0.05,9.6,9.9,17850.0,189904.0
4033,Bebidas,17447.0,8,0.05,17.0,1.8,5700.0,139589.0
4034,Bebidas,81801.0,2,0.2,22.4,12.9,22350.0,152008.0
4035,Tortas Personalizadas,8023.0,11,0.1,40.2,2.9,7350.0,83731.0
4036,Galletas y Brownies,83211.0,13,0.05,32.9,6.3,12450.0,1039317.0
4037,Postres Individuales,5372.0,14,0.1,7.8,10.3,18450.0,83761.0
4038,Bebidas,74893.0,9,0.0,20.6,1.3,4950.0,680154.0
4039,Galletas y Brownies,29586.0,3,0.05,25.1,8.9,16350.0,102230.0
4040,Panaderia Artesanal,80087.0,10,0.0,32.0,6.4,12600.0,812598.0
4041,Bebidas,30356.0,5,0.2,26.4,1.4,5100.0,128863.0
4042,Postres Individuales,57345.0,14,0.05,21.4,11.0,19500.0,780924.0
4043,Panaderia Artesanal,11403.0,7,0.1,34.8,7.8,14700.0,86068.0
4044,Panaderia Artesanal,24386.0,4,0.0,17.9,4.9,10350.0,106268.0
4045,Postres Individuales,66894.0,7,0.1,44.4,1.7,5550.0,424462.0
4046,Bebidas,47295.0,8,0.0,42.7,8.4,15600.0,394522.0
4047,Tortas Personalizadas,79238.0,13,0.05,32.3,4.9,10350.0,991184.0
4048,Postres Individuales,39300.0,10,0.1,39.9,14.2,24300.0,377323.0
4049,Postres Individuales,74585.0,14,0.0,18.6,9.1,16650.0,1060844.0
4050,Postres Individuales,40916.0,10,0.0,26.8,4.6,9900.0,417186.0
4051,Panaderia Artesanal,83340.0,4,0.05,13.4,8.2,15300.0,331123.0
4052,Galletas y Brownies,81787.0,5,0.0,40.0,8.3,15450.0,422078.0
4053,Tortas Personalizadas,31331.0,11,0.0,22.0,11.0,19500.0,366386.0
4054,Bebidas,75874.0,3,0.0,24.8,13.6,23400.0,249221.0
4055,Bebidas,72809.0,5,0.0,39.1,14.5,24750.0,388793.0
4056,Galletas y Brownies,21854.0,8,0.1,36.2,10.9,19350.0,179074.0
4057,Postres Individuales,54943.0,3,0.15,15.5,8.4,15600.0,155876.0
4058,Tortas Personalizadas,10815.0,14,0.1,5.3,3.8,8700.0,144814.0
4059,Bebidas,71937.0,13,0.0,8.6,6.3,12450.0,948111.0
4060,Bebidas,18964.0,5,0.1,16.3,7.6,14400.0,97817.0
4061,Postres Individuales,10665.0,10,0.05,14.8,2.4,6600.0,105184.0
4062,Galletas y Brownies,37018.0,1,0.1,3.2,4.2,9300.0,42966.0
4063,Tortas Personalizadas,51154.0,2,0.0,20.3,14.8,25200.0,127691.0
4064,Galletas y Brownies,73393.0,3,0.0,6.1,11.5,20250.0,240897.0
4065,Galletas y Brownies,82939.0,1,0.05,11.1,7.5,14250.0,89243.0
4066,Tortas Personalizadas,40159.0,13,0.0,35.8,3.8,8700.0,528749.0
4067,Tortas Personalizadas,9836.0,11,0.15,23.0,8.8,16200.0,108340.0
4068,Bebidas,64929.0,12,0.1,17.7,3.9,8850.0,709832.0
4069,Bebidas,50214.0,11,0.0,9.6,3.3,7950.0,561663.0
4070,Tortas Personalizadas,40831.0,9,0.1,39.2,1.9,5850.0,337033.0
4071,Panaderia Artesanal,29742.0,9,0.0,40.8,5.5,11250.0,280718.0
4072,Bebidas,45192.0,5,0.0,24.1,8.4,15600.0,243253.0
4073,Panaderia Artesanal,32094.0,14,0.0,41.6,2.8,7200.0,457434.0
4074,Tortas Personalizadas,65561.0,4,0.0,21.7,3.4,8100.0,270175.0
4075,Bebidas,48511.0,5,0.0,6.2,6.2,12300.0,255344.0
4076,Galletas y Brownies,75148.0,4,0.0,2.2,7.6,14400.0,315633.0
4077,Tortas Personalizadas,48484.0,12,0.0,7.1,11.6,20400.0,604007.0
4078,Postres Individuales,24061.0,5,0.0,28.6,8.7,16050.0,135822.0
4079,Panaderia Artesanal,73087.0,7,0.1,15.5,9.5,17250.0,478332.0
4080,Tortas Personalizadas,49578.0,11,0.0,29.7,10.6,18900.0,562167.0
4081,Tortas Personalizadas,21547.0,8,0.0,23.6,7.0,13500.0,185306.0
4082,Bebidas,54881.0,2,0.0,16.0,5.5,11250.0,121356.0
4083,Bebidas,33617.0,4,0.0,11.0,12.1,21150.0,156186.0
4084,Bebidas,72552.0,8,0.2,5.0,12.5,21750.0,487017.0
4085,Postres Individuales,41264.0,7,0.05,35.5,2.7,7050.0,280375.0
4086,Bebidas,63115.0,9,0.1,37.1,14.3,24450.0,535764.0
4087,Tortas Personalizadas,12643.0,5,0.0,25.1,14.0,24000.0,86467.0
4088,Bebidas,36682.0,6,0.1,8.3,13.1,22650.0,223493.0
4089,Galletas y Brownies,83659.0,11,0.2,13.0,6.6,12900.0,746840.0
4090,Bebidas,69677.0,8,0.0,43.0,12.7,22050.0,582654.0
4091,Postres Individuales,17795.0,12,0.05,11.3,9.6,17400.0,221276.0
4092,Galletas y Brownies,27221.0,14,0.05,4.0,3.5,8250.0,366243.0
4093,Tortas Personalizadas,31385.0,11,0.2,25.4,11.7,20550.0,295991.0
4094,Tortas Personalizadas,57029.0,5,0.0,12.9,6.4,12600.0,298114.0
4095,Panaderia Artesanal,65560.0,14,0.05,43.1,4.7,10050.0,881925.0
4096,Galletas y Brownies,64962.0,9,0.0,26.5,13.2,22800.0,605036.0
4097,Panaderia Artesanal,45790.0,4,0.15,43.5,13.0,22500.0,176447.0
4098,Galletas y Brownies,69866.0,8,0.05,35.7,13.0,22500.0,553661.0
4099,Galletas y Brownies,39966.0,12,0.15,33.0,13.0,22500.0,428069.0
4100,Postres Individuales,14910.0,14,0.15,37.6,8.5,15750.0,194432.0
4101,Panaderia Artesanal,50155.0,3,0.05,27.8,9.4,17100.0,159642.0
4102,Postres Individuales,81184.0,5,0.05,2.0,14.3,24450.0,410962.0
4103,Galletas y Brownies,68439.0,8,0.05,18.6,2.4,6600.0,525082.0
4104,Tortas Personalizadas,51296.0,10,0.0,11.0,12.2,21300.0,532227.0
4105,Galletas y Brownies,56744.0,12,0.0,20.4,8.1,15150.0,697627.0
4106,Postres Individuales,79445.0,7,0.0,22.0,14.7,25050.0,581067.0
4107,Panaderia Artesanal,39267.0,1,0.0,7.1,9.8,17700.0,54488.0
4108,Panaderia Artesanal,31512.0,12,0.2,2.5,2.9,7350.0,308615.0
4109,Postres Individuales,83179.0,4,0.0,7.5,12.3,21450.0,354466.0
4110,Panaderia Artesanal,74075.0,2,0.1,38.8,10.3,18450.0,149569.0
4111,Bebidas,30843.0,2,0.0,34.4,2.7,7050.0,64469.0
4112,Tortas Personalizadas,42102.0,13,0.0,36.3,0.6,3900.0,548965.0
4113,Tortas Personalizadas,38206.0,7,0.0,13.5,8.4,15600.0,284207.0
4114,Tortas Personalizadas,16928.0,12,0.0,11.8,4.0,9000.0,209522.0
4115,Panaderia Artesanal,81626.0,12,0.0,3.1,13.1,22650.0,1003596.0
4116,Panaderia Artesanal,37345.0,3,0.05,22.0,4.1,9150.0,115996.0
4117,Galletas y Brownies,75026.0,3,0.05,18.1,10.1,18150.0,230850.0
4118,Galletas y Brownies,20148.0,6,0.1,37.9,5.5,11250.0,121777.0
4119,Tortas Personalizadas,48830.0,6,0.05,31.2,5.6,11400.0,287702.0
4120,Bebidas,6917.0,1,0.15,7.8,3.1,7650.0,12591.0
4121,Galletas y Brownies,66138.0,1,0.1,44.4,7.8,14700.0,74101.0
4122,Galletas y Brownies,51473.0,11,0.0,35.0,8.9,16350.0,581858.0
4123,Panaderia Artesanal,55047.0,6,0.0,32.8,8.9,16350.0,346703.0
4124,Bebidas,9138.0,7,0.0,10.9,12.9,22350.0,87171.0
4125,Tortas Personalizadas,21883.0,9,0.0,40.9,10.0,18000.0,214011.0
4126,Galletas y Brownies,10946.0,4,0.05,22.1,11.2,19800.0,63611.0
4127,Bebidas,28113.0,14,0.15,14.4,5.2,10800.0,343932.0
4128,Bebidas,55195.0,10,0.05,30.0,6.6,12900.0,536817.0
4129,Tortas Personalizadas,50295.0,6,0.1,10.7,0.8,4200.0,276432.0
4130,Bebidas,53972.0,12,0.0,41.0,1.6,5400.0,652766.0
4131,Bebidas,48940.0,3,0.0,38.7,6.1,12150.0,156798.0
4132,Bebidas,26842.0,13,0.1,21.7,3.5,8250.0,322229.0
4133,Galletas y Brownies,24561.0,13,0.0,9.8,12.3,21450.0,339264.0
4134,Tortas Personalizadas,15965.0,11,0.15,23.1,10.3,18450.0,170285.0
4135,Bebidas,72926.0,4,0.0,8.0,14.6,24900.0,318729.0
4136,Bebidas,54318.0,9,0.15,13.2,13.4,23100.0,438787.0
4137,Galletas y Brownies,19921.0,14,0.1,22.5,14.7,25050.0,275589.0
4138,Tortas Personalizadas,19177.0,14,0.05,2.4,5.8,11700.0,268343.0
4139,Panaderia Artesanal,74843.0,1,0.15,34.8,7.5,14250.0,79637.0
4140,Galletas y Brownies,64418.0,5,0.0,10.1,5.9,11850.0,334633.0
4141,Tortas Personalizadas,57752.0,11,0.0,39.2,14.5,24750.0,662104.0
4142,Bebidas,37549.0,7,0.0,2.5,6.3,12450.0,275822.0
4143,Tortas Personalizadas,25958.0,3,0.0,24.6,2.2,6300.0,84369.0
4144,Tortas Personalizadas,83356.0,2,0.0,35.3,4.1,9150.0,176269.0
4145,Tortas Personalizadas,68779.0,13,0.15,11.9,6.7,13050.0,772165.0
4146,Panaderia Artesanal,29142.0,11,0.0,32.3,9.2,16800.0,338516.0
4147,Tortas Personalizadas,72805.0,2,0.15,32.9,9.5,17250.0,140666.0
4148,Panaderia Artesanal,65715.0,1,0.15,29.2,11.5,20250.0,76543.0
4149,Bebidas,28766.0,5,0.1,17.3,9.9,17850.0,146837.0
4150,Panaderia Artesanal,39124.0,13,0.15,35.7,7.6,14400.0,447376.0
4151,Bebidas,19876.0,3,0.1,28.8,0.9,4350.0,58355.0
4152,Bebidas,13884.0,11,0.05,27.2,10.6,18900.0,165456.0
4153,Panaderia Artesanal,62821.0,12,0.05,37.1,1.7,5550.0,720845.0
4154,Galletas y Brownies,26401.0,7,0.05,12.1,7.3,13950.0,188595.0
4155,Postres Individuales,70605.0,1,0.0,11.6,13.5,23250.0,94879.0
4156,Tortas Personalizadas,84649.0,9,0.0,18.3,9.2,16800.0,781157.0
4157,Postres Individuales,11130.0,14,0.05,4.7,3.4,8100.0,155694.0
4158,Tortas Personalizadas,42843.0,2,0.0,16.2,12.2,21300.0,107893.0
4159,Tortas Personalizadas,69165.0,8,0.2,19.2,4.9,10350.0,451674.0
4160,Bebidas,68116.0,10,0.05,23.0,8.9,16350.0,662714.0
4161,Tortas Personalizadas,65800.0,4,0.0,12.5,9.7,17550.0,280809.0
4162,Tortas Personalizadas,32920.0,6,0.0,40.9,11.1,19650.0,217625.0
4163,Panaderia Artesanal,41308.0,9,0.0,13.9,1.4,5100.0,377223.0
4164,Postres Individuales,52597.0,7,0.0,38.5,12.9,22350.0,390162.0
4165,Panaderia Artesanal,82915.0,8,0.0,20.9,2.2,6300.0,667436.0
4166,Tortas Personalizadas,31204.0,7,0.2,32.7,1.9,5850.0,178656.0
4167,Bebidas,78852.0,2,0.0,6.3,7.1,13650.0,173310.0
4168,Panaderia Artesanal,26549.0,9,0.05,25.2,5.9,11850.0,238229.0
4169,Panaderia Artesanal,84126.0,1,0.0,43.3,1.3,4950.0,89018.0
4170,Galletas y Brownies,58621.0,14,0.15,30.5,2.9,7350.0,705218.0
4171,Tortas Personalizadas,42081.0,2,0.05,37.2,6.9,13350.0,96774.0
4172,Bebidas,54071.0,3,0.05,12.9,12.5,21750.0,175447.0
4173,Panaderia Artesanal,26802.0,3,0.1,36.3,2.3,6450.0,80315.0
4174,Panaderia Artesanal,26934.0,14,0.05,16.8,2.0,6000.0,362751.0
4175,Bebidas,14084.0,10,0.0,22.6,12.2,21300.0,161370.0
4176,Tortas Personalizadas,14124.0,4,0.0,9.7,7.6,14400.0,71613.0
4177,Galletas y Brownies,32814.0,5,0.0,22.6,5.7,11550.0,176550.0
4178,Panaderia Artesanal,66028.0,6,0.0,23.9,7.2,13800.0,410548.0
4179,Galletas y Brownies,53638.0,1,0.0,28.6,6.5,12750.0,66442.0
4180,Postres Individuales,13207.0,14,0.1,39.3,11.8,20700.0,186989.0
4181,Tortas Personalizadas,73179.0,13,0.0,14.8,0.6,3900.0,957126.0
4182,Postres Individuales,53109.0,8,0.0,44.3,6.8,13200.0,440314.0
4183,Postres Individuales,81868.0,6,0.2,38.4,2.8,7200.0,400008.0
4184,Postres Individuales,58615.0,10,0.15,19.0,5.0,10500.0,508656.0
4185,Tortas Personalizadas,19014.0,9,0.2,11.4,2.1,6150.0,142632.0
4186,Tortas Personalizadas,42903.0,5,0.05,4.6,6.7,13050.0,216098.0
4187,Bebidas,56880.0,7,0.0,11.7,9.8,17700.0,417010.0
4188,Galletas y Brownies,7261.0,11,0.15,40.0,10.1,18150.0,85782.0
4189,Galletas y Brownies,6193.0,4,0.0,14.2,12.1,21150.0,46244.0
4190,Bebidas,15352.0,6,0.0,7.5,12.3,21450.0,114175.0
4191,Bebidas,25133.0,6,0.0,2.5,9.2,16800.0,162870.0
4192,Postres Individuales,39364.0,13,0.05,14.4,5.6,11400.0,496596.0
4193,Bebidas,43995.0,4,0.0,10.9,1.2,4800.0,180907.0
4194,Panaderia Artesanal,16042.0,6,0.1,5.9,1.0,4500.0,92229.0
4195,Galletas y Brownies,58871.0,8,0.0,42.9,2.1,6150.0,479440.0
4196,Bebidas,52691.0,11,0.0,13.1,14.8,25200.0,604824.0
4197,Panaderia Artesanal,28557.0,5,0.0,1.8,11.9,20850.0,161413.0
4198,Panaderia Artesanal,6093.0,2,0.0,42.6,6.4,12600.0,25610.0
4199,Panaderia Artesanal,11212.0,9,0.2,26.7,7.3,13950.0,94508.0
4200,Panaderia Artesanal,36336.0,11,0.2,5.1,11.2,19800.0,342556.0
4201,Postres Individuales,17318.0,4,0.0,2.9,8.0,15000.0,86113.0
4202,Panaderia Artesanal,35146.0,4,0.15,6.2,5.7,11550.0,129121.0
4203,Postres Individuales,55255.0,11,0.05,27.2,5.6,11400.0,587832.0
4204,Postres Individuales,48779.0,7,0.0,4.2,3.5,8250.0,351921.0
4205,Panaderia Artesanal,23494.0,10,0.1,26.2,13.3,22950.0,234553.0
4206,Galletas y Brownies,32506.0,14,0.15,29.9,6.5,12750.0,400435.0
4207,Panaderia Artesanal,54122.0,10,0.0,7.9,11.4,20100.0,560931.0
4208,Panaderia Artesanal,73868.0,6,0.0,22.7,8.8,16200.0,462109.0
4209,Panaderia Artesanal,65257.0,14,0.0,43.4,11.4,20100.0,933916.0
4210,Galletas y Brownies,49272.0,4,0.0,37.9,5.2,10800.0,209097.0
4211,Tortas Personalizadas,33983.0,6,0.0,33.0,11.4,20100.0,221833.0
4212,Tortas Personalizadas,34204.0,3,0.05,24.0,12.0,21000.0,116656.0
4213,Postres Individuales,75353.0,7,0.1,18.7,2.0,6000.0,483834.0
4214,Postres Individuales,8139.0,6,0.0,21.1,1.8,5700.0,52806.0
4215,Galletas y Brownies,84039.0,3,0.0,34.8,14.8,25200.0,278242.0
4216,Bebidas,58150.0,1,0.1,25.6,2.2,6300.0,60029.0
4217,Tortas Personalizadas,59491.0,12,0.0,34.8,10.4,18600.0,732924.0
4218,Postres Individuales,8040.0,10,0.1,43.7,11.3,19950.0,93779.0
4219,Tortas Personalizadas,53442.0,5,0.2,29.4,1.4,5100.0,216119.0
4220,Galletas y Brownies,43782.0,10,0.2,27.7,11.3,19950.0,372031.0
4221,Galletas y Brownies,13462.0,2,0.05,19.2,6.6,12900.0,34931.0
4222,Bebidas,27234.0,7,0.0,10.1,4.5,9750.0,201681.0
4223,Bebidas,76225.0,13,0.0,17.8,10.1,18150.0,1013124.0
4224,Galletas y Brownies,48999.0,7,0.1,24.1,12.6,21900.0,332491.0
4225,Postres Individuales,38073.0,4,0.2,3.0,8.8,16200.0,138157.0
4226,Tortas Personalizadas,10815.0,6,0.0,22.2,13.1,22650.0,87204.0
4227,Panaderia Artesanal,62130.0,1,0.0,39.0,0.8,4200.0,66306.0
4228,Bebidas,61228.0,2,0.1,44.0,11.2,19800.0,128395.0
4229,Panaderia Artesanal,54123.0,6,0.0,38.7,3.0,7500.0,331964.0
4230,Postres Individuales,45821.0,2,0.0,9.0,4.6,9900.0,99344.0
4231,Bebidas,39703.0,12,0.15,8.2,8.8,16200.0,419871.0
4232,Panaderia Artesanal,52462.0,12,0.0,18.6,4.5,9750.0,640646.0
4233,Postres Individuales,23672.0,11,0.0,11.3,2.9,7350.0,268953.0
4234,Tortas Personalizadas,80301.0,4,0.05,30.9,13.3,22950.0,328712.0
4235,Postres Individuales,52104.0,4,0.1,5.2,13.6,23400.0,211228.0
4236,Bebidas,29895.0,10,0.0,20.8,1.0,4500.0,300828.0
4237,Galletas y Brownies,40974.0,9,0.0,13.7,7.8,14700.0,382888.0
4238,Tortas Personalizadas,69455.0,10,0.05,27.4,3.5,8250.0,667962.0
4239,Panaderia Artesanal,17929.0,7,0.05,36.2,13.0,22500.0,139348.0
4240,Bebidas,28427.0,14,0.0,41.7,7.2,13800.0,409683.0
4241,Galletas y Brownies,59361.0,7,0.0,43.4,7.4,14100.0,431074.0
4242,Postres Individuales,30239.0,12,0.05,16.8,9.6,17400.0,362606.0
4243,Galletas y Brownies,68400.0,11,0.1,38.7,1.3,4950.0,680382.0
4244,Bebidas,15436.0,1,0.1,27.3,2.3,6450.0,22396.0
4245,Bebidas,66015.0,11,0.1,31.6,7.7,14550.0,669577.0
4246,Galletas y Brownies,10468.0,5,0.1,38.5,14.5,24750.0,71661.0
4247,Postres Individuales,6007.0,3,0.0,7.2,12.7,22050.0,38174.0
4248,Galletas y Brownies,76858.0,3,0.15,42.7,13.4,23100.0,221482.0
4249,Bebidas,51507.0,6,0.15,25.3,2.5,6750.0,271956.0
4250,Bebidas,33146.0,4,0.05,16.1,14.4,24600.0,152304.0
4251,Panaderia Artesanal,23608.0,8,0.0,16.2,11.1,19650.0,210189.0
4252,Panaderia Artesanal,54351.0,14,0.05,34.2,5.2,10800.0,733587.0
4253,Tortas Personalizadas,45720.0,4,0.05,31.0,13.0,22500.0,196395.0
4254,Bebidas,84328.0,8,0.0,33.2,11.3,19950.0,696616.0
4255,Panaderia Artesanal,83657.0,14,0.05,12.5,11.2,19800.0,1132813.0
4256,Galletas y Brownies,55802.0,12,0.1,8.9,11.2,19800.0,621214.0
4257,Postres Individuales,40430.0,12,0.1,32.9,12.1,21150.0,456400.0
4258,Galletas y Brownies,44291.0,4,0.0,14.5,14.3,24450.0,203258.0
4259,Postres Individuales,59598.0,3,0.0,11.2,2.5,6750.0,188711.0
4260,Panaderia Artesanal,13126.0,5,0.05,10.8,15.0,25500.0,88656.0
4261,Tortas Personalizadas,31268.0,12,0.15,8.0,13.1,22650.0,344916.0
4262,Galletas y Brownies,11022.0,13,0.05,20.1,6.9,13350.0,146519.0
4263,Galletas y Brownies,10869.0,5,0.1,12.9,2.8,7200.0,54249.0
4264,Galletas y Brownies,20667.0,10,0.0,40.4,7.1,13650.0,219554.0
4265,Postres Individuales,43820.0,10,0.05,31.5,11.8,20700.0,434005.0
4266,Panaderia Artesanal,67782.0,1,0.2,33.9,9.2,16800.0,70699.0
4267,Galletas y Brownies,43840.0,8,0.05,19.1,4.6,9900.0,344853.0
4268,Galletas y Brownies,31838.0,8,0.15,27.6,6.4,12600.0,226046.0
4269,Tortas Personalizadas,11588.0,8,0.05,23.3,14.3,24450.0,113903.0
4270,Tortas Personalizadas,49024.0,14,0.1,8.8,12.2,21300.0,637160.0
4271,Panaderia Artesanal,26701.0,10,0.0,3.6,2.3,6450.0,272236.0
4272,Panaderia Artesanal,54195.0,4,0.0,31.2,8.4,15600.0,232179.0
4273,Bebidas,83175.0,13,0.0,6.8,14.0,24000.0,1105187.0
4274,Tortas Personalizadas,13905.0,14,0.0,4.0,1.0,4500.0,200681.0
4275,Bebidas,21970.0,9,0.0,20.7,1.1,4650.0,202087.0
4276,Postres Individuales,42848.0,10,0.1,33.6,10.9,19350.0,406019.0
4277,Bebidas,82489.0,3,0.15,34.9,8.8,16200.0,228138.0
4278,Galletas y Brownies,66745.0,7,0.05,39.5,1.2,4800.0,448836.0
4279,Bebidas,76858.0,6,0.0,10.2,14.9,25350.0,489769.0
4280,Panaderia Artesanal,31697.0,9,0.15,44.4,8.9,16350.0,257904.0
4281,Postres Individuales,84363.0,12,0.05,34.7,7.6,14400.0,974923.0
4282,Galletas y Brownies,13227.0,14,0.1,8.3,7.0,13500.0,178986.0
4283,Bebidas,9238.0,13,0.15,38.1,10.7,19050.0,124474.0
4284,Postres Individuales,73448.0,4,0.2,23.2,7.1,13650.0,249944.0
4285,Postres Individuales,79181.0,4,0.05,4.4,10.1,18150.0,320829.0
4286,Galletas y Brownies,12247.0,6,0.1,7.2,7.6,14400.0,81572.0
4287,Bebidas,14074.0,8,0.05,20.4,9.4,17100.0,123923.0
4288,Postres Individuales,7654.0,3,0.0,24.6,12.2,21300.0,44489.0
4289,Postres Individuales,13361.0,11,0.05,42.7,12.3,21450.0,159586.0
4290,Tortas Personalizadas,21754.0,8,0.0,10.9,12.8,22200.0,199355.0
4291,Postres Individuales,82606.0,14,0.0,22.1,3.4,8100.0,1164437.0
4292,Tortas Personalizadas,58429.0,8,0.1,11.3,1.4,5100.0,424489.0
4293,Bebidas,67284.0,14,0.0,25.8,12.6,21900.0,961684.0
4294,Bebidas,67091.0,14,0.05,41.1,1.1,4650.0,899550.0
4295,Bebidas,47806.0,7,0.1,26.2,3.6,8400.0,311152.0
4296,Panaderia Artesanal,68799.0,7,0.15,23.7,8.1,15150.0,425259.0
4297,Bebidas,52665.0,5,0.0,34.1,12.9,22350.0,282869.0
4298,Postres Individuales,30164.0,2,0.15,7.9,13.5,23250.0,75125.0
4299,Galletas y Brownies,49889.0,12,0.15,40.9,9.6,17400.0,525877.0
4300,Tortas Personalizadas,47681.0,14,0.05,26.6,14.5,24750.0,658149.0
4301,Panaderia Artesanal,70876.0,2,0.1,31.4,11.1,19650.0,149325.0
4302,Bebidas,83538.0,13,0.0,37.1,8.2,15300.0,1099284.0
4303,Bebidas,37883.0,12,0.2,29.1,2.4,6600.0,368103.0
4304,Galletas y Brownies,66071.0,10,0.05,29.4,6.7,13050.0,638230.0
4305,Galletas y Brownies,12981.0,12,0.0,33.2,12.4,21600.0,176006.0
4306,Panaderia Artesanal,67147.0,8,0.0,3.8,4.6,9900.0,544988.0
4307,Tortas Personalizadas,34713.0,11,0.05,18.1,8.9,16350.0,380464.0
4308,Bebidas,8151.0,6,0.0,43.4,14.8,25200.0,72744.0
4309,Panaderia Artesanal,34060.0,8,0.1,12.7,3.0,7500.0,253032.0
4310,Postres Individuales,53851.0,3,0.0,25.1,2.0,6000.0,166590.0
4311,Postres Individuales,14540.0,1,0.05,9.1,12.0,21000.0,36293.0
4312,Panaderia Artesanal,78923.0,13,0.05,15.6,0.9,4350.0,980128.0
4313,Bebidas,11214.0,6,0.15,32.7,9.8,17700.0,74968.0
4314,Panaderia Artesanal,79401.0,2,0.1,29.5,5.4,11100.0,156426.0
4315,Bebidas,61571.0,12,0.1,19.5,11.0,19500.0,683621.0
4316,Galletas y Brownies,31377.0,9,0.15,42.3,2.2,6300.0,245805.0
4317,Panaderia Artesanal,36260.0,5,0.05,35.2,5.3,10950.0,183420.0
4318,Bebidas,64265.0,5,0.1,13.2,0.7,4050.0,294194.0
4319,Panaderia Artesanal,53118.0,13,0.0,21.7,3.9,8850.0,696515.0
4320,Panaderia Artesanal,58731.0,10,0.1,39.7,7.5,14250.0,544555.0
4321,Bebidas,36133.0,8,0.0,2.5,3.1,7650.0,295795.0
4322,Bebidas,44025.0,6,0.15,26.8,9.2,16800.0,242308.0
4323,Tortas Personalizadas,84189.0,3,0.0,11.6,2.2,6300.0,257708.0
4324,Panaderia Artesanal,22114.0,9,0.0,4.3,11.3,19950.0,220987.0
4325,Postres Individuales,38428.0,10,0.0,41.2,13.9,23850.0,409676.0
4326,Panaderia Artesanal,28346.0,4,0.0,37.0,6.1,12150.0,127091.0
4327,Panaderia Artesanal,66209.0,10,0.0,9.6,8.2,15300.0,678054.0
4328,Bebidas,66121.0,4,0.05,37.9,7.6,14400.0,265377.0
4329,Panaderia Artesanal,28396.0,12,0.15,7.9,11.9,20850.0,307938.0
4330,Panaderia Artesanal,11511.0,13,0.0,22.2,14.9,25350.0,175074.0
4331,Postres Individuales,5915.0,2,0.0,33.1,11.2,19800.0,33363.0
4332,Bebidas,39196.0,3,0.1,24.7,3.6,8400.0,115430.0
4333,Panaderia Artesanal,37827.0,4,0.0,38.5,10.6,18900.0,169097.0
4334,Galletas y Brownies,84071.0,7,0.15,28.3,9.4,17100.0,521933.0
4335,Tortas Personalizadas,42584.0,13,0.0,20.3,3.5,8250.0,563430.0
4336,Postres Individuales,25513.0,3,0.05,41.7,4.0,9000.0,80587.0
4337,Panaderia Artesanal,76298.0,8,0.0,3.1,10.0,18000.0,627508.0
4338,Galletas y Brownies,44285.0,8,0.0,22.7,12.2,21300.0,374025.0
4339,Panaderia Artesanal,52934.0,10,0.1,30.2,11.6,20400.0,496604.0
4340,Panaderia Artesanal,12653.0,11,0.0,37.9,9.3,16950.0,158500.0
4341,Bebidas,35633.0,2,0.2,25.0,14.1,24150.0,81839.0
4342,Bebidas,80538.0,4,0.05,40.0,11.1,19650.0,328180.0
4343,Bebidas,52160.0,8,0.1,20.0,8.4,15600.0,393526.0
4344,Galletas y Brownies,32560.0,1,0.2,15.3,12.3,21450.0,49558.0
4345,Panaderia Artesanal,55053.0,1,0.0,43.9,4.7,10050.0,67639.0
4346,Tortas Personalizadas,77833.0,14,0.1,30.5,4.3,9450.0,990138.0
4347,Postres Individuales,26919.0,14,0.0,20.0,14.6,24900.0,402026.0
4348,Bebidas,45409.0,4,0.05,39.7,14.3,24450.0,194937.0
4349,Bebidas,81695.0,11,0.1,31.2,13.3,22950.0,832617.0
4350,Panaderia Artesanal,18792.0,2,0.0,29.3,3.6,8400.0,46343.0
4351,Panaderia Artesanal,62573.0,1,0.0,33.2,9.0,16500.0,82071.0
4352,Galletas y Brownies,54158.0,8,0.05,33.6,8.3,15450.0,426517.0
4353,Galletas y Brownies,59374.0,2,0.15,22.9,3.4,8100.0,107492.0
4354,Bebidas,33098.0,4,0.15,19.7,7.0,13500.0,123856.0
4355,Panaderia Artesanal,30110.0,3,0.1,41.1,7.2,13800.0,97174.0
4356,Tortas Personalizadas,59737.0,2,0.0,23.1,4.0,9000.0,128745.0
4357,Postres Individuales,22243.0,8,0.15,10.9,14.3,24450.0,175252.0
4358,Panaderia Artesanal,38572.0,3,0.15,24.2,7.6,14400.0,113112.0
4359,Panaderia Artesanal,20054.0,9,0.0,3.0,8.1,15150.0,193735.0
4360,Galletas y Brownies,5664.0,10,0.0,33.0,9.2,16800.0,71474.0
4361,Postres Individuales,82605.0,5,0.15,7.0,13.4,23100.0,376766.0
4362,Bebidas,39536.0,9,0.15,6.4,8.2,15300.0,318042.0
4363,Panaderia Artesanal,82548.0,3,0.0,42.7,8.3,15450.0,263715.0
4364,Bebidas,16226.0,12,0.2,35.1,4.0,9000.0,164782.0
4365,Panaderia Artesanal,51989.0,5,0.05,19.5,9.2,16800.0,262800.0
4366,Bebidas,21078.0,14,0.2,11.9,6.0,12000.0,247125.0
4367,Postres Individuales,68206.0,10,0.0,38.2,9.9,17850.0,698360.0
4368,Galletas y Brownies,67696.0,6,0.05,43.6,4.9,10350.0,397927.0
4369,Postres Individuales,14009.0,9,0.0,23.6,10.9,19350.0,146146.0
4370,Tortas Personalizadas,77965.0,8,0.15,26.7,9.5,17250.0,546609.0
4371,Galletas y Brownies,20570.0,2,0.0,12.1,7.4,14100.0,56347.0
4372,Postres Individuales,54038.0,2,0.1,27.1,1.9,5850.0,101900.0
4373,Tortas Personalizadas,83851.0,13,0.0,18.9,9.6,17400.0,1108996.0
4374,Panaderia Artesanal,75592.0,5,0.1,38.3,13.0,22500.0,361406.0
4375,Panaderia Artesanal,81525.0,5,0.0,17.9,3.0,7500.0,415357.0
4376,Bebidas,32408.0,5,0.0,29.7,1.7,5550.0,166573.0
4377,Galletas y Brownies,13446.0,4,0.0,10.4,1.1,4650.0,60651.0
4378,Panaderia Artesanal,20068.0,8,0.0,5.4,1.0,4500.0,167213.0
4379,Galletas y Brownies,45040.0,11,0.1,3.3,12.7,22050.0,469042.0
4380,Panaderia Artesanal,68458.0,5,0.0,19.6,11.1,19650.0,361829.0
4381,Bebidas,17012.0,1,0.0,8.6,3.4,8100.0,24399.0
4382,Postres Individuales,57779.0,10,0.0,44.7,13.8,23700.0,601812.0
4383,Bebidas,30886.0,14,0.05,36.2,2.5,6750.0,416482.0
4384,Tortas Personalizadas,32296.0,5,0.0,31.7,5.9,11850.0,174665.0
4385,Panaderia Artesanal,57953.0,1,0.0,36.4,7.1,13650.0,71309.0
4386,Tortas Personalizadas,42360.0,4,0.05,12.9,1.6,5400.0,166517.0
4387,Tortas Personalizadas,69963.0,1,0.05,39.7,5.5,11250.0,78088.0
4388,Galletas y Brownies,17473.0,6,0.05,44.8,2.0,6000.0,107921.0
4389,Panaderia Artesanal,68196.0,6,0.0,14.1,12.0,21000.0,430105.0
4390,Tortas Personalizadas,10139.0,1,0.0,44.3,1.2,4800.0,17650.0
4391,Postres Individuales,20524.0,12,0.1,15.4,0.7,4050.0,227010.0
4392,Tortas Personalizadas,57492.0,8,0.15,2.0,11.1,19650.0,411888.0
4393,Postres Individuales,73394.0,14,0.05,17.5,11.8,20700.0,995920.0
4394,Galletas y Brownies,25214.0,4,0.0,44.9,7.7,14550.0,113614.0
4395,Tortas Personalizadas,31175.0,2,0.05,29.1,5.1,10650.0,70020.0
4396,Bebidas,47970.0,13,0.15,31.8,3.9,8850.0,537326.0
4397,Galletas y Brownies,21926.0,14,0.05,11.9,2.2,6300.0,295228.0
4398,Postres Individuales,69893.0,1,0.15,7.8,7.5,14250.0,72959.0
4399,Galletas y Brownies,66891.0,11,0.0,40.0,7.6,14400.0,747770.0
4400,Tortas Personalizadas,16623.0,3,0.1,19.5,7.1,13650.0,59996.0
4401,Panaderia Artesanal,42106.0,7,0.05,1.7,11.8,20700.0,299010.0
4402,Panaderia Artesanal,66986.0,10,0.05,14.3,1.9,5850.0,639749.0
4403,Postres Individuales,31986.0,11,0.05,10.0,10.2,18300.0,351733.0
4404,Postres Individuales,55649.0,10,0.05,27.8,6.3,12450.0,541999.0
4405,Panaderia Artesanal,9017.0,8,0.1,34.4,4.0,9000.0,73272.0
4406,Postres Individuales,53695.0,5,0.15,23.1,10.4,18600.0,248033.0
4407,Galletas y Brownies,17212.0,7,0.0,9.6,3.4,8100.0,129535.0
4408,Bebidas,71447.0,2,0.05,4.0,3.8,8700.0,144923.0
4409,Bebidas,33436.0,12,0.15,15.1,15.0,25500.0,365612.0
4410,Galletas y Brownies,27524.0,12,0.0,36.6,13.4,23100.0,354038.0
4411,Bebidas,72271.0,4,0.0,19.7,10.6,18900.0,304369.0
4412,Tortas Personalizadas,9012.0,6,0.0,12.5,5.1,10650.0,64555.0
4413,Galletas y Brownies,36729.0,12,0.0,2.4,8.3,15450.0,457954.0
4414,Postres Individuales,34600.0,12,0.15,23.1,2.3,6450.0,358430.0
4415,Galletas y Brownies,27784.0,12,0.0,31.3,5.3,10950.0,344850.0
4416,Panaderia Artesanal,77940.0,12,0.05,9.8,1.5,5250.0,891034.0
4417,Postres Individuales,65074.0,14,0.0,24.9,9.3,16950.0,929094.0
4418,Panaderia Artesanal,10114.0,12,0.0,19.8,12.9,22350.0,143258.0
4419,Postres Individuales,62175.0,12,0.15,32.1,12.2,21300.0,655006.0
4420,Bebidas,47184.0,5,0.05,38.9,12.9,22350.0,245965.0
4421,Galletas y Brownies,77069.0,6,0.0,14.9,3.0,7500.0,470351.0
4422,Tortas Personalizadas,30036.0,12,0.2,40.9,9.9,17850.0,305537.0
4423,Postres Individuales,50933.0,2,0.0,32.3,14.4,24600.0,126647.0
4424,Postres Individuales,45060.0,7,0.0,3.1,11.9,20850.0,334417.0
4425,Panaderia Artesanal,44165.0,8,0.05,35.9,0.5,3750.0,338770.0
4426,Bebidas,41488.0,13,0.0,23.0,13.3,22950.0,562734.0
4427,Panaderia Artesanal,21450.0,14,0.05,42.6,10.7,19050.0,304075.0
4428,Panaderia Artesanal,65457.0,11,0.05,15.6,2.3,6450.0,690995.0
4429,Bebidas,41107.0,9,0.0,27.2,5.1,10650.0,381535.0
4430,Tortas Personalizadas,81681.0,6,0.1,43.1,2.2,6300.0,448295.0
4431,Panaderia Artesanal,25865.0,7,0.0,13.3,11.1,19650.0,201719.0
4432,Panaderia Artesanal,59620.0,13,0.1,22.0,0.6,3900.0,698415.0
4433,Postres Individuales,80257.0,12,0.0,34.2,7.2,13800.0,975127.0
4434,Bebidas,58077.0,13,0.15,31.6,15.0,25500.0,669973.0
4435,Galletas y Brownies,74702.0,1,0.15,38.0,12.8,22200.0,87156.0
4436,Tortas Personalizadas,71198.0,9,0.0,24.1,9.0,16500.0,656693.0
4437,Tortas Personalizadas,33809.0,6,0.15,15.4,10.6,18900.0,192211.0
4438,Bebidas,53010.0,12,0.05,24.8,9.3,16950.0,620369.0
4439,Postres Individuales,17501.0,4,0.1,16.7,12.3,21450.0,85426.0
4440,Postres Individuales,47842.0,10,0.1,9.2,13.3,22950.0,452088.0
4441,Bebidas,23434.0,9,0.0,25.6,11.6,20400.0,231886.0
4442,Postres Individuales,64499.0,12,0.0,3.6,3.1,7650.0,781350.0
4443,Tortas Personalizadas,47245.0,1,0.0,3.1,5.9,11850.0,60212.0
4444,Tortas Personalizadas,37898.0,2,0.0,4.3,11.9,20850.0,100158.0
4445,Galletas y Brownies,26504.0,3,0.0,30.8,12.4,21600.0,101232.0
4446,Bebidas,84896.0,1,0.05,19.2,9.6,17400.0,95221.0
4447,Panaderia Artesanal,10737.0,2,0.0,23.0,10.9,19350.0,41129.0
4448,Panaderia Artesanal,8485.0,2,0.05,16.4,3.0,7500.0,23482.0
4449,Galletas y Brownies,22381.0,7,0.0,12.5,5.9,11850.0,164946.0
4450,Galletas y Brownies,82686.0,10,0.0,17.1,8.3,15450.0,841158.0
4451,Postres Individuales,83339.0,13,0.0,9.9,14.8,25200.0,1109709.0
4452,Galletas y Brownies,57394.0,6,0.1,31.0,12.1,21150.0,332629.0
4453,Galletas y Brownies,75409.0,12,0.15,5.9,3.3,7950.0,778699.0
4454,Panaderia Artesanal,22117.0,9,0.0,24.0,5.6,11400.0,212899.0
4455,Postres Individuales,82763.0,14,0.1,22.2,3.6,8400.0,1050781.0
4456,Galletas y Brownies,16423.0,5,0.15,14.6,2.7,7050.0,75383.0
4457,Galletas y Brownies,13090.0,9,0.2,5.9,2.2,6300.0,98213.0
4458,Postres Individuales,13977.0,14,0.05,32.1,14.5,24750.0,210638.0
4459,Bebidas,50850.0,13,0.0,26.3,13.6,23400.0,683553.0
4460,Postres Individuales,67478.0,12,0.0,36.7,7.5,14250.0,822691.0
4461,Panaderia Artesanal,34333.0,10,0.0,11.7,8.5,15750.0,356604.0
4462,Bebidas,83232.0,14,0.05,35.9,12.7,22050.0,1128459.0
4463,Tortas Personalizadas,39754.0,14,0.0,14.2,9.9,17850.0,573168.0
4464,Postres Individuales,17036.0,9,0.05,6.4,11.1,19650.0,164224.0
4465,Panaderia Artesanal,42277.0,2,0.0,7.4,12.0,21000.0,108173.0
4466,Bebidas,59323.0,12,0.0,11.1,7.5,14250.0,726088.0
4467,Postres Individuales,71578.0,9,0.2,31.2,14.6,24900.0,540020.0
4468,Galletas y Brownies,41701.0,3,0.2,12.1,9.6,17400.0,118693.0
4469,Postres Individuales,52489.0,11,0.1,27.8,9.7,17550.0,536460.0
4470,Tortas Personalizadas,26388.0,3,0.0,12.7,2.5,6750.0,86639.0
4471,Postres Individuales,56673.0,12,0.2,17.4,14.8,25200.0,570283.0
4472,Bebidas,83878.0,11,0.0,40.2,1.5,5250.0,926444.0
4473,Bebidas,8924.0,14,0.1,23.3,14.8,25200.0,137263.0
4474,Postres Individuales,75922.0,9,0.0,27.6,13.7,23550.0,704648.0
4475,Bebidas,49983.0,7,0.05,9.7,12.9,22350.0,353075.0
4476,Galletas y Brownies,25168.0,14,0.1,7.2,10.3,18450.0,334461.0
4477,Postres Individuales,81391.0,11,0.15,19.5,9.3,16950.0,778478.0
4478,Galletas y Brownies,43668.0,8,0.1,38.7,15.0,25500.0,338296.0
4479,Galletas y Brownies,31535.0,7,0.15,12.0,14.6,24900.0,212729.0
4480,Panaderia Artesanal,19520.0,9,0.05,28.5,12.3,21450.0,187918.0
4481,Postres Individuales,24556.0,8,0.05,39.4,1.8,5700.0,191879.0
4482,Bebidas,71628.0,14,0.0,42.1,5.9,11850.0,1015769.0
4483,Galletas y Brownies,54153.0,4,0.0,44.7,13.1,22650.0,241809.0
4484,Panaderia Artesanal,78060.0,2,0.1,34.7,10.7,19050.0,157118.0
4485,Postres Individuales,23557.0,14,0.15,4.8,2.3,6450.0,287584.0
4486,Postres Individuales,14691.0,13,0.0,39.4,5.5,11250.0,205224.0
4487,Tortas Personalizadas,5487.0,11,0.0,40.0,0.8,4200.0,66005.0
4488,Tortas Personalizadas,45629.0,5,0.0,25.7,13.4,23100.0,252138.0
4489,Galletas y Brownies,84865.0,2,0.15,4.4,11.3,19950.0,161503.0
4490,Tortas Personalizadas,60597.0,4,0.0,22.2,6.8,13200.0,257446.0
4491,Galletas y Brownies,29672.0,14,0.0,10.7,11.5,20250.0,438146.0
4492,Bebidas,75149.0,12,0.0,20.7,14.0,24000.0,926773.0
4493,Galletas y Brownies,67538.0,2,0.0,33.0,4.6,9900.0,146372.0
4494,Tortas Personalizadas,6233.0,5,0.1,30.5,4.6,9900.0,39519.0
4495,Bebidas,70349.0,6,0.2,35.4,7.5,14250.0,352950.0
4496,Tortas Personalizadas,29042.0,11,0.0,22.2,10.8,19200.0,339870.0
4497,Galletas y Brownies,16974.0,1,0.0,23.7,14.9,25350.0,39893.0
4498,Panaderia Artesanal,23106.0,12,0.15,42.2,2.9,7350.0,246771.0
4499,Postres Individuales,42486.0,8,0.15,29.0,5.5,11250.0,301608.0
4500,Tortas Personalizadas,38989.0,2,0.0,34.0,5.8,11700.0,91056.0
4501,Galletas y Brownies,28111.0,14,0.0,30.4,11.0,19500.0,413598.0
4502,Bebidas,18777.0,5,0.2,29.4,13.4,23100.0,95299.0
4503,Tortas Personalizadas,65978.0,11,0.05,41.2,3.2,7800.0,693798.0
4504,Tortas Personalizadas,84209.0,8,0.15,17.0,10.8,19200.0,592576.0
4505,Postres Individuales,67223.0,5,0.0,20.1,13.7,23550.0,359603.0
4506,Galletas y Brownies,28675.0,3,0.05,18.0,2.3,6450.0,89310.0
4507,Panaderia Artesanal,24585.0,6,0.05,34.8,9.7,17550.0,157231.0
4508,Bebidas,22413.0,1,0.15,39.3,3.4,8100.0,26617.0
4509,Galletas y Brownies,15936.0,1,0.2,17.1,6.9,13350.0,25710.0
4510,Bebidas,49106.0,8,0.0,7.7,2.3,6450.0,398617.0
4511,Tortas Personalizadas,53432.0,7,0.05,23.0,10.4,18600.0,372335.0
4512,Postres Individuales,61440.0,10,0.0,44.3,6.3,12450.0,624980.0
4513,Postres Individuales,59417.0,10,0.1,10.4,8.7,16050.0,551534.0
4514,Panaderia Artesanal,28387.0,11,0.1,21.2,8.1,15150.0,297107.0
4515,Postres Individuales,31425.0,11,0.15,13.3,10.6,18900.0,308292.0
4516,Tortas Personalizadas,59521.0,3,0.0,41.6,13.5,23250.0,201503.0
4517,Panaderia Artesanal,32956.0,8,0.0,25.5,4.6,9900.0,273208.0
4518,Galletas y Brownies,22010.0,11,0.0,26.7,9.1,16650.0,259444.0
4519,Postres Individuales,34947.0,8,0.0,1.9,8.8,16200.0,296506.0
4520,Panaderia Artesanal,26767.0,14,0.0,29.9,5.1,10650.0,386425.0
4521,Tortas Personalizadas,12065.0,14,0.15,14.8,7.7,14550.0,157610.0
4522,Bebidas,71411.0,1,0.0,23.8,1.1,4650.0,75000.0
4523,Bebidas,73249.0,10,0.05,24.6,6.7,13050.0,706339.0
4524,Tortas Personalizadas,22580.0,7,0.15,27.3,4.4,9600.0,143785.0
4525,Tortas Personalizadas,10182.0,2,0.15,37.3,13.0,22500.0,37456.0
4526,Bebidas,64106.0,12,0.05,14.5,5.7,11550.0,741300.0
4527,Panaderia Artesanal,21922.0,2,0.0,12.6,3.3,7950.0,49706.0
4528,Bebidas,36475.0,2,0.0,36.1,8.2,15300.0,90284.0
4529,Tortas Personalizadas,10131.0,13,0.0,32.8,12.3,21450.0,151230.0
4530,Postres Individuales,23102.0,5,0.1,11.3,5.6,11400.0,114065.0
4531,Galletas y Brownies,68432.0,7,0.1,1.5,12.8,22200.0,454149.0
4532,Postres Individuales,69352.0,4,0.05,30.5,5.2,10800.0,276047.0
4533,Postres Individuales,21567.0,11,0.15,8.3,11.2,19800.0,220355.0
4534,Tortas Personalizadas,31873.0,12,0.1,43.1,2.2,6300.0,352812.0
4535,Bebidas,15739.0,4,0.2,27.8,1.4,5100.0,55036.0
4536,Panaderia Artesanal,10934.0,9,0.15,38.5,11.2,19800.0,105187.0
4537,Postres Individuales,84374.0,14,0.0,36.5,5.8,11700.0,1193001.0
4538,Bebidas,57448.0,10,0.0,25.8,6.2,12300.0,584803.0
4539,Panaderia Artesanal,48368.0,9,0.0,20.6,8.8,16200.0,450204.0
4540,Postres Individuales,66240.0,7,0.05,23.1,14.8,25200.0,465519.0
4541,Panaderia Artesanal,72206.0,14,0.05,36.4,3.0,7500.0,969417.0
4542,Bebidas,69537.0,10,0.0,29.4,4.8,10200.0,706392.0
4543,Galletas y Brownies,6323.0,4,0.15,10.4,9.9,17850.0,41245.0
4544,Bebidas,19945.0,8,0.0,28.0,10.7,19050.0,177558.0
4545,Tortas Personalizadas,57392.0,10,0.15,19.1,10.7,19050.0,504496.0
4546,Panaderia Artesanal,35061.0,3,0.0,4.2,9.1,16650.0,122735.0
4547,Galletas y Brownies,83599.0,3,0.0,18.1,9.0,16500.0,267969.0
4548,Panaderia Artesanal,58232.0,12,0.0,11.4,2.6,6900.0,705449.0
4549,Panaderia Artesanal,81524.0,7,0.0,38.0,12.6,21900.0,591809.0
4550,Postres Individuales,21116.0,13,0.0,6.1,0.6,3900.0,277788.0
4551,Tortas Personalizadas,74117.0,11,0.1,17.2,6.6,12900.0,745517.0
4552,Panaderia Artesanal,30708.0,12,0.0,31.8,3.6,8400.0,377408.0
4553,Bebidas,84165.0,9,0.1,40.5,2.0,6000.0,688689.0
4554,Bebidas,17615.0,13,0.0,16.1,5.1,10650.0,241601.0
4555,Postres Individuales,46307.0,11,0.0,27.9,10.0,18000.0,527389.0
4556,Tortas Personalizadas,68428.0,4,0.1,17.8,7.7,14550.0,261390.0
4557,Tortas Personalizadas,39611.0,4,0.0,10.3,13.2,22800.0,178761.0
4558,Bebidas,42447.0,1,0.05,15.7,9.2,16800.0,57287.0
4559,Galletas y Brownies,83908.0,1,0.0,29.2,4.2,9300.0,94122.0
4560,Postres Individuales,39025.0,13,0.0,32.7,8.0,15000.0,521116.0
4561,Postres Individuales,53326.0,14,0.0,17.6,3.8,8700.0,757386.0
4562,Bebidas,9363.0,3,0.05,8.1,3.1,7650.0,33130.0
4563,Bebidas,72377.0,12,0.0,7.6,14.3,24450.0,893364.0
4564,Galletas y Brownies,56853.0,13,0.05,36.8,7.3,13950.0,716350.0
4565,Galletas y Brownies,37322.0,7,0.15,29.9,9.9,17850.0,238606.0
4566,Tortas Personalizadas,6294.0,13,0.0,33.2,13.2,22800.0,104387.0
4567,Postres Individuales,52334.0,9,0.15,22.7,5.2,10800.0,411239.0
4568,Postres Individuales,6013.0,4,0.0,21.4,11.9,20850.0,45048.0
4569,Bebidas,5096.0,2,0.1,10.7,11.9,20850.0,27706.0
4570,Tortas Personalizadas,54288.0,6,0.1,8.8,12.4,21600.0,315282.0
4571,Postres Individuales,20121.0,6,0.0,8.2,3.2,7800.0,130020.0
4572,Tortas Personalizadas,20351.0,9,0.2,44.6,14.5,24750.0,172598.0
4573,Tortas Personalizadas,57262.0,4,0.0,37.2,4.5,9750.0,239934.0
4574,Bebidas,9296.0,8,0.0,28.7,11.8,20700.0,93596.0
4575,Tortas Personalizadas,30072.0,13,0.05,10.8,2.9,7350.0,379766.0
4576,Galletas y Brownies,16955.0,14,0.2,16.2,13.9,23850.0,211485.0
4577,Galletas y Brownies,51414.0,13,0.15,16.8,6.7,13050.0,580900.0
4578,Panaderia Artesanal,57941.0,3,0.0,22.3,10.2,18300.0,190427.0
4579,Bebidas,62691.0,2,0.05,19.9,12.8,22200.0,142781.0
4580,Panaderia Artesanal,25418.0,9,0.0,42.1,4.6,9900.0,238811.0
4581,Galletas y Brownies,12140.0,6,0.0,32.9,6.1,12150.0,82055.0
4582,Panaderia Artesanal,11295.0,11,0.05,5.0,5.0,10500.0,128018.0
4583,Bebidas,39092.0,8,0.0,17.2,4.6,9900.0,320471.0
4584,Bebidas,80668.0,11,0.0,7.3,7.9,14850.0,901360.0
4585,Tortas Personalizadas,22418.0,10,0.15,13.7,8.4,15600.0,205635.0
4586,Postres Individuales,25539.0,9,0.05,43.2,1.6,5400.0,224736.0
4587,Tortas Personalizadas,13071.0,1,0.1,32.2,10.3,18450.0,31566.0
4588,Bebidas,53446.0,13,0.0,1.8,6.6,12900.0,705563.0
4589,Galletas y Brownies,59390.0,1,0.2,15.8,13.4,23100.0,70169.0
4590,Galletas y Brownies,56434.0,11,0.0,20.6,13.3,22950.0,643129.0
4591,Tortas Personalizadas,73890.0,5,0.05,27.7,10.9,19350.0,368405.0
4592,Bebidas,43914.0,9,0.1,23.2,12.9,22350.0,377629.0
4593,Galletas y Brownies,15757.0,7,0.1,4.5,13.9,23850.0,124418.0
4594,Bebidas,28152.0,7,0.0,23.9,8.9,16350.0,211837.0
4595,Galletas y Brownies,57994.0,2,0.0,7.2,14.6,24900.0,142173.0
4596,Bebidas,54050.0,3,0.05,24.1,14.4,24600.0,176580.0
4597,Panaderia Artesanal,47480.0,4,0.0,12.2,2.1,6150.0,198441.0
4598,Bebidas,59637.0,2,0.05,7.8,8.1,15150.0,128411.0
4599,Bebidas,55991.0,10,0.0,14.0,2.2,6300.0,565076.0
4600,Tortas Personalizadas,75506.0,9,0.0,5.8,10.4,18600.0,699094.0
4601,Panaderia Artesanal,51881.0,5,0.0,13.9,11.6,20400.0,283523.0
4602,Postres Individuales,67288.0,13,0.0,39.2,13.3,22950.0,899723.0
4603,Tortas Personalizadas,24897.0,7,0.1,14.9,9.9,17850.0,174608.0
4604,Postres Individuales,59255.0,11,0.0,22.0,7.1,13650.0,667392.0
4605,Galletas y Brownies,77176.0,9,0.05,24.1,2.8,7200.0,670471.0
4606,Postres Individuales,35859.0,5,0.0,9.3,2.3,6450.0,185180.0
4607,Bebidas,67328.0,6,0.0,20.7,7.5,14250.0,418463.0
4608,Postres Individuales,62983.0,4,0.0,38.6,12.6,21900.0,272602.0
4609,Tortas Personalizadas,9762.0,14,0.0,5.0,11.4,20100.0,156188.0
4610,Tortas Personalizadas,51521.0,8,0.1,41.6,13.3,22950.0,393483.0
4611,Postres Individuales,15415.0,1,0.2,39.4,12.3,21450.0,33120.0
4612,Tortas Personalizadas,82386.0,1,0.15,38.7,3.5,8250.0,80044.0
4613,Tortas Personalizadas,69913.0,5,0.05,10.1,3.4,8100.0,337366.0
4614,Postres Individuales,13778.0,10,0.05,22.6,7.1,13650.0,144579.0
4615,Panaderia Artesanal,14740.0,9,0.15,28.3,3.3,7950.0,120624.0
4616,Panaderia Artesanal,52558.0,2,0.05,5.8,3.2,7800.0,106954.0
4617,Galletas y Brownies,32591.0,11,0.05,25.7,4.4,9600.0,351413.0
4618,Tortas Personalizadas,7792.0,3,0.05,38.0,0.8,4200.0,27605.0
4619,Postres Individuales,48331.0,8,0.1,42.2,8.8,16200.0,364253.0
4620,Tortas Personalizadas,36028.0,5,0.05,13.6,6.3,12450.0,184053.0
4621,Bebidas,13086.0,3,0.05,14.1,3.9,8850.0,46071.0
4622,Tortas Personalizadas,69154.0,6,0.1,13.3,2.4,6600.0,380966.0
4623,Tortas Personalizadas,78206.0,6,0.1,8.2,7.1,13650.0,438324.0
4624,Panaderia Artesanal,65528.0,14,0.0,20.2,9.2,16800.0,935791.0
4625,Postres Individuales,70794.0,5,0.1,35.6,14.6,24900.0,346828.0
4626,Tortas Personalizadas,22319.0,5,0.0,32.5,4.2,9300.0,122157.0
4627,Panaderia Artesanal,26086.0,6,0.15,40.7,0.9,4350.0,134634.0
4628,Galletas y Brownies,21682.0,2,0.0,17.0,11.2,19800.0,64129.0
4629,Panaderia Artesanal,66205.0,6,0.0,26.4,3.9,8850.0,404972.0
4630,Panaderia Artesanal,80833.0,2,0.1,34.8,7.5,14250.0,161717.0
4631,Panaderia Artesanal,62347.0,3,0.05,40.6,12.2,21300.0,198579.0
4632,Tortas Personalizadas,75517.0,2,0.0,39.4,1.0,4500.0,153546.0
4633,Tortas Personalizadas,56096.0,1,0.0,21.8,2.6,6900.0,63503.0
4634,Galletas y Brownies,36013.0,12,0.2,40.9,1.9,5850.0,351159.0
4635,Bebidas,39061.0,1,0.0,20.8,3.9,8850.0,48547.0
4636,Bebidas,11026.0,9,0.0,40.8,3.0,7500.0,107261.0
4637,Bebidas,7517.0,13,0.05,35.3,5.1,10650.0,104028.0
4638,Galletas y Brownies,60638.0,4,0.05,11.1,11.3,19950.0,250936.0
4639,Bebidas,40074.0,5,0.1,41.9,1.1,4650.0,186292.0
4640,Bebidas,49177.0,10,0.1,12.0,1.6,5400.0,448258.0
4641,Panaderia Artesanal,49613.0,14,0.15,41.0,8.7,16050.0,606259.0
4642,Tortas Personalizadas,27190.0,7,0.15,28.3,8.0,15000.0,176399.0
4643,Tortas Personalizadas,43071.0,2,0.1,30.5,7.4,14100.0,91093.0
4644,Panaderia Artesanal,42661.0,12,0.0,6.3,8.0,15000.0,526526.0
4645,Panaderia Artesanal,36074.0,11,0.0,4.4,11.3,19950.0,418055.0
4646,Panaderia Artesanal,70654.0,10,0.05,43.6,8.9,16350.0,689560.0
4647,Tortas Personalizadas,41093.0,9,0.05,16.2,7.1,13650.0,366190.0
4648,Bebidas,53292.0,12,0.0,38.2,1.7,5550.0,645519.0
4649,Panaderia Artesanal,76642.0,4,0.05,32.1,14.6,24900.0,316282.0
4650,Galletas y Brownies,74299.0,10,0.15,27.8,4.0,9000.0,640902.0
4651,Panaderia Artesanal,76234.0,10,0.0,31.3,13.1,22650.0,785367.0
4652,Postres Individuales,26600.0,13,0.05,5.4,6.0,12000.0,339625.0
4653,Panaderia Artesanal,7799.0,13,0.05,19.4,10.4,18600.0,113844.0
4654,Tortas Personalizadas,25885.0,1,0.0,27.9,7.1,13650.0,39670.0
4655,Panaderia Artesanal,27297.0,8,0.05,39.2,5.6,11400.0,217582.0
4656,Postres Individuales,77749.0,4,0.0,32.6,9.4,17100.0,326915.0
4657,Galletas y Brownies,56939.0,7,0.05,12.5,8.3,15450.0,393083.0
4658,Bebidas,11536.0,3,0.1,44.3,3.9,8850.0,41779.0
4659,Panaderia Artesanal,15830.0,11,0.1,29.5,5.4,11100.0,170061.0
4660,Postres Individuales,17454.0,12,0.0,23.3,1.0,4500.0,213953.0
4661,Postres Individuales,55434.0,9,0.0,35.5,3.3,7950.0,506951.0
4662,Galletas y Brownies,63833.0,13,0.1,27.7,5.4,11100.0,759032.0
4663,Tortas Personalizadas,73772.0,5,0.0,32.4,14.6,24900.0,392419.0
4664,Panaderia Artesanal,80251.0,5,0.0,28.3,8.1,15150.0,416589.0
4665,Postres Individuales,21136.0,3,0.0,9.3,10.7,19050.0,85435.0
4666,Galletas y Brownies,29782.0,11,0.1,25.1,10.3,18450.0,313201.0
4667,Bebidas,24226.0,9,0.1,13.8,14.7,25050.0,221125.0
4668,Postres Individuales,33701.0,3,0.2,26.3,8.6,15900.0,96658.0
4669,Galletas y Brownies,78173.0,2,0.0,7.0,9.0,16500.0,172494.0
4670,Tortas Personalizadas,51009.0,11,0.0,11.6,4.9,10350.0,572092.0
4671,Tortas Personalizadas,64055.0,13,0.05,36.7,9.6,17400.0,808940.0
4672,Postres Individuales,44210.0,9,0.1,19.1,11.5,20250.0,375286.0
4673,Postres Individuales,7309.0,12,0.0,30.8,2.0,6000.0,94581.0
4674,Panaderia Artesanal,10136.0,12,0.0,23.2,7.5,14250.0,134438.0
4675,Galletas y Brownies,48034.0,9,0.0,16.3,6.6,12900.0,446211.0
4676,Postres Individuales,62503.0,10,0.1,23.0,2.1,6150.0,568731.0
4677,Panaderia Artesanal,22226.0,12,0.0,36.9,5.4,11100.0,278024.0
4678,Panaderia Artesanal,62753.0,13,0.2,13.7,8.3,15450.0,668404.0
4679,Postres Individuales,69853.0,4,0.05,19.8,9.9,17850.0,282483.0
4680,Tortas Personalizadas,37952.0,4,0.0,10.3,4.7,10050.0,160967.0
4681,Galletas y Brownies,64714.0,13,0.0,16.8,7.4,14100.0,856504.0
4682,Galletas y Brownies,37322.0,11,0.0,40.0,11.1,19650.0,429415.0
4683,Tortas Personalizadas,59268.0,10,0.05,35.7,6.6,12900.0,574359.0
4684,Postres Individuales,66120.0,13,0.1,17.8,14.1,24150.0,798478.0
4685,Galletas y Brownies,84354.0,13,0.0,7.3,0.9,4350.0,1101604.0
4686,Postres Individuales,32632.0,6,0.05,19.8,4.3,9450.0,195395.0
4687,Postres Individuales,37883.0,9,0.1,35.1,2.4,6600.0,313778.0
4688,Panaderia Artesanal,18250.0,8,0.0,3.4,8.3,15450.0,161624.0
4689,Tortas Personalizadas,21326.0,10,0.0,33.9,3.1,7650.0,221826.0
4690,Postres Individuales,60472.0,3,0.0,31.1,11.3,19950.0,202623.0
4691,Bebidas,78364.0,6,0.0,4.3,13.8,23700.0,494669.0
4692,Tortas Personalizadas,36568.0,13,0.0,29.2,3.5,8250.0,484978.0
4693,Galletas y Brownies,19388.0,7,0.0,14.5,13.6,23400.0,161550.0
4694,Panaderia Artesanal,27808.0,6,0.0,9.2,9.7,17550.0,185093.0
4695,Galletas y Brownies,41404.0,3,0.15,18.2,3.3,7950.0,113446.0
4696,Galletas y Brownies,28252.0,14,0.0,10.4,11.2,19800.0,412980.0
4697,Tortas Personalizadas,23686.0,14,0.0,37.4,1.8,5700.0,335351.0
4698,Galletas y Brownies,63879.0,14,0.1,33.8,10.5,18750.0,824186.0
4699,Postres Individuales,5628.0,13,0.0,44.2,13.0,22500.0,95281.0
4700,Galletas y Brownies,48138.0,13,0.0,24.7,14.3,24450.0,649508.0
4701,Panaderia Artesanal,68501.0,9,0.0,5.4,1.3,4950.0,622317.0
4702,Panaderia Artesanal,26298.0,4,0.15,17.5,1.4,5100.0,95583.0
4703,Bebidas,53263.0,2,0.0,38.0,14.0,24000.0,131030.0
4704,Panaderia Artesanal,58512.0,9,0.15,18.8,11.9,20850.0,467878.0
4705,Galletas y Brownies,57402.0,3,0.1,21.3,11.7,20550.0,178498.0
4706,Panaderia Artesanal,40668.0,6,0.05,19.4,11.3,19950.0,251638.0
4707,Tortas Personalizadas,32726.0,5,0.1,11.7,10.9,19350.0,167993.0
4708,Panaderia Artesanal,71874.0,14,0.0,4.7,9.4,17100.0,1023006.0
4709,Postres Individuales,65676.0,13,0.0,9.4,12.3,21450.0,873664.0
4710,Tortas Personalizadas,30700.0,2,0.0,17.3,1.0,4500.0,66021.0
4711,Bebidas,13242.0,1,0.0,12.2,11.2,19800.0,36781.0
4712,Postres Individuales,10745.0,9,0.2,26.4,9.0,16500.0,95333.0
4713,Galletas y Brownies,12542.0,3,0.05,28.2,13.7,23550.0,59148.0
4714,Galletas y Brownies,51630.0,7,0.0,26.3,14.1,24150.0,386411.0
4715,Galletas y Brownies,9133.0,9,0.1,5.2,4.0,9000.0,82501.0
4716,Postres Individuales,31954.0,9,0.2,30.5,11.9,20850.0,251959.0
4717,Postres Individuales,65256.0,12,0.2,18.2,14.4,24600.0,653970.0
4718,Postres Individuales,28548.0,10,0.1,39.7,4.4,9600.0,265739.0
4719,Tortas Personalizadas,66065.0,6,0.0,24.4,12.8,22200.0,418999.0
4720,Tortas Personalizadas,64637.0,8,0.0,5.2,9.0,16500.0,534172.0
4721,Galletas y Brownies,24666.0,9,0.0,1.9,6.2,12300.0,233726.0
4722,Panaderia Artesanal,63306.0,3,0.0,32.1,12.4,21600.0,210879.0
4723,Galletas y Brownies,64822.0,6,0.0,18.9,13.1,22650.0,411850.0
4724,Bebidas,36796.0,5,0.15,14.0,4.6,9900.0,165331.0
4725,Tortas Personalizadas,21834.0,7,0.15,21.0,12.0,21000.0,152460.0
4726,Postres Individuales,46702.0,7,0.05,4.6,1.2,4800.0,315123.0
4727,Tortas Personalizadas,78712.0,9,0.1,18.6,6.6,12900.0,650281.0
4728,Postres Individuales,56169.0,1,0.05,15.2,1.5,5250.0,57210.0
4729,Bebidas,18834.0,6,0.0,36.3,4.8,10200.0,121976.0
4730,Bebidas,59621.0,5,0.15,9.1,14.3,24450.0,277115.0
4731,Tortas Personalizadas,39176.0,4,0.0,34.4,11.2,19800.0,175784.0
4732,Postres Individuales,52322.0,10,0.1,23.3,11.5,20250.0,489612.0
4733,Bebidas,63725.0,12,0.0,5.1,2.5,6750.0,772723.0
4734,Galletas y Brownies,46196.0,11,0.15,43.7,8.9,16350.0,450443.0
4735,Galletas y Brownies,70119.0,14,0.05,33.4,6.1,12150.0,944505.0
4736,Postres Individuales,62772.0,1,0.05,12.8,11.1,19650.0,77936.0
4737,Tortas Personalizadas,54206.0,4,0.0,26.8,2.8,7200.0,222785.0
4738,Bebidas,17063.0,10,0.0,40.6,4.6,9900.0,180862.0
4739,Tortas Personalizadas,71876.0,11,0.05,42.0,13.5,23250.0,774515.0
4740,Galletas y Brownies,79872.0,7,0.0,33.3,3.0,7500.0,564279.0
4741,Bebidas,15957.0,4,0.15,33.2,9.7,17550.0,68657.0
4742,Tortas Personalizadas,44059.0,1,0.1,13.6,5.1,10650.0,50449.0
4743,Panaderia Artesanal,25711.0,10,0.0,44.6,1.7,5550.0,263761.0
4744,Postres Individuales,65362.0,1,0.0,12.1,3.7,8550.0,75718.0
4745,Postres Individuales,62730.0,1,0.1,5.4,13.1,22650.0,78185.0
4746,Panaderia Artesanal,16271.0,11,0.0,44.0,13.7,23550.0,204243.0
4747,Galletas y Brownies,75162.0,10,0.0,8.1,6.6,12900.0,764156.0
4748,Bebidas,19478.0,5,0.0,24.2,9.5,17250.0,112895.0
4749,Postres Individuales,68781.0,7,0.0,21.9,8.0,15000.0,499194.0
4750,Panaderia Artesanal,41558.0,9,0.0,38.4,4.6,9900.0,381500.0
4751,Panaderia Artesanal,31262.0,8,0.0,18.8,5.5,11250.0,261097.0
4752,Galletas y Brownies,17659.0,2,0.05,23.3,8.1,15150.0,47743.0
4753,Galletas y Brownies,18409.0,9,0.05,3.4,10.6,18900.0,176879.0
4754,Tortas Personalizadas,57951.0,4,0.05,10.5,5.6,11400.0,233051.0
4755,Postres Individuales,49034.0,12,0.0,37.7,10.6,18900.0,604598.0
4756,Tortas Personalizadas,14767.0,10,0.15,22.3,14.4,24600.0,149187.0
4757,Panaderia Artesanal,14016.0,11,0.1,11.5,0.9,4350.0,144545.0
4758,Bebidas,10785.0,5,0.0,17.5,2.9,7350.0,60001.0
4759,Bebidas,64501.0,12,0.05,13.9,13.8,23700.0,756701.0
4760,Galletas y Brownies,61951.0,11,0.0,25.7,1.5,5250.0,686062.0
4761,Bebidas,9674.0,5,0.0,3.7,11.6,20400.0,67877.0
4762,Bebidas,49822.0,4,0.2,11.3,9.5,17250.0,177872.0
4763,Bebidas,11774.0,13,0.0,16.9,1.2,4800.0,157982.0
4764,Panaderia Artesanal,77300.0,6,0.05,41.9,0.5,3750.0,443277.0
4765,Bebidas,77569.0,1,0.0,28.6,7.8,14700.0,93729.0
4766,Bebidas,60859.0,2,0.15,23.4,2.2,6300.0,109766.0
4767,Bebidas,79095.0,4,0.0,9.8,13.1,22650.0,336973.0
4768,Tortas Personalizadas,69916.0,4,0.0,25.8,7.5,14250.0,292928.0
4769,Panaderia Artesanal,71283.0,8,0.05,41.9,3.9,8850.0,549849.0
4770,Galletas y Brownies,50577.0,9,0.05,26.1,2.9,7350.0,442757.0
4771,Tortas Personalizadas,29485.0,12,0.05,8.7,12.6,21900.0,357773.0
4772,Postres Individuales,22424.0,4,0.05,44.9,10.9,19350.0,102646.0
4773,Panaderia Artesanal,31176.0,6,0.0,23.2,10.9,19350.0,206190.0
4774,Panaderia Artesanal,55280.0,4,0.0,15.4,1.7,5550.0,227716.0
4775,Postres Individuales,18813.0,4,0.05,23.4,9.6,17400.0,88781.0
4776,Postres Individuales,25691.0,12,0.05,13.0,13.1,22650.0,317162.0
4777,Postres Individuales,42445.0,11,0.0,2.8,11.6,20400.0,488435.0
4778,Galletas y Brownies,23644.0,12,0.1,40.2,2.2,6300.0,262683.0
4779,Bebidas,52091.0,9,0.15,20.2,14.3,24450.0,423968.0
4780,Panaderia Artesanal,78854.0,14,0.1,34.3,1.5,5250.0,1000733.0
4781,Bebidas,64847.0,4,0.0,43.7,8.6,15900.0,276907.0
4782,Bebidas,58314.0,13,0.0,29.0,14.2,24300.0,780742.0
4783,Postres Individuales,51618.0,6,0.0,31.6,12.4,21600.0,329688.0
4784,Galletas y Brownies,44036.0,14,0.0,42.5,10.4,18600.0,635995.0
4785,Tortas Personalizadas,19925.0,13,0.0,24.0,12.9,22350.0,280037.0
4786,Galletas y Brownies,76577.0,9,0.0,15.4,10.3,18450.0,705982.0
4787,Bebidas,24883.0,3,0.0,41.6,1.3,4950.0,80933.0
4788,Galletas y Brownies,12305.0,7,0.0,4.5,5.6,11400.0,96901.0
4789,Postres Individuales,65001.0,7,0.0,10.8,6.7,13050.0,469137.0
4790,Tortas Personalizadas,19049.0,1,0.0,16.3,8.4,15600.0,35552.0
4791,Postres Individuales,34752.0,11,0.0,35.5,3.8,8700.0,391017.0
4792,Tortas Personalizadas,7263.0,2,0.0,40.8,13.3,22950.0,38785.0
4793,Bebidas,15965.0,5,0.0,21.2,3.8,8700.0,89285.0
4794,Tortas Personalizadas,18856.0,8,0.15,13.9,10.0,18000.0,147525.0
4795,Tortas Personalizadas,9353.0,6,0.1,16.9,13.2,22800.0,71233.0
4796,Tortas Personalizadas,57533.0,14,0.0,30.1,11.1,19650.0,824874.0
4797,Galletas y Brownies,71961.0,14,0.15,8.4,2.5,6750.0,861011.0
4798,Galletas y Brownies,34865.0,13,0.0,25.3,14.3,24450.0,477202.0
4799,Bebidas,74966.0,13,0.05,27.1,1.8,5700.0,930019.0
4800,Tortas Personalizadas,22068.0,7,0.0,32.3,3.4,8100.0,161090.0
4801,Panaderia Artesanal,31031.0,3,0.1,27.8,2.5,6750.0,90606.0
4802,Bebidas,17059.0,6,0.0,5.7,10.2,18300.0,123071.0
4803,Tortas Personalizadas,54645.0,9,0.0,31.5,12.2,21300.0,513609.0
4804,Tortas Personalizadas,38590.0,3,0.0,2.4,4.0,9000.0,125161.0
4805,Galletas y Brownies,54063.0,14,0.15,18.5,14.7,25050.0,666268.0
4806,Bebidas,65934.0,13,0.0,19.6,2.5,6750.0,866458.0
4807,Tortas Personalizadas,48656.0,13,0.0,6.6,5.1,10650.0,643494.0
4808,Tortas Personalizadas,55210.0,13,0.0,1.9,7.6,14400.0,733797.0
4809,Bebidas,79820.0,6,0.1,4.6,12.2,21300.0,451674.0
4810,Panaderia Artesanal,28925.0,7,0.0,20.9,6.0,12000.0,215470.0
4811,Bebidas,33733.0,5,0.05,12.0,3.1,7650.0,165762.0
4812,Bebidas,62416.0,10,0.0,4.5,7.2,13800.0,638444.0
4813,Panaderia Artesanal,53904.0,13,0.05,12.7,7.4,14100.0,680916.0
4814,Bebidas,19283.0,8,0.0,24.5,0.7,4050.0,160828.0
4815,Tortas Personalizadas,35092.0,8,0.0,33.8,0.8,4200.0,287990.0
4816,Bebidas,42427.0,6,0.15,19.4,4.5,9750.0,227357.0
4817,Panaderia Artesanal,38551.0,7,0.05,28.2,11.2,19800.0,274386.0
4818,Postres Individuales,19262.0,3,0.2,27.5,5.8,11700.0,57210.0
4819,Bebidas,78954.0,13,0.1,40.5,3.6,8400.0,931473.0
4820,Galletas y Brownies,65986.0,7,0.0,9.3,2.1,6150.0,469878.0
4821,Tortas Personalizadas,43508.0,7,0.05,22.2,4.6,9900.0,299211.0
4822,Tortas Personalizadas,59405.0,4,0.1,29.0,7.5,14250.0,228549.0
4823,Galletas y Brownies,76783.0,10,0.0,24.1,1.9,5850.0,776723.0
4824,Galletas y Brownies,15894.0,14,0.0,21.1,0.7,4050.0,226395.0
4825,Bebidas,25030.0,13,0.0,43.8,2.3,6450.0,330318.0
4826,Galletas y Brownies,48416.0,4,0.0,42.5,11.2,19800.0,214258.0
4827,Postres Individuales,68921.0,14,0.0,28.1,7.3,13950.0,977489.0
4828,Panaderia Artesanal,7900.0,3,0.15,20.6,7.0,13500.0,32496.0
4829,Galletas y Brownies,83721.0,10,0.1,34.4,0.8,4200.0,757657.0
4830,Galletas y Brownies,41393.0,7,0.05,23.8,10.8,19200.0,297801.0
4831,Postres Individuales,33738.0,5,0.0,44.8,3.4,8100.0,176315.0
4832,Tortas Personalizadas,28418.0,3,0.0,31.3,1.8,5700.0,91894.0
4833,Tortas Personalizadas,18949.0,6,0.05,4.5,12.7,22050.0,129715.0
4834,Bebidas,68326.0,12,0.05,19.0,7.5,14250.0,793416.0
4835,Postres Individuales,81433.0,6,0.1,33.3,11.4,20100.0,461922.0
4836,Panaderia Artesanal,38092.0,6,0.15,38.1,12.4,21600.0,216994.0
4837,Panaderia Artesanal,81194.0,2,0.0,36.9,14.5,24750.0,187193.0
4838,Postres Individuales,70904.0,13,0.0,44.0,9.5,17250.0,938612.0
4839,Panaderia Artesanal,43484.0,11,0.0,22.8,1.5,5250.0,485861.0
4840,Tortas Personalizadas,58922.0,10,0.0,7.6,8.6,15900.0,607758.0
4841,Panaderia Artesanal,39799.0,12,0.0,29.9,7.9,14850.0,492574.0
4842,Panaderia Artesanal,49698.0,7,0.15,4.6,1.3,4950.0,301984.0
4843,Postres Individuales,9644.0,13,0.2,43.8,4.9,10350.0,112302.0
4844,Postres Individuales,60701.0,7,0.15,34.5,6.5,12750.0,372844.0
4845,Panaderia Artesanal,9226.0,10,0.15,44.2,2.8,7200.0,85368.0
4846,Galletas y Brownies,70367.0,12,0.2,17.9,0.6,3900.0,680538.0
4847,Postres Individuales,70996.0,4,0.15,2.2,11.5,20250.0,262077.0
4848,Bebidas,23966.0,11,0.05,24.2,12.8,22200.0,271726.0
4849,Bebidas,30893.0,6,0.0,6.8,3.8,8700.0,193169.0
4850,Tortas Personalizadas,43505.0,4,0.0,31.1,0.6,3900.0,179123.0
4851,Panaderia Artesanal,52733.0,4,0.0,23.1,13.4,23100.0,232639.0
4852,Galletas y Brownies,27988.0,6,0.0,34.3,2.4,6600.0,173984.0
4853,Tortas Personalizadas,52399.0,9,0.1,14.2,6.3,12450.0,435645.0
4854,Panaderia Artesanal,28823.0,12,0.0,37.6,5.8,11700.0,358371.0
4855,Postres Individuales,9439.0,13,0.0,29.8,2.9,7350.0,131804.0
4856,Bebidas,5202.0,7,0.0,44.5,9.2,16800.0,49471.0
4857,Galletas y Brownies,13092.0,2,0.0,9.3,13.8,23700.0,48320.0
4858,Bebidas,68380.0,14,0.0,3.7,7.9,14850.0,971645.0
4859,Postres Individuales,81915.0,6,0.0,38.5,14.6,24900.0,517729.0
4860,Panaderia Artesanal,39157.0,14,0.0,16.2,3.3,7950.0,554028.0
4861,Postres Individuales,46015.0,5,0.0,20.3,12.8,22200.0,253388.0
4862,Postres Individuales,16748.0,6,0.05,41.8,4.2,9300.0,106966.0
4863,Bebidas,49083.0,13,0.0,20.7,4.1,9150.0,647375.0
4864,Galletas y Brownies,16572.0,8,0.05,14.5,2.2,6300.0,132845.0
4865,Postres Individuales,53897.0,8,0.0,4.1,13.0,22500.0,453600.0
4866,Bebidas,79661.0,3,0.0,20.8,11.0,19500.0,256163.0
4867,Galletas y Brownies,20656.0,9,0.05,30.0,5.5,11250.0,187131.0
4868,Panaderia Artesanal,66165.0,6,0.0,13.2,5.6,11400.0,409794.0
4869,Panaderia Artesanal,6880.0,7,0.0,32.7,12.7,22050.0,71471.0
4870,Tortas Personalizadas,35040.0,9,0.15,22.3,13.9,23850.0,292954.0
4871,Bebidas,13860.0,14,0.05,38.8,9.2,16800.0,200911.0
4872,Galletas y Brownies,33198.0,13,0.0,8.5,6.4,12600.0,445172.0
4873,Postres Individuales,18883.0,7,0.15,34.4,1.3,4950.0,117389.0
4874,Panaderia Artesanal,34864.0,10,0.15,42.1,2.3,6450.0,300230.0
4875,Galletas y Brownies,38402.0,9,0.0,33.8,2.6,6900.0,351191.0
4876,Bebidas,29047.0,1,0.1,19.2,4.5,9750.0,34947.0
4877,Tortas Personalizadas,57530.0,13,0.1,11.5,4.2,9300.0,680507.0
4878,Panaderia Artesanal,78508.0,1,0.0,5.8,8.4,15600.0,93977.0
4879,Galletas y Brownies,37048.0,3,0.1,29.4,14.2,24300.0,125445.0
4880,Galletas y Brownies,20387.0,13,0.0,7.7,13.0,22500.0,290287.0
4881,Galletas y Brownies,26658.0,9,0.05,38.0,7.9,14850.0,241822.0
4882,Bebidas,73320.0,1,0.05,43.3,0.8,4200.0,72929.0
4883,Bebidas,50731.0,1,0.0,7.4,1.5,5250.0,57365.0
4884,Bebidas,41401.0,5,0.15,17.9,13.0,22500.0,197485.0
4885,Postres Individuales,16971.0,8,0.1,42.3,4.6,9900.0,133773.0
4886,Galletas y Brownies,40978.0,2,0.15,22.0,5.1,10650.0,80350.0
4887,Panaderia Artesanal,27279.0,4,0.0,24.8,2.5,6750.0,115380.0
4888,Bebidas,80453.0,6,0.0,34.0,3.7,8550.0,490927.0
4889,Bebidas,75726.0,1,0.1,10.7,4.1,9150.0,79928.0
4890,Galletas y Brownies,11712.0,4,0.0,44.1,6.5,12750.0,59504.0
4891,Bebidas,46332.0,4,0.0,35.5,9.5,17250.0,200673.0
4892,Postres Individuales,23005.0,9,0.1,8.5,5.6,11400.0,200494.0
4893,Postres Individuales,37862.0,9,0.0,6.3,7.0,13500.0,355439.0
4894,Bebidas,75148.0,6,0.0,42.2,3.1,7650.0,458868.0
4895,Galletas y Brownies,47201.0,8,0.0,31.3,1.3,4950.0,378207.0
4896,Galletas y Brownies,31737.0,12,0.0,3.2,5.5,11250.0,391131.0
4897,Galletas y Brownies,21631.0,10,0.0,7.7,1.4,5100.0,221297.0
4898,Tortas Personalizadas,69026.0,4,0.0,3.6,4.8,10200.0,284330.0
4899,Bebidas,54961.0,10,0.0,43.9,12.6,21900.0,570796.0
4900,Galletas y Brownies,42445.0,8,0.1,23.2,5.8,11700.0,315756.0
4901,Postres Individuales,22399.0,3,0.0,21.6,3.3,7950.0,75615.0
4902,Panaderia Artesanal,31740.0,2,0.05,43.1,13.6,23400.0,84959.0
4903,Panaderia Artesanal,81787.0,6,0.0,23.5,9.8,17700.0,509574.0
4904,Galletas y Brownies,46607.0,5,0.05,24.0,14.8,25200.0,247726.0
4905,Panaderia Artesanal,37056.0,8,0.2,44.3,4.9,10350.0,246515.0
4906,Panaderia Artesanal,46714.0,1,0.05,6.3,3.4,8100.0,55060.0
4907,Tortas Personalizadas,67319.0,11,0.05,44.4,4.8,10200.0,714085.0
4908,Postres Individuales,32209.0,12,0.0,8.7,12.3,21450.0,405008.0
4909,Postres Individuales,19296.0,10,0.0,22.1,2.7,7050.0,200855.0
4910,Tortas Personalizadas,51795.0,3,0.15,16.2,4.0,9000.0,139855.0
4911,Tortas Personalizadas,58216.0,7,0.1,43.1,10.7,19050.0,385447.0
4912,Panaderia Artesanal,62017.0,13,0.05,22.6,11.2,19800.0,786106.0
4913,Bebidas,75559.0,10,0.15,2.5,14.4,24600.0,667451.0
4914,Panaderia Artesanal,34694.0,14,0.0,11.1,14.7,25050.0,512362.0
4915,Tortas Personalizadas,11028.0,12,0.05,20.2,10.1,18150.0,144167.0
4916,Postres Individuales,81668.0,4,0.0,30.9,5.8,11700.0,340362.0
4917,Panaderia Artesanal,39801.0,10,0.05,25.9,7.1,13650.0,391143.0
4918,Bebidas,54861.0,5,0.0,38.5,6.9,13350.0,289269.0
4919,Panaderia Artesanal,58304.0,8,0.15,37.5,6.1,12150.0,406682.0
4920,Galletas y Brownies,48721.0,1,0.1,27.2,5.4,11100.0,52997.0
4921,Panaderia Artesanal,21421.0,1,0.0,26.4,2.9,7350.0,29516.0
4922,Tortas Personalizadas,65411.0,12,0.05,13.6,5.8,11700.0,755562.0
4923,Postres Individuales,69300.0,7,0.1,43.2,14.6,24900.0,462824.0
4924,Postres Individuales,49238.0,13,0.0,4.8,13.3,22950.0,663643.0
4925,Tortas Personalizadas,44085.0,12,0.0,18.8,9.5,17250.0,547795.0
4926,Galletas y Brownies,14115.0,9,0.0,30.2,3.3,7950.0,136045.0
4927,Tortas Personalizadas,11716.0,4,0.0,42.6,13.2,22800.0,71349.0
4928,Panaderia Artesanal,32165.0,8,0.05,23.3,5.0,10500.0,256569.0
4929,Tortas Personalizadas,29868.0,10,0.0,40.5,8.4,15600.0,314631.0
4930,Tortas Personalizadas,81293.0,7,0.0,6.1,13.7,23550.0,592481.0
4931,Galletas y Brownies,67690.0,14,0.05,24.6,5.4,11100.0,913062.0
4932,Panaderia Artesanal,57794.0,2,0.2,15.2,13.7,23550.0,118704.0
4933,Bebidas,46412.0,14,0.1,36.1,3.9,8850.0,593253.0
4934,Bebidas,18389.0,5,0.05,20.9,14.0,24000.0,113052.0
4935,Postres Individuales,83277.0,9,0.0,22.2,5.7,11550.0,760716.0
4936,Tortas Personalizadas,35003.0,13,0.0,4.3,5.9,11850.0,466381.0
4937,Postres Individuales,13554.0,13,0.0,20.6,8.5,15750.0,192872.0
4938,Galletas y Brownies,44504.0,9,0.1,5.0,5.5,11250.0,372955.0
4939,Bebidas,74920.0,3,0.0,14.5,7.0,13500.0,239145.0
4940,Tortas Personalizadas,75983.0,11,0.0,7.0,7.8,14700.0,850759.0
4941,Galletas y Brownies,5877.0,12,0.15,16.0,7.6,14400.0,74635.0
4942,Galletas y Brownies,75904.0,3,0.0,11.4,14.4,24600.0,250391.0
4943,Tortas Personalizadas,26719.0,2,0.15,13.9,4.6,9900.0,55510.0
4944,Galletas y Brownies,8118.0,7,0.15,8.0,4.6,9900.0,60245.0
4945,Tortas Personalizadas,72823.0,6,0.0,20.6,12.6,21900.0,460581.0
4946,Tortas Personalizadas,74109.0,5,0.15,23.1,6.2,12300.0,326370.0
4947,Panaderia Artesanal,52698.0,7,0.0,37.9,1.6,5400.0,375204.0
4948,Postres Individuales,50955.0,4,0.2,24.9,7.5,14250.0,178059.0
4949,Galletas y Brownies,70050.0,5,0.0,11.5,8.5,15750.0,368547.0
4950,Galletas y Brownies,67905.0,9,0.1,33.5,9.5,17250.0,568696.0
4951,Panaderia Artesanal,76208.0,11,0.1,14.4,3.9,8850.0,763832.0
4952,Panaderia Artesanal,49220.0,9,0.05,34.4,14.6,24900.0,446782.0
4953,Panaderia Artesanal,82412.0,4,0.05,18.3,11.2,19800.0,331957.0
4954,Bebidas,84692.0,6,0.15,23.8,10.9,19350.0,451746.0
4955,Bebidas,14324.0,2,0.15,23.4,13.2,22800.0,50236.0
4956,Bebidas,72964.0,3,0.05,43.1,0.9,4350.0,212419.0
4957,Tortas Personalizadas,44986.0,9,0.05,8.2,9.4,17100.0,401184.0
4958,Galletas y Brownies,36005.0,6,0.0,42.3,12.4,21600.0,239563.0
4959,Postres Individuales,54046.0,8,0.1,25.9,1.0,4500.0,393155.0
4960,Tortas Personalizadas,9477.0,11,0.05,44.7,11.5,20250.0,117947.0
4961,Galletas y Brownies,45517.0,5,0.1,26.4,14.9,25350.0,232508.0
4962,Galletas y Brownies,74671.0,2,0.05,30.1,9.1,16650.0,157872.0
4963,Panaderia Artesanal,22077.0,7,0.0,34.1,6.7,13050.0,167510.0
4964,Panaderia Artesanal,39111.0,6,0.0,37.2,7.1,13650.0,247985.0
4965,Tortas Personalizadas,80158.0,11,0.0,22.3,10.4,18600.0,903230.0
4966,Panaderia Artesanal,39285.0,2,0.05,31.0,8.8,16200.0,87834.0
4967,Galletas y Brownies,33669.0,6,0.0,28.2,11.9,20850.0,223770.0
4968,Panaderia Artesanal,40243.0,13,0.05,19.2,6.6,12900.0,508020.0
4969,Bebidas,46556.0,8,0.0,37.2,6.6,12900.0,386971.0
4970,Panaderia Artesanal,55559.0,13,0.0,9.9,11.3,19950.0,741415.0
4971,Galletas y Brownies,69055.0,1,0.0,8.8,9.9,17850.0,86512.0
4972,Tortas Personalizadas,41168.0,4,0.0,33.5,11.8,20700.0,185008.0
4973,Postres Individuales,70398.0,1,0.0,29.2,13.4,23100.0,93653.0
4974,Panaderia Artesanal,47698.0,2,0.1,15.3,4.3,9450.0,93906.0
4975,Galletas y Brownies,32078.0,1,0.0,29.1,5.1,10650.0,44340.0
4976,Postres Individuales,57636.0,6,0.0,35.0,8.1,15150.0,360060.0
4977,Postres Individuales,62418.0,11,0.15,10.9,14.0,24000.0,606986.0
4978,Bebidas,49644.0,6,0.0,26.8,12.6,21900.0,318257.0
4979,Postres Individuales,9529.0,1,0.1,37.4,7.3,13950.0,24065.0
4980,Galletas y Brownies,18591.0,4,0.2,19.4,8.8,16200.0,75428.0
4981,Galletas y Brownies,27824.0,14,0.05,26.4,10.8,19200.0,391580.0
4982,Panaderia Artesanal,27610.0,14,0.05,4.9,8.1,15150.0,377774.0
4983,Panaderia Artesanal,58874.0,14,0.0,37.6,1.9,5850.0,831309.0
4984,Panaderia Artesanal,6468.0,4,0.0,36.1,5.6,11400.0,35491.0
4985,Postres Individuales,65455.0,8,0.0,21.3,1.2,4800.0,527350.0
4986,Postres Individuales,26227.0,6,0.0,6.7,10.2,18300.0,175657.0
4987,Bebidas,29802.0,2,0.0,30.2,5.4,11100.0,71705.0
4988,Panaderia Artesanal,47233.0,5,0.1,26.4,11.2,19800.0,236586.0
4989,Tortas Personalizadas,22274.0,4,0.0,41.5,6.7,13050.0,101029.0
4990,Bebidas,75758.0,10,0.1,13.7,1.2,4800.0,685627.0
4991,Tortas Personalizadas,11830.0,4,0.05,2.9,6.0,12000.0,56006.0
4992,Postres Individuales,40551.0,12,0.0,12.6,3.7,8550.0,494575.0
4993,Bebidas,72954.0,8,0.0,20.1,3.6,8400.0,593596.0
4994,Bebidas,54268.0,5,0.0,8.3,6.0,12000.0,283470.0
4995,Galletas y Brownies,28386.0,3,0.05,44.1,14.7,25050.0,108435.0
4996,Postres Individuales,38661.0,10,0.0,11.2,14.4,24600.0,413262.0
4997,Postres Individuales,61536.0,12,0.05,31.0,12.2,21300.0,723861.0
4998,Bebidas,82861.0,4,0.05,21.3,4.1,9150.0,323505.0
4999,Postres Individuales,76451.0,1,0.1,25.6,11.6,20400.0,86499.0
5000,Bebidas,32395.0,6,0.0,42.1,0.7,4050.0,198275.0
5001,Galletas y Brownies,84856.0,11,0.05,24.6,1.3,4950.0,890559.0
5002,Bebidas,5280.0,13,0.0,14.8,12.6,21900.0,90447.0
5003,Postres Individuales,7210.0,10,0.0,11.1,8.7,16050.0,87675.0
5004,Postres Individuales,70907.0,4,0.0,40.3,5.9,11850.0,294915.0
5005,Bebidas,20957.0,6,0.1,44.4,11.2,19800.0,132949.0
5006,Bebidas,9862.0,2,0.2,12.5,2.2,6300.0,19458.0
5007,Bebidas,23972.0,5,0.0,32.9,4.7,10050.0,129158.0
5008,Panaderia Artesanal,39088.0,11,0.05,23.5,11.1,19650.0,430024.0
5009,Postres Individuales,63445.0,9,0.0,31.9,3.5,8250.0,580768.0
5010,Postres Individuales,54947.0,8,0.05,43.4,9.2,16800.0,434367.0
5011,Panaderia Artesanal,24010.0,3,0.0,13.5,7.0,13500.0,83041.0
5012,Bebidas,45262.0,1,0.0,33.7,3.4,8100.0,52912.0
5013,Galletas y Brownies,79097.0,10,0.05,20.6,13.4,23100.0,773707.0
5014,Bebidas,70201.0,3,0.05,29.9,6.8,13200.0,213537.0
5015,Bebidas,30855.0,8,0.0,19.2,9.2,16800.0,263872.0
5016,Panaderia Artesanal,83581.0,11,0.05,32.3,4.2,9300.0,883463.0
5017,Postres Individuales,61690.0,3,0.0,16.2,5.5,11250.0,194229.0
5018,Bebidas,9996.0,5,0.0,22.7,1.2,4800.0,51958.0
5019,Postres Individuales,7813.0,2,0.0,32.3,7.5,14250.0,29221.0
5020,Tortas Personalizadas,18473.0,1,0.15,3.4,5.5,11250.0,25385.0
5021,Postres Individuales,63228.0,11,0.15,15.8,5.3,10950.0,602420.0
5022,Galletas y Brownies,19699.0,10,0.0,25.3,13.4,23100.0,220189.0
5023,Galletas y Brownies,45919.0,14,0.05,4.7,10.7,19050.0,627900.0
5024,Bebidas,12461.0,5,0.05,32.1,7.1,13650.0,73265.0
5025,Postres Individuales,78671.0,5,0.15,36.9,3.3,7950.0,343339.0
5026,Bebidas,32517.0,6,0.15,8.6,14.6,24900.0,193148.0
5027,Panaderia Artesanal,77651.0,2,0.05,33.4,1.6,5400.0,151235.0
5028,Galletas y Brownies,80590.0,9,0.0,29.6,2.5,6750.0,731754.0
5029,Bebidas,5490.0,2,0.0,19.4,4.4,9600.0,19685.0
5030,Panaderia Artesanal,42131.0,2,0.1,8.7,14.3,24450.0,103129.0
5031,Bebidas,6972.0,12,0.2,43.0,4.5,9750.0,74044.0
5032,Postres Individuales,77695.0,5,0.0,21.7,7.6,14400.0,403998.0
5033,Postres Individuales,46473.0,9,0.1,9.5,11.5,20250.0,396066.0
5034,Postres Individuales,10996.0,4,0.05,32.7,14.0,24000.0,64272.0
5035,Postres Individuales,13822.0,6,0.0,27.9,9.3,16950.0,99582.0
5036,Tortas Personalizadas,35681.0,2,0.05,37.0,6.1,12150.0,80254.0
5037,Panaderia Artesanal,80219.0,14,0.0,44.8,14.8,25200.0,1145457.0
5038,Panaderia Artesanal,60433.0,13,0.05,3.5,0.9,4350.0,750298.0
5039,Postres Individuales,74410.0,4,0.05,33.7,12.6,21900.0,304186.0
5040,Tortas Personalizadas,34317.0,12,0.2,44.5,4.5,9750.0,336811.0
5041,Postres Individuales,8457.0,9,0.15,24.9,12.4,21600.0,87536.0
5042,Tortas Personalizadas,82945.0,2,0.0,32.6,2.9,7350.0,171723.0
5043,Postres Individuales,6374.0,1,0.0,20.7,5.5,11250.0,19515.0
5044,Galletas y Brownies,80812.0,4,0.1,17.0,1.3,4950.0,295004.0
5045,Galletas y Brownies,34494.0,4,0.05,31.8,3.4,8100.0,135953.0
5046,Bebidas,5807.0,1,0.1,44.5,9.2,16800.0,24285.0
5047,Postres Individuales,60133.0,4,0.0,5.5,11.5,20250.0,258911.0
5048,Panaderia Artesanal,83443.0,3,0.1,19.9,13.7,23550.0,247936.0
5049,Bebidas,82250.0,13,0.0,42.4,2.2,6300.0,1074471.0
5050,Galletas y Brownies,17875.0,2,0.0,6.4,2.5,6750.0,41675.0
5051,Postres Individuales,19500.0,13,0.0,29.8,14.1,24150.0,277889.0
5052,Bebidas,50243.0,10,0.15,20.2,11.6,20400.0,449205.0
5053,Postres Individuales,55984.0,4,0.05,17.9,8.3,15450.0,225159.0
5054,Galletas y Brownies,64153.0,8,0.2,10.6,7.4,14100.0,424387.0
5055,Bebidas,19484.0,7,0.1,9.2,2.8,7200.0,131497.0
5056,Galletas y Brownies,81721.0,9,0.0,24.0,6.0,12000.0,747557.0
5057,Tortas Personalizadas,56099.0,8,0.05,17.9,5.9,11850.0,438644.0
5058,Galletas y Brownies,72764.0,1,0.0,22.9,9.9,17850.0,92203.0
5059,Postres Individuales,48205.0,12,0.05,10.0,9.2,16800.0,564037.0
5060,Panaderia Artesanal,38142.0,2,0.0,16.7,1.4,5100.0,81635.0
5061,Galletas y Brownies,83175.0,12,0.05,44.8,12.8,22200.0,971621.0
5062,Panaderia Artesanal,51570.0,2,0.05,17.5,14.1,24150.0,122802.0
5063,Tortas Personalizadas,74350.0,12,0.0,19.5,11.8,20700.0,912007.0
5064,Bebidas,81263.0,8,0.0,2.4,3.1,7650.0,655063.0
5065,Bebidas,59028.0,12,0.0,18.1,3.0,7500.0,716271.0
5066,Panaderia Artesanal,48915.0,4,0.2,34.7,11.0,19500.0,175171.0
5067,Bebidas,5281.0,9,0.0,23.9,6.9,13350.0,61771.0
5068,Galletas y Brownies,8202.0,2,0.1,30.1,11.8,20700.0,34269.0
5069,Panaderia Artesanal,21068.0,14,0.0,25.7,1.6,5400.0,302421.0
5070,Postres Individuales,19881.0,4,0.0,6.1,10.9,19350.0,100424.0
5071,Galletas y Brownies,25381.0,13,0.05,15.9,6.6,12900.0,324472.0
5072,Galletas y Brownies,29395.0,13,0.1,31.7,0.9,4350.0,350747.0
5073,Galletas y Brownies,33805.0,1,0.05,25.3,8.4,15600.0,45706.0
5074,Postres Individuales,38643.0,3,0.05,30.9,10.6,18900.0,129942.0
5075,Tortas Personalizadas,12909.0,6,0.1,17.2,8.2,15300.0,84632.0
5076,Bebidas,8389.0,9,0.0,9.9,2.3,6450.0,81755.0
5077,Panaderia Artesanal,58916.0,11,0.0,37.6,12.3,21450.0,671165.0
5078,Tortas Personalizadas,47987.0,1,0.0,17.9,5.1,10650.0,59180.0
5079,Panaderia Artesanal,40532.0,5,0.0,30.0,13.9,23850.0,224632.0
5080,Bebidas,55755.0,12,0.2,18.1,13.6,23400.0,557865.0
5081,Postres Individuales,71214.0,2,0.05,41.8,3.4,8100.0,144122.0
5082,Galletas y Brownies,39215.0,7,0.0,44.6,7.4,14100.0,290212.0
5083,Galletas y Brownies,56290.0,4,0.15,29.7,2.5,6750.0,199410.0
5084,Postres Individuales,81286.0,5,0.15,27.7,10.3,18450.0,363601.0
5085,Tortas Personalizadas,72170.0,8,0.0,38.1,12.9,22350.0,599177.0
5086,Tortas Personalizadas,39080.0,2,0.15,24.0,9.9,17850.0,87287.0
5087,Panaderia Artesanal,56577.0,3,0.0,39.3,4.3,9450.0,180533.0
5088,Postres Individuales,19166.0,11,0.15,19.5,1.6,5400.0,184310.0
5089,Tortas Personalizadas,49842.0,5,0.0,2.9,1.5,5250.0,254511.0
5090,Postres Individuales,83506.0,10,0.05,41.8,9.4,17100.0,808830.0
5091,Bebidas,46465.0,4,0.0,32.9,14.3,24450.0,209800.0
5092,Galletas y Brownies,79211.0,5,0.2,23.7,10.6,18900.0,334871.0
5093,Galletas y Brownies,37587.0,3,0.0,42.6,11.1,19650.0,131843.0
5094,Galletas y Brownies,84908.0,13,0.0,40.1,5.3,10950.0,1116425.0
5095,Postres Individuales,51338.0,12,0.05,6.2,9.0,16500.0,599837.0
5096,Postres Individuales,8382.0,9,0.05,28.7,5.1,10650.0,82027.0
5097,Panaderia Artesanal,51940.0,8,0.1,24.9,13.6,23400.0,395948.0
5098,Galletas y Brownies,26966.0,14,0.1,35.3,2.4,6600.0,346754.0
5099,Panaderia Artesanal,7599.0,6,0.1,14.6,9.7,17550.0,60611.0
5100,Galletas y Brownies,70668.0,14,0.0,1.9,11.1,19650.0,1010072.0
5101,Panaderia Artesanal,27058.0,1,0.0,9.6,10.6,18900.0,46292.0
5102,Panaderia Artesanal,68724.0,4,0.0,10.7,4.2,9300.0,285712.0
5103,Bebidas,28057.0,7,0.2,14.2,7.5,14250.0,172720.0
5104,Panaderia Artesanal,20546.0,10,0.0,17.6,10.1,18150.0,222964.0
5105,Postres Individuales,82915.0,5,0.0,32.2,14.0,24000.0,436011.0
5106,Panaderia Artesanal,33932.0,4,0.05,4.7,7.7,14550.0,145238.0
5107,Galletas y Brownies,53110.0,9,0.0,22.7,4.9,10350.0,486576.0
5108,Panaderia Artesanal,53799.0,8,0.0,23.2,6.1,12150.0,440797.0
5109,Tortas Personalizadas,49838.0,3,0.1,28.3,8.3,15450.0,149613.0
5110,Galletas y Brownies,78176.0,14,0.0,15.0,14.7,25050.0,1118640.0
5111,Tortas Personalizadas,58955.0,6,0.05,12.8,9.6,17400.0,351681.0
5112,Galletas y Brownies,37299.0,12,0.0,22.5,2.7,7050.0,454508.0
5113,Postres Individuales,73990.0,14,0.0,30.2,12.7,22050.0,1057470.0
5114,Postres Individuales,19485.0,14,0.15,3.4,3.1,7650.0,240247.0
5115,Postres Individuales,48539.0,12,0.0,14.3,1.1,4650.0,587139.0
5116,Tortas Personalizadas,81044.0,4,0.0,35.7,2.0,6000.0,330658.0
5117,Bebidas,55032.0,7,0.15,22.6,11.9,20850.0,348064.0
5118,Galletas y Brownies,70357.0,1,0.0,42.9,13.6,23400.0,94256.0
5119,Postres Individuales,57285.0,1,0.0,39.2,4.4,9600.0,66263.0
5120,Galletas y Brownies,72150.0,14,0.0,16.5,7.7,14550.0,1024458.0
5121,Tortas Personalizadas,80559.0,12,0.05,33.1,9.2,16800.0,933895.0
5122,Bebidas,26834.0,12,0.0,13.4,6.6,12900.0,333598.0
5123,Tortas Personalizadas,18573.0,6,0.05,9.1,1.4,5100.0,111039.0
5124,Galletas y Brownies,43719.0,10,0.0,39.8,1.3,4950.0,444887.0
5125,Bebidas,61149.0,11,0.0,16.7,6.9,13350.0,686631.0
5126,Bebidas,23175.0,13,0.05,10.3,12.1,21150.0,306626.0
5127,Tortas Personalizadas,5328.0,13,0.0,43.5,1.7,5550.0,72609.0
5128,Postres Individuales,32435.0,14,0.0,2.8,3.5,8250.0,463402.0
5129,Galletas y Brownies,82509.0,7,0.05,17.5,4.4,9600.0,560009.0
5130,Panaderia Artesanal,60597.0,13,0.2,3.2,8.6,15900.0,646877.0
5131,Panaderia Artesanal,37106.0,9,0.0,23.4,1.1,4650.0,339288.0
5132,Tortas Personalizadas,20406.0,7,0.0,19.0,13.0,22500.0,163225.0
5133,Galletas y Brownies,33487.0,9,0.0,32.8,7.3,13950.0,315521.0
5134,Galletas y Brownies,18587.0,10,0.1,43.0,7.5,14250.0,180647.0
5135,Tortas Personalizadas,13504.0,14,0.15,24.1,5.2,10800.0,172416.0
5136,Galletas y Brownies,77539.0,9,0.15,13.9,3.6,8400.0,599963.0
5137,Postres Individuales,84812.0,14,0.0,39.4,5.8,11700.0,1198961.0
5138,Tortas Personalizadas,18129.0,14,0.0,27.8,13.7,23550.0,278480.0
5139,Postres Individuales,9362.0,8,0.0,25.6,1.9,5850.0,79664.0
5140,Galletas y Brownies,31378.0,7,0.0,9.7,1.4,5100.0,224187.0
5141,Tortas Personalizadas,41933.0,12,0.1,3.3,2.2,6300.0,460481.0
5142,Galletas y Brownies,21386.0,3,0.0,21.6,11.8,20700.0,87503.0
5143,Tortas Personalizadas,29114.0,11,0.05,24.5,1.2,4800.0,310125.0
5144,Galletas y Brownies,21070.0,14,0.15,7.0,5.3,10950.0,261794.0
5145,Postres Individuales,66941.0,3,0.0,4.1,6.7,13050.0,212945.0
5146,Postres Individuales,62006.0,11,0.05,10.9,7.9,14850.0,662471.0
5147,Galletas y Brownies,55796.0,5,0.0,4.2,0.5,3750.0,283718.0
5148,Tortas Personalizadas,35977.0,7,0.0,3.9,7.6,14400.0,265465.0
5149,Panaderia Artesanal,77723.0,13,0.0,20.8,3.3,7950.0,1017666.0
5150,Postres Individuales,82563.0,12,0.0,36.7,1.9,5850.0,994679.0
5151,Postres Individuales,18891.0,10,0.0,30.4,8.2,15300.0,207239.0
5152,Panaderia Artesanal,22841.0,7,0.05,31.1,11.3,19950.0,173294.0
5153,Galletas y Brownies,47050.0,1,0.1,12.9,14.1,24150.0,65899.0
5154,Tortas Personalizadas,12300.0,8,0.0,2.0,13.7,23550.0,123985.0
5155,Galletas y Brownies,39916.0,1,0.15,21.1,6.3,12450.0,46964.0
5156,Bebidas,51543.0,13,0.1,17.9,10.7,19050.0,620724.0
5157,Postres Individuales,46766.0,14,0.1,42.7,10.6,18900.0,607338.0
5158,Bebidas,31473.0,11,0.0,4.6,6.5,12750.0,357442.0
5159,Postres Individuales,48396.0,4,0.0,35.3,1.9,5850.0,199946.0
5160,Postres Individuales,81704.0,2,0.1,18.3,6.0,12000.0,162299.0
5161,Bebidas,21481.0,5,0.15,37.6,14.9,25350.0,116635.0
5162,Bebidas,57387.0,6,0.0,23.0,8.5,15750.0,359133.0
5163,Galletas y Brownies,8472.0,4,0.1,37.2,5.5,11250.0,41498.0
5164,Bebidas,10313.0,14,0.0,21.8,11.3,19950.0,166882.0
5165,Galletas y Brownies,49146.0,12,0.1,19.0,10.5,18750.0,550655.0
5166,Galletas y Brownies,13395.0,13,0.0,43.4,8.9,16350.0,190734.0
5167,Galletas y Brownies,6788.0,4,0.05,17.5,9.7,17550.0,40991.0
5168,Postres Individuales,18721.0,7,0.05,36.5,9.0,16500.0,141351.0
5169,Postres Individuales,50188.0,11,0.0,4.4,14.4,24600.0,575576.0
5170,Bebidas,61267.0,4,0.0,4.2,7.9,14850.0,262011.0
5171,Postres Individuales,21198.0,2,0.15,20.6,9.1,16650.0,51221.0
5172,Bebidas,58461.0,4,0.05,27.0,7.3,13950.0,234850.0
5173,Postres Individuales,19598.0,7,0.05,28.0,9.2,16800.0,147990.0
5174,Tortas Personalizadas,54077.0,1,0.05,3.1,13.4,23100.0,74593.0
5175,Tortas Personalizadas,37957.0,4,0.15,31.8,5.4,11100.0,138942.0
5176,Bebidas,57304.0,6,0.0,7.2,7.7,14550.0,356716.0
5177,Postres Individuales,84604.0,8,0.15,43.1,7.0,13500.0,591550.0
5178,Postres Individuales,80025.0,8,0.0,16.0,6.3,12450.0,652521.0
5179,Galletas y Brownies,5343.0,13,0.0,12.9,12.4,21600.0,91217.0
5180,Panaderia Artesanal,75835.0,9,0.05,14.2,3.9,8850.0,657405.0
5181,Bebidas,10319.0,5,0.2,42.3,7.7,14550.0,53061.0
5182,Panaderia Artesanal,81244.0,14,0.0,22.5,13.9,23850.0,1162544.0
5183,Panaderia Artesanal,27546.0,2,0.0,20.4,2.8,7200.0,61350.0
5184,Bebidas,35563.0,3,0.05,26.1,0.6,3900.0,104300.0
5185,Postres Individuales,12331.0,2,0.0,42.0,4.3,9450.0,34189.0
5186,Bebidas,13982.0,9,0.2,14.9,13.9,23850.0,121338.0
5187,Panaderia Artesanal,63139.0,6,0.05,9.4,1.8,5700.0,362960.0
5188,Postres Individuales,80547.0,14,0.1,27.4,2.5,6750.0,1022903.0
5189,Tortas Personalizadas,53860.0,11,0.0,22.9,5.1,10650.0,604102.0
5190,Bebidas,62268.0,12,0.0,4.2,11.7,20550.0,766566.0
5191,Bebidas,65958.0,1,0.05,24.2,11.4,20100.0,84432.0
5192,Postres Individuales,26025.0,3,0.0,26.0,1.8,5700.0,85807.0
5193,Tortas Personalizadas,8618.0,7,0.1,31.7,14.0,24000.0,76265.0
5194,Tortas Personalizadas,5150.0,7,0.0,44.8,4.0,9000.0,45560.0
5195,Postres Individuales,33052.0,5,0.0,19.8,4.6,9900.0,174372.0
5196,Galletas y Brownies,24317.0,3,0.15,23.7,6.1,12150.0,70487.0
5197,Bebidas,9985.0,13,0.1,4.8,9.7,17550.0,132392.0
5198,Bebidas,19362.0,7,0.0,37.7,8.1,15150.0,151226.0
5199,Panaderia Artesanal,14960.0,5,0.15,5.8,14.0,24000.0,86199.0
5200,Postres Individuales,78190.0,6,0.05,42.1,8.7,16050.0,463389.0
5201,Panaderia Artesanal,16221.0,3,0.05,16.7,12.9,22350.0,68858.0
5202,Panaderia Artesanal,48012.0,6,0.0,16.2,1.6,5400.0,296655.0
5203,Tortas Personalizadas,52448.0,7,0.0,15.8,12.9,22350.0,387076.0
5204,Bebidas,48479.0,14,0.1,42.8,3.4,8100.0,621494.0
5205,Panaderia Artesanal,12925.0,8,0.0,44.1,5.8,11700.0,116712.0
5206,Tortas Personalizadas,30504.0,2,0.0,43.8,5.1,10650.0,71418.0
5207,Postres Individuales,9102.0,2,0.0,32.2,5.4,11100.0,31477.0
5208,Panaderia Artesanal,36654.0,14,0.0,6.3,13.8,23700.0,536678.0
5209,Bebidas,20088.0,6,0.1,18.3,6.9,13350.0,124191.0
5210,Panaderia Artesanal,49931.0,8,0.0,14.1,4.4,9600.0,407809.0
5211,Postres Individuales,60425.0,5,0.0,32.3,4.8,10200.0,312572.0
5212,Panaderia Artesanal,47570.0,14,0.15,22.9,12.1,21150.0,587075.0
5213,Bebidas,39739.0,1,0.05,28.3,8.3,15450.0,51268.0
5214,Tortas Personalizadas,35987.0,11,0.0,1.9,7.0,13500.0,408028.0
5215,Bebidas,72335.0,1,0.05,35.6,13.9,23850.0,92895.0
5216,Tortas Personalizadas,22549.0,10,0.0,42.9,14.0,24000.0,249212.0
5217,Galletas y Brownies,63737.0,9,0.0,30.6,11.5,20250.0,594359.0
5218,Bebidas,65599.0,4,0.05,38.6,8.0,15000.0,263002.0
5219,Bebidas,38536.0,12,0.1,22.3,2.2,6300.0,420942.0
5220,Postres Individuales,28784.0,10,0.15,2.4,10.8,19200.0,263029.0
5221,Panaderia Artesanal,42643.0,1,0.1,44.6,12.3,21450.0,60200.0
5222,Tortas Personalizadas,12457.0,11,0.15,4.1,12.9,22350.0,138507.0
5223,Tortas Personalizadas,8674.0,8,0.2,9.9,8.9,16350.0,71221.0
5224,Postres Individuales,13928.0,2,0.1,3.8,9.4,17100.0,43185.0
5225,Postres Individuales,19972.0,12,0.15,28.7,10.8,19200.0,223584.0
5226,Panaderia Artesanal,45334.0,2,0.05,26.9,13.2,22800.0,109614.0
5227,Panaderia Artesanal,72931.0,1,0.0,10.6,1.2,4800.0,77617.0
5228,Bebidas,23851.0,1,0.0,43.1,8.7,16050.0,38830.0
5229,Galletas y Brownies,79813.0,9,0.0,41.2,5.9,11850.0,728281.0
5230,Panaderia Artesanal,81393.0,13,0.15,13.7,12.6,21900.0,920807.0
5231,Postres Individuales,81712.0,1,0.05,30.2,2.4,6600.0,84394.0
5232,Panaderia Artesanal,72005.0,6,0.1,38.7,13.7,23550.0,413683.0
5233,Tortas Personalizadas,34106.0,12,0.0,17.2,2.3,6450.0,415291.0
5234,Galletas y Brownies,10815.0,7,0.0,12.5,1.8,5700.0,79631.0
5235,Bebidas,50505.0,4,0.0,12.6,5.5,11250.0,211237.0
5236,Tortas Personalizadas,49695.0,5,0.15,37.2,14.9,25350.0,236862.0
5237,Tortas Personalizadas,72998.0,4,0.15,21.6,9.7,17550.0,266942.0
5238,Galletas y Brownies,84679.0,4,0.1,32.6,0.9,4350.0,307209.0
5239,Bebidas,45653.0,10,0.0,29.8,4.1,9150.0,467414.0
5240,Postres Individuales,32616.0,1,0.0,14.8,2.7,7050.0,37939.0
5241,Bebidas,19872.0,6,0.0,10.6,0.5,3750.0,121914.0
5242,Panaderia Artesanal,5384.0,14,0.0,7.0,8.0,15000.0,91913.0
5243,Tortas Personalizadas,45729.0,10,0.1,2.5,6.0,12000.0,422837.0
5244,Panaderia Artesanal,49441.0,14,0.0,5.0,9.4,17100.0,709059.0
5245,Postres Individuales,70995.0,10,0.05,12.6,3.6,8400.0,683446.0
5246,Panaderia Artesanal,45366.0,7,0.05,32.5,12.6,21900.0,325373.0
5247,Bebidas,78317.0,7,0.0,8.2,6.1,12150.0,560237.0
5248,Panaderia Artesanal,55247.0,8,0.0,24.3,7.5,14250.0,456391.0
5249,Postres Individuales,72227.0,7,0.2,12.2,11.1,19650.0,423866.0
5250,Postres Individuales,16864.0,6,0.0,23.8,2.9,7350.0,106445.0
5251,Postres Individuales,73427.0,12,0.1,34.1,4.3,9450.0,804388.0
5252,Bebidas,59012.0,8,0.0,13.1,2.7,7050.0,474754.0
5253,Postres Individuales,18619.0,3,0.1,16.6,11.6,20400.0,71125.0
5254,Tortas Personalizadas,20181.0,9,0.0,33.0,1.9,5850.0,189199.0
5255,Postres Individuales,79120.0,3,0.05,25.3,7.6,14400.0,241841.0
5256,Panaderia Artesanal,7577.0,4,0.05,5.6,11.4,20100.0,47648.0
5257,Panaderia Artesanal,42003.0,13,0.0,34.5,7.9,14850.0,561487.0
5258,Panaderia Artesanal,30078.0,10,0.0,13.6,7.9,14850.0,314328.0
5259,Bebidas,58206.0,14,0.15,18.3,1.4,5100.0,696720.0
5260,Panaderia Artesanal,72170.0,6,0.0,12.2,11.9,20850.0,455584.0
5261,Bebidas,33830.0,12,0.1,25.1,9.3,16950.0,382431.0
5262,Bebidas,39152.0,14,0.05,32.3,10.2,18300.0,539413.0
5263,Postres Individuales,83553.0,12,0.0,36.4,11.6,20400.0,1024322.0
5264,Tortas Personalizadas,67713.0,8,0.0,41.6,8.6,15900.0,559207.0
5265,Postres Individuales,76776.0,3,0.0,17.1,7.9,14850.0,244906.0
5266,Postres Individuales,40101.0,13,0.05,42.1,10.1,18150.0,510901.0
5267,Bebidas,23726.0,10,0.05,28.3,13.6,23400.0,248353.0
5268,Bebidas,37949.0,6,0.15,18.4,9.8,17700.0,212168.0
5269,Panaderia Artesanal,62287.0,5,0.05,40.1,11.9,20850.0,314366.0
5270,Panaderia Artesanal,13754.0,5,0.1,26.7,7.5,14250.0,75403.0
5271,Postres Individuales,26638.0,5,0.0,21.3,9.0,16500.0,149077.0
5272,Galletas y Brownies,8731.0,9,0.05,2.0,3.1,7650.0,82655.0
5273,Galletas y Brownies,39588.0,13,0.0,32.7,7.6,14400.0,528086.0
5274,Panaderia Artesanal,71196.0,7,0.0,4.9,2.7,7050.0,505489.0
5275,Galletas y Brownies,6973.0,12,0.1,14.1,7.3,13950.0,87536.0
5276,Panaderia Artesanal,59026.0,9,0.1,43.3,1.4,5100.0,483927.0
5277,Bebidas,79600.0,9,0.0,8.3,8.9,16350.0,733390.0
5278,Postres Individuales,23954.0,13,0.1,15.1,4.7,10050.0,295356.0
5279,Tortas Personalizadas,60491.0,14,0.0,42.1,12.7,22050.0,867414.0
5280,Postres Individuales,83008.0,6,0.15,16.2,6.0,12000.0,434720.0
5281,Panaderia Artesanal,81982.0,14,0.0,15.8,13.8,23700.0,1173415.0
5282,Panaderia Artesanal,23794.0,6,0.0,29.7,7.4,14100.0,154468.0
5283,Postres Individuales,13026.0,4,0.1,7.2,12.8,22200.0,73216.0
5284,Panaderia Artesanal,16863.0,8,0.05,43.8,4.8,10200.0,137614.0
5285,Galletas y Brownies,61163.0,14,0.05,13.5,7.0,13500.0,824669.0
5286,Galletas y Brownies,63061.0,2,0.05,35.7,9.7,17550.0,138014.0
5287,Panaderia Artesanal,58939.0,5,0.15,14.0,4.3,9450.0,260024.0
5288,Panaderia Artesanal,31886.0,1,0.05,13.5,10.0,18000.0,46796.0
5289,Galletas y Brownies,18582.0,10,0.05,4.0,4.7,10050.0,185586.0
5290,Panaderia Artesanal,51461.0,14,0.1,6.7,7.5,14250.0,663676.0
5291,Panaderia Artesanal,43694.0,2,0.15,24.2,0.8,4200.0,76510.0
5292,Postres Individuales,63307.0,1,0.0,26.6,1.6,5400.0,69690.0
5293,Tortas Personalizadas,40309.0,6,0.05,37.0,3.8,8700.0,237463.0
5294,Galletas y Brownies,32091.0,2,0.05,4.1,12.2,21300.0,86226.0
5295,Postres Individuales,28478.0,12,0.0,17.0,10.1,18150.0,362183.0
5296,Tortas Personalizadas,21918.0,4,0.05,10.2,13.5,23250.0,104618.0
5297,Panaderia Artesanal,26260.0,13,0.0,17.1,13.6,23400.0,364171.0
5298,Panaderia Artesanal,12586.0,5,0.0,16.9,5.9,11850.0,76121.0
5299,Postres Individuales,32749.0,7,0.15,16.9,5.8,11700.0,202137.0
5300,Panaderia Artesanal,7926.0,10,0.0,15.0,12.6,21900.0,99785.0
5301,Bebidas,19913.0,1,0.05,34.7,6.7,13050.0,31246.0
5302,Postres Individuales,64742.0,12,0.0,31.5,12.9,22350.0,796959.0
5303,Tortas Personalizadas,31038.0,11,0.05,16.4,7.8,14700.0,339070.0
5304,Postres Individuales,58459.0,5,0.0,7.9,6.7,13050.0,304720.0
5305,Galletas y Brownies,62351.0,4,0.0,24.0,4.5,9750.0,257897.0
5306,Postres Individuales,51495.0,7,0.15,41.5,2.3,6450.0,314942.0
5307,Panaderia Artesanal,81696.0,14,0.0,6.9,8.1,15150.0,1160163.0
5308,Panaderia Artesanal,6715.0,10,0.0,34.3,5.2,10800.0,79198.0
5309,Bebidas,64092.0,7,0.0,27.6,4.1,9150.0,457841.0
5310,Bebidas,81703.0,8,0.0,27.1,3.0,7500.0,661622.0
5311,Bebidas,73982.0,4,0.0,42.2,6.1,12150.0,310650.0
5312,Tortas Personalizadas,18431.0,4,0.0,43.1,8.6,15900.0,87855.0
5313,Bebidas,31146.0,10,0.05,12.1,12.6,21900.0,316248.0
5314,Tortas Personalizadas,18796.0,5,0.1,36.7,12.4,21600.0,107834.0
5315,Bebidas,53105.0,5,0.05,28.5,12.9,22350.0,275406.0
5316,Tortas Personalizadas,61975.0,11,0.05,19.3,8.9,16350.0,663127.0
5317,Postres Individuales,30366.0,3,0.0,30.5,8.6,15900.0,107675.0
5318,Postres Individuales,48161.0,5,0.15,43.1,13.6,23400.0,226384.0
5319,Panaderia Artesanal,60274.0,5,0.0,24.0,4.7,10050.0,312026.0
5320,Tortas Personalizadas,38707.0,8,0.2,42.4,2.6,6900.0,253607.0
5321,Galletas y Brownies,73321.0,7,0.0,29.5,1.7,5550.0,521091.0
5322,Panaderia Artesanal,66724.0,8,0.15,22.5,13.3,22950.0,477150.0
5323,Postres Individuales,10173.0,13,0.05,29.5,5.9,11850.0,137508.0
5324,Tortas Personalizadas,54690.0,5,0.0,27.7,7.7,14550.0,287574.0
5325,Bebidas,23826.0,12,0.2,19.8,12.1,21150.0,250339.0
5326,Galletas y Brownies,49601.0,11,0.0,26.0,5.9,11850.0,558744.0
5327,Postres Individuales,81551.0,2,0.1,32.1,13.1,22650.0,169029.0
5328,Panaderia Artesanal,75325.0,8,0.15,38.0,5.2,10800.0,525968.0
5329,Tortas Personalizadas,37361.0,9,0.0,14.7,11.1,19650.0,355665.0
5330,Galletas y Brownies,28321.0,2,0.0,2.1,10.2,18300.0,75770.0
5331,Tortas Personalizadas,23752.0,14,0.05,25.5,3.4,8100.0,324519.0
5332,Bebidas,47601.0,1,0.05,22.8,2.3,6450.0,48148.0
5333,Panaderia Artesanal,14140.0,12,0.15,3.9,2.1,6150.0,151928.0
5334,Tortas Personalizadas,48942.0,6,0.1,29.0,9.9,17850.0,285696.0
5335,Postres Individuales,5107.0,3,0.0,42.5,0.7,4050.0,19982.0
5336,Panaderia Artesanal,30908.0,1,0.1,19.0,10.1,18150.0,46549.0
5337,Postres Individuales,22595.0,13,0.2,40.4,11.8,20700.0,256084.0
5338,Tortas Personalizadas,82698.0,6,0.0,36.9,4.9,10350.0,505022.0
5339,Panaderia Artesanal,63179.0,12,0.0,8.5,11.3,19950.0,778164.0
5340,Postres Individuales,32972.0,8,0.0,35.7,2.9,7350.0,271447.0
5341,Bebidas,12428.0,9,0.15,24.0,14.4,24600.0,120878.0
5342,Bebidas,46344.0,13,0.0,41.5,3.9,8850.0,611949.0
5343,Tortas Personalizadas,22076.0,6,0.15,9.7,7.6,14400.0,127805.0
5344,Panaderia Artesanal,47914.0,12,0.2,6.9,14.7,25050.0,484437.0
5345,Galletas y Brownies,71829.0,6,0.0,12.0,13.7,23550.0,456241.0
5346,Panaderia Artesanal,54263.0,1,0.0,4.1,10.1,18150.0,74591.0
5347,Bebidas,55703.0,5,0.0,15.4,5.9,11850.0,290825.0
5348,Postres Individuales,48282.0,3,0.0,13.8,10.7,19050.0,164436.0
5349,Galletas y Brownies,79181.0,7,0.0,19.6,7.2,13800.0,567100.0
5350,Tortas Personalizadas,79552.0,12,0.1,21.6,2.1,6150.0,866221.0
5351,Galletas y Brownies,46018.0,9,0.05,7.8,12.0,21000.0,414442.0
5352,Tortas Personalizadas,29461.0,13,0.2,28.4,13.1,22650.0,328352.0
5353,Galletas y Brownies,41767.0,11,0.0,11.2,6.4,12600.0,471562.0
5354,Tortas Personalizadas,19925.0,6,0.05,6.8,10.2,18300.0,132082.0
5355,Tortas Personalizadas,55908.0,5,0.1,32.3,0.9,4350.0,256101.0
5356,Galletas y Brownies,45007.0,7,0.0,2.5,3.4,8100.0,325256.0
5357,Galletas y Brownies,13264.0,11,0.0,17.5,8.8,16200.0,161258.0
5358,Tortas Personalizadas,20812.0,9,0.05,7.8,4.5,9750.0,188425.0
5359,Bebidas,43371.0,5,0.15,39.9,14.2,24300.0,207118.0
5360,Galletas y Brownies,76007.0,5,0.0,37.4,12.6,21900.0,400364.0
5361,Panaderia Artesanal,50311.0,10,0.05,4.1,10.0,18000.0,493149.0
5362,Postres Individuales,59523.0,4,0.2,25.4,15.0,25500.0,217593.0
5363,Tortas Personalizadas,32122.0,5,0.0,14.3,4.0,9000.0,171046.0
5364,Tortas Personalizadas,50713.0,7,0.0,9.9,13.8,23700.0,374655.0
5365,Postres Individuales,40790.0,3,0.05,15.1,4.9,10350.0,126846.0
5366,Bebidas,57730.0,4,0.0,37.0,9.2,16800.0,247065.0
5367,Postres Individuales,9046.0,9,0.05,4.0,6.8,13200.0,90985.0
5368,Galletas y Brownies,44464.0,12,0.0,29.7,6.9,13350.0,547060.0
5369,Postres Individuales,28679.0,2,0.15,41.2,11.6,20400.0,68821.0
5370,Tortas Personalizadas,31095.0,8,0.1,21.0,5.5,11250.0,233559.0
5371,Postres Individuales,81873.0,9,0.0,40.7,7.9,14850.0,750725.0
5372,Panaderia Artesanal,19616.0,5,0.0,40.9,3.6,8400.0,105490.0
5373,Galletas y Brownies,29900.0,7,0.1,28.0,11.6,20400.0,208192.0
5374,Postres Individuales,45791.0,6,0.0,21.3,8.5,15750.0,291708.0
5375,Tortas Personalizadas,74042.0,1,0.05,33.6,4.2,9300.0,82242.0
5376,Galletas y Brownies,38334.0,8,0.0,41.4,4.4,9600.0,315096.0
5377,Tortas Personalizadas,64509.0,9,0.0,31.1,4.8,10200.0,591786.0
5378,Bebidas,73510.0,10,0.0,10.6,10.6,18900.0,751042.0
5379,Panaderia Artesanal,29801.0,11,0.0,37.2,9.1,16650.0,341900.0
5380,Bebidas,36420.0,1,0.0,42.9,12.4,21600.0,58266.0
5381,Panaderia Artesanal,33524.0,8,0.1,19.3,8.8,16200.0,258771.0
5382,Postres Individuales,71628.0,3,0.05,31.8,4.9,10350.0,215269.0
5383,Galletas y Brownies,8548.0,12,0.05,24.0,14.5,24750.0,121459.0
5384,Postres Individuales,29674.0,6,0.0,6.4,13.3,22950.0,202991.0
5385,Panaderia Artesanal,59353.0,10,0.0,16.7,4.5,9750.0,602389.0
5386,Panaderia Artesanal,50235.0,8,0.0,8.6,13.7,23550.0,424877.0
5387,Panaderia Artesanal,39903.0,5,0.0,30.8,10.9,19350.0,219300.0
5388,Tortas Personalizadas,48196.0,8,0.05,26.8,6.5,12750.0,379739.0
5389,Galletas y Brownies,20807.0,7,0.1,3.0,7.3,13950.0,143351.0
5390,Postres Individuales,39457.0,7,0.0,4.2,7.0,13500.0,288069.0
5391,Postres Individuales,45136.0,7,0.05,12.8,12.1,21150.0,322556.0
5392,Bebidas,77095.0,9,0.0,33.9,3.0,7500.0,700739.0
5393,Panaderia Artesanal,25867.0,6,0.15,7.0,1.4,5100.0,138098.0
5394,Panaderia Artesanal,74426.0,6,0.15,10.4,7.7,14550.0,392272.0
5395,Panaderia Artesanal,56539.0,11,0.0,41.0,4.7,10050.0,631414.0
5396,Postres Individuales,6627.0,9,0.05,25.3,8.7,16050.0,74389.0
5397,Bebidas,62971.0,6,0.05,28.5,14.7,25050.0,385728.0
5398,Tortas Personalizadas,7844.0,7,0.0,21.3,10.2,18300.0,72403.0
5399,Galletas y Brownies,84790.0,7,0.15,14.5,14.4,24600.0,525949.0
5400,Tortas Personalizadas,74811.0,2,0.1,12.3,11.1,19650.0,155325.0
5401,Postres Individuales,28787.0,13,0.05,27.1,1.6,5400.0,361253.0
5402,Panaderia Artesanal,25593.0,12,0.05,22.0,13.4,23100.0,315359.0
5403,Galletas y Brownies,35515.0,8,0.0,19.0,3.4,8100.0,290455.0
5404,Postres Individuales,33493.0,12,0.0,31.7,13.0,22500.0,424250.0
5405,Postres Individuales,34787.0,11,0.0,19.1,11.4,20100.0,402909.0
5406,Postres Individuales,30462.0,6,0.0,3.1,12.7,22050.0,207159.0
5407,Galletas y Brownies,54691.0,4,0.2,38.0,4.2,9300.0,186124.0
5408,Galletas y Brownies,18141.0,11,0.0,15.4,12.2,21300.0,222465.0
5409,Bebidas,72679.0,13,0.15,42.7,9.4,17100.0,820553.0
5410,Bebidas,69992.0,7,0.1,39.8,1.7,5550.0,445196.0
5411,Tortas Personalizadas,43119.0,8,0.1,11.7,13.4,23100.0,333216.0
5412,Galletas y Brownies,73218.0,1,0.0,43.5,13.2,22800.0,94129.0
5413,Galletas y Brownies,24772.0,10,0.0,38.6,8.8,16200.0,263760.0
5414,Galletas y Brownies,6405.0,13,0.0,44.3,7.1,13650.0,95642.0
5415,Bebidas,54537.0,13,0.2,31.0,6.3,12450.0,579621.0
5416,Postres Individuales,41633.0,4,0.15,42.0,9.2,16800.0,158229.0
5417,Panaderia Artesanal,50373.0,4,0.0,31.5,12.7,22050.0,222117.0
5418,Bebidas,76947.0,10,0.0,38.7,8.7,16050.0,786364.0
5419,Galletas y Brownies,82594.0,9,0.05,28.1,2.4,6600.0,710869.0
5420,Bebidas,55756.0,13,0.0,41.9,4.9,10350.0,739129.0
5421,Tortas Personalizadas,66124.0,6,0.1,24.0,10.2,18300.0,377231.0
5422,Galletas y Brownies,11705.0,4,0.1,33.5,9.9,17850.0,58189.0
5423,Tortas Personalizadas,17857.0,13,0.1,41.4,8.0,15000.0,224333.0
5424,Galletas y Brownies,63656.0,1,0.05,19.9,4.0,9000.0,69239.0
5425,Bebidas,39509.0,8,0.05,2.6,4.4,9600.0,309660.0
5426,Postres Individuales,40677.0,11,0.0,6.4,7.5,14250.0,461001.0
5427,Panaderia Artesanal,29689.0,9,0.1,43.8,6.2,12300.0,254166.0
5428,Tortas Personalizadas,53589.0,5,0.15,39.5,5.1,10650.0,237228.0
5429,Bebidas,19813.0,5,0.0,22.5,12.5,21750.0,122490.0
5430,Postres Individuales,55153.0,10,0.0,43.3,7.8,14700.0,568597.0
5431,Bebidas,18904.0,8,0.0,9.6,7.8,14700.0,164636.0
5432,Tortas Personalizadas,10106.0,8,0.1,6.3,6.7,13050.0,87093.0
5433,Panaderia Artesanal,31429.0,5,0.0,27.7,10.4,18600.0,176832.0
5434,Bebidas,23491.0,4,0.05,18.1,3.0,7500.0,93866.0
5435,Galletas y Brownies,76119.0,6,0.0,16.3,14.2,24300.0,483561.0
5436,Postres Individuales,9396.0,10,0.1,33.4,2.0,6000.0,89864.0
5437,Bebidas,19129.0,5,0.05,8.0,10.8,19200.0,110260.0
5438,Postres Individuales,48898.0,8,0.0,35.4,10.7,19050.0,412355.0
5439,Galletas y Brownies,43485.0,9,0.0,17.1,2.2,6300.0,398834.0
5440,Panaderia Artesanal,8668.0,13,0.0,44.4,14.9,25350.0,137733.0
5441,Panaderia Artesanal,5580.0,1,0.1,36.7,1.0,4500.0,10728.0
5442,Galletas y Brownies,84045.0,9,0.1,29.6,5.8,11700.0,694203.0
5443,Postres Individuales,57707.0,13,0.0,11.5,6.7,13050.0,763306.0
5444,Bebidas,34232.0,9,0.0,43.1,12.1,21150.0,328202.0
5445,Galletas y Brownies,42635.0,6,0.0,2.9,0.9,4350.0,260678.0
5446,Tortas Personalizadas,26324.0,11,0.1,11.2,8.6,15900.0,275286.0
5447,Postres Individuales,32590.0,10,0.0,3.1,3.5,8250.0,335730.0
5448,Panaderia Artesanal,56924.0,5,0.15,43.5,8.8,16200.0,256800.0
5449,Galletas y Brownies,75625.0,7,0.05,39.4,9.9,17850.0,519680.0
5450,Panaderia Artesanal,19730.0,11,0.05,42.9,1.0,4500.0,212179.0
5451,Postres Individuales,72229.0,8,0.0,32.6,1.5,5250.0,583105.0
5452,Panaderia Artesanal,14725.0,9,0.0,2.7,1.7,5550.0,138732.0
5453,Galletas y Brownies,22199.0,9,0.05,42.0,12.9,22350.0,213173.0
5454,Postres Individuales,7974.0,10,0.0,19.8,13.9,23850.0,102542.0
5455,Tortas Personalizadas,16265.0,11,0.0,17.5,6.8,13200.0,191387.0
5456,Galletas y Brownies,78384.0,3,0.1,13.9,13.2,22800.0,236642.0
5457,Bebidas,41755.0,13,0.0,14.0,7.4,14100.0,557898.0
5458,Galletas y Brownies,11213.0,8,0.0,36.3,6.3,12450.0,101616.0
5459,Postres Individuales,81778.0,1,0.1,12.7,8.2,15300.0,89321.0
5460,Galletas y Brownies,75319.0,7,0.15,11.2,12.0,21000.0,468870.0
5461,Tortas Personalizadas,65375.0,12,0.0,31.9,3.7,8550.0,794355.0
5462,Tortas Personalizadas,79678.0,5,0.1,14.0,4.9,10350.0,369160.0
5463,Bebidas,22610.0,13,0.05,2.1,12.8,22200.0,301274.0
5464,Panaderia Artesanal,71910.0,13,0.2,42.0,13.8,23700.0,769932.0
5465,Postres Individuales,60199.0,2,0.0,15.1,2.3,6450.0,127821.0
5466,Postres Individuales,74581.0,2,0.2,34.8,10.7,19050.0,137868.0
5467,Panaderia Artesanal,68753.0,8,0.0,21.9,0.6,3900.0,555396.0
5468,Tortas Personalizadas,32720.0,5,0.0,7.3,4.1,9150.0,170113.0
5469,Tortas Personalizadas,66952.0,14,0.0,30.3,1.5,5250.0,941808.0
5470,Galletas y Brownies,25997.0,12,0.0,11.6,8.0,15000.0,327895.0
5471,Bebidas,31287.0,11,0.05,14.0,5.5,11250.0,338187.0
5472,Bebidas,13632.0,3,0.05,2.9,2.5,6750.0,44672.0
5473,Bebidas,79806.0,1,0.0,2.2,0.5,3750.0,85275.0
5474,Galletas y Brownies,28280.0,11,0.0,23.8,6.1,12150.0,324670.0
5475,Bebidas,46650.0,7,0.0,4.0,4.8,10200.0,335602.0
5476,Panaderia Artesanal,36307.0,11,0.0,10.6,1.2,4800.0,403951.0
5477,Galletas y Brownies,81794.0,12,0.0,41.7,12.9,22350.0,1002431.0
5478,Panaderia Artesanal,31804.0,3,0.0,5.1,6.5,12750.0,107791.0
5479,Galletas y Brownies,67284.0,7,0.0,14.1,11.7,20550.0,491231.0
5480,Bebidas,73433.0,12,0.0,33.1,6.6,12900.0,893427.0
5481,Panaderia Artesanal,39849.0,2,0.1,40.0,1.5,5250.0,78041.0
5482,Panaderia Artesanal,35254.0,4,0.0,3.5,6.2,12300.0,154413.0
5483,Panaderia Artesanal,64820.0,2,0.0,9.6,13.3,22950.0,154334.0
5484,Galletas y Brownies,78032.0,4,0.0,18.4,0.6,3900.0,316605.0
5485,Postres Individuales,65395.0,5,0.0,17.2,13.5,23250.0,347774.0
5486,Bebidas,23170.0,14,0.05,14.1,10.0,18000.0,326169.0
5487,Panaderia Artesanal,76065.0,8,0.15,12.0,14.9,25350.0,543750.0
5488,Postres Individuales,36007.0,2,0.1,13.2,13.8,23700.0,88704.0
5489,Bebidas,51098.0,10,0.05,7.3,13.1,22650.0,509350.0
5490,Bebidas,71515.0,3,0.0,8.6,1.0,4500.0,220710.0
5491,Panaderia Artesanal,20072.0,10,0.0,27.9,4.6,9900.0,208474.0
5492,Panaderia Artesanal,67761.0,12,0.05,14.2,5.9,11850.0,785334.0
5493,Galletas y Brownies,52693.0,13,0.15,18.9,10.6,18900.0,601751.0
5494,Postres Individuales,76467.0,5,0.15,19.4,9.9,17850.0,345312.0
5495,Postres Individuales,18758.0,11,0.0,6.3,3.0,7500.0,212937.0
5496,Panaderia Artesanal,38655.0,12,0.0,37.1,11.2,19800.0,485419.0
5497,Bebidas,71627.0,12,0.0,43.1,2.8,7200.0,866598.0
5498,Panaderia Artesanal,6539.0,9,0.0,13.0,7.1,13650.0,72809.0
5499,Bebidas,13976.0,10,0.1,14.3,8.9,16350.0,142175.0
5500,Bebidas,84245.0,11,0.0,31.7,13.1,22650.0,951929.0
5501,Panaderia Artesanal,27432.0,5,0.0,5.0,9.7,17550.0,153367.0
5502,Tortas Personalizadas,83043.0,14,0.1,41.0,14.3,24450.0,1071200.0
5503,Postres Individuales,19603.0,9,0.0,6.7,14.9,25350.0,203520.0
5504,Bebidas,33888.0,4,0.0,33.3,7.9,14850.0,153442.0
5505,Bebidas,65230.0,10,0.0,14.2,1.2,4800.0,655631.0
5506,Tortas Personalizadas,57622.0,5,0.0,15.6,0.9,4350.0,293974.0
5507,Galletas y Brownies,51490.0,9,0.0,7.6,12.9,22350.0,485366.0
5508,Tortas Personalizadas,47392.0,4,0.05,29.6,7.7,14550.0,196024.0
5509,Tortas Personalizadas,72475.0,5,0.1,36.1,5.8,11700.0,336840.0
5510,Bebidas,23796.0,5,0.05,42.8,4.6,9900.0,124869.0
5511,Postres Individuales,40398.0,4,0.05,15.9,4.6,9900.0,162912.0
5512,Tortas Personalizadas,17436.0,4,0.1,28.5,1.6,5400.0,69628.0
5513,Galletas y Brownies,52675.0,11,0.0,19.6,4.9,10350.0,589704.0
5514,Panaderia Artesanal,25044.0,5,0.1,25.8,9.8,17700.0,128354.0
5515,Tortas Personalizadas,31707.0,12,0.0,8.6,6.1,12150.0,393007.0
5516,Tortas Personalizadas,42700.0,6,0.0,26.8,14.2,24300.0,278936.0
5517,Galletas y Brownies,7142.0,7,0.0,38.4,10.2,18300.0,67805.0
5518,Postres Individuales,12355.0,6,0.0,39.1,13.0,22500.0,100702.0
5519,Tortas Personalizadas,59874.0,1,0.15,22.5,2.2,6300.0,57678.0
5520,Tortas Personalizadas,39318.0,2,0.0,11.8,7.0,13500.0,92242.0
5521,Postres Individuales,74183.0,7,0.0,37.9,1.1,4650.0,522063.0
5522,Galletas y Brownies,60574.0,14,0.05,45.0,13.5,23250.0,826061.0
5523,Tortas Personalizadas,5648.0,3,0.0,17.9,2.6,6900.0,22616.0
5524,Postres Individuales,54337.0,12,0.15,41.7,12.2,21300.0,574658.0
5525,Tortas Personalizadas,12498.0,10,0.15,44.3,13.9,23850.0,128676.0
5526,Panaderia Artesanal,67475.0,11,0.0,18.7,6.9,13350.0,754542.0
5527,Bebidas,84321.0,13,0.0,32.7,6.1,12150.0,1106075.0
5528,Panaderia Artesanal,47496.0,2,0.0,26.8,9.2,16800.0,111223.0
5529,Tortas Personalizadas,59622.0,6,0.0,32.9,11.2,19800.0,374780.0
5530,Galletas y Brownies,23985.0,11,0.0,8.2,9.9,17850.0,281908.0
5531,Bebidas,40008.0,4,0.0,17.5,0.5,3750.0,162229.0
5532,Panaderia Artesanal,73488.0,12,0.1,4.2,11.9,20850.0,814205.0
5533,Postres Individuales,18394.0,11,0.0,28.2,2.6,6900.0,209799.0
5534,Galletas y Brownies,26243.0,5,0.0,41.8,7.0,13500.0,143052.0
5535,Panaderia Artesanal,40635.0,6,0.0,25.9,4.6,9900.0,251849.0
5536,Postres Individuales,61980.0,3,0.1,4.6,14.0,24000.0,191716.0
5537,Tortas Personalizadas,35071.0,1,0.0,42.0,7.8,14700.0,48305.0
5538,Postres Individuales,79219.0,3,0.0,7.3,8.1,15150.0,251727.0
5539,Panaderia Artesanal,12557.0,3,0.0,39.9,1.6,5400.0,42261.0
5540,Panaderia Artesanal,34664.0,6,0.0,32.6,13.5,23250.0,233015.0
5541,Tortas Personalizadas,61716.0,4,0.0,29.2,4.0,9000.0,258429.0
5542,Postres Individuales,23079.0,7,0.2,27.0,6.5,12750.0,140530.0
5543,Postres Individuales,57513.0,13,0.1,7.2,14.8,25200.0,696512.0
5544,Tortas Personalizadas,18137.0,11,0.05,23.3,2.2,6300.0,193562.0
5545,Postres Individuales,9478.0,2,0.15,10.1,10.9,19350.0,36350.0
5546,Tortas Personalizadas,14681.0,12,0.05,26.4,4.3,9450.0,177711.0
5547,Galletas y Brownies,79399.0,4,0.1,21.0,6.6,12900.0,300497.0
5548,Panaderia Artesanal,49140.0,8,0.0,31.1,6.6,12900.0,409141.0
5549,Galletas y Brownies,68708.0,11,0.05,44.2,14.0,24000.0,741831.0
5550,Bebidas,31612.0,6,0.0,17.2,0.7,4050.0,191726.0
5551,Bebidas,52413.0,10,0.0,28.3,5.8,11700.0,537250.0
5552,Bebidas,44596.0,3,0.0,39.1,12.9,22350.0,154744.0
5553,Tortas Personalizadas,80659.0,10,0.05,5.5,13.7,23550.0,787698.0
5554,Postres Individuales,64806.0,12,0.0,36.3,5.0,10500.0,790382.0
5555,Galletas y Brownies,63443.0,2,0.05,11.9,4.0,9000.0,125909.0
5556,Galletas y Brownies,8708.0,3,0.1,25.0,7.2,13800.0,38927.0
5557,Galletas y Brownies,48974.0,1,0.0,44.6,11.3,19950.0,69520.0
5558,Galletas y Brownies,42359.0,1,0.0,44.3,2.7,7050.0,48658.0
5559,Bebidas,79227.0,2,0.0,15.2,11.9,20850.0,180153.0
5560,Galletas y Brownies,25587.0,14,0.0,7.2,7.9,14850.0,373832.0
5561,Postres Individuales,26587.0,3,0.05,42.3,2.5,6750.0,81364.0
5562,Bebidas,37908.0,13,0.1,40.4,10.2,18300.0,461194.0
5563,Galletas y Brownies,24470.0,9,0.0,28.3,9.6,17400.0,241594.0
5564,Tortas Personalizadas,15335.0,8,0.1,2.9,9.5,17250.0,128895.0
5565,Panaderia Artesanal,73593.0,12,0.15,34.2,11.4,20100.0,773992.0
5566,Panaderia Artesanal,49662.0,11,0.0,8.5,3.1,7650.0,553609.0
5567,Panaderia Artesanal,73909.0,11,0.05,42.5,10.6,18900.0,790181.0
5568,Bebidas,71491.0,9,0.0,20.4,13.4,23100.0,667150.0
5569,Galletas y Brownies,27563.0,7,0.1,28.3,8.2,15300.0,188116.0
5570,Bebidas,48819.0,7,0.0,13.7,7.5,14250.0,356201.0
5571,Postres Individuales,11657.0,5,0.05,22.2,12.1,21150.0,75141.0
5572,Tortas Personalizadas,78220.0,7,0.0,34.3,2.6,6900.0,554263.0
5573,Tortas Personalizadas,37341.0,4,0.15,22.9,5.4,11100.0,136138.0
5574,Panaderia Artesanal,36494.0,5,0.0,38.4,12.9,22350.0,204522.0
5575,Panaderia Artesanal,29220.0,12,0.0,32.5,7.7,14550.0,365905.0
5576,Panaderia Artesanal,41853.0,1,0.0,4.9,12.7,22050.0,64322.0
5577,Galletas y Brownies,25141.0,11,0.1,27.9,4.2,9300.0,258991.0
5578,Postres Individuales,34988.0,4,0.05,28.1,6.1,12150.0,143994.0
5579,Postres Individuales,68996.0,3,0.2,18.1,12.4,21600.0,186874.0
5580,Postres Individuales,71740.0,2,0.1,15.5,2.9,7350.0,134792.0
5581,Postres Individuales,29335.0,2,0.05,4.2,13.5,23250.0,79986.0
5582,Panaderia Artesanal,42521.0,8,0.0,20.9,5.0,10500.0,353992.0
5583,Tortas Personalizadas,74906.0,1,0.0,16.1,14.6,24900.0,99562.0
5584,Panaderia Artesanal,9214.0,8,0.2,42.9,12.5,21750.0,79933.0
5585,Postres Individuales,76132.0,9,0.15,30.8,7.1,13650.0,592528.0
5586,Panaderia Artesanal,22535.0,6,0.0,21.5,11.3,19950.0,154190.0
5587,Postres Individuales,59283.0,1,0.05,34.3,8.6,15900.0,73356.0
5588,Bebidas,51604.0,10,0.1,35.4,12.9,22350.0,487271.0
5589,Tortas Personalizadas,49235.0,12,0.05,22.4,8.0,15000.0,577673.0
5590,Bebidas,73749.0,7,0.1,4.8,14.8,25200.0,492417.0
5591,Galletas y Brownies,13126.0,5,0.0,35.5,2.4,6600.0,71615.0
5592,Panaderia Artesanal,32762.0,9,0.15,5.4,10.3,18450.0,267650.0
5593,Galletas y Brownies,48060.0,7,0.0,38.4,4.1,9150.0,346667.0
5594,Panaderia Artesanal,69903.0,5,0.0,16.0,3.3,7950.0,357587.0
5595,Bebidas,22315.0,13,0.0,29.3,6.4,12600.0,301117.0
5596,Postres Individuales,69234.0,2,0.05,33.7,5.8,11700.0,141343.0
5597,Postres Individuales,36971.0,14,0.05,3.0,1.2,4800.0,497822.0
5598,Panaderia Artesanal,20113.0,4,0.1,18.2,6.7,13050.0,85750.0
5599,Postres Individuales,65719.0,2,0.05,27.8,14.3,24450.0,147388.0
5600,Bebidas,12272.0,9,0.05,38.4,7.3,13950.0,119131.0
5601,Postres Individuales,46181.0,2,0.0,32.7,4.9,10350.0,101042.0
5602,Bebidas,10110.0,2,0.15,40.5,14.3,24450.0,42652.0
5603,Galletas y Brownies,33513.0,2,0.0,5.1,7.8,14700.0,83157.0
5604,Bebidas,53086.0,1,0.05,4.6,4.7,10050.0,61944.0
5605,Tortas Personalizadas,49489.0,9,0.0,32.5,11.9,20850.0,466782.0
5606,Tortas Personalizadas,37372.0,8,0.0,18.8,3.7,8550.0,307894.0
5607,Tortas Personalizadas,39324.0,2,0.0,22.5,4.1,9150.0,87590.0
5608,Panaderia Artesanal,23142.0,2,0.15,27.8,5.2,10800.0,48855.0
5609,Panaderia Artesanal,41471.0,5,0.0,44.4,6.2,12300.0,221448.0
5610,Panaderia Artesanal,81260.0,12,0.0,4.4,9.0,16500.0,992600.0
5611,Bebidas,73036.0,13,0.1,6.2,8.0,15000.0,868291.0
5612,Panaderia Artesanal,16619.0,14,0.0,37.6,11.3,19950.0,250237.0
5613,Galletas y Brownies,7382.0,12,0.1,2.4,10.9,19350.0,98264.0
5614,Tortas Personalizadas,79682.0,14,0.15,21.1,1.2,4800.0,955017.0
5615,Bebidas,47140.0,4,0.1,35.2,2.4,6600.0,177052.0
5616,Tortas Personalizadas,48027.0,2,0.0,10.0,3.6,8400.0,104809.0
5617,Panaderia Artesanal,67457.0,8,0.0,9.6,9.2,16800.0,558441.0
5618,Bebidas,30175.0,8,0.0,15.0,13.5,23250.0,261563.0
5619,Postres Individuales,43553.0,13,0.0,8.0,5.2,10800.0,576868.0
5620,Galletas y Brownies,82493.0,4,0.0,31.0,14.5,24750.0,356566.0
5621,Panaderia Artesanal,58772.0,14,0.15,10.2,3.0,7500.0,705381.0
5622,Panaderia Artesanal,17300.0,4,0.05,11.4,13.9,23850.0,88277.0
5623,Galletas y Brownies,15658.0,9,0.0,26.5,12.1,21150.0,161755.0
5624,Galletas y Brownies,21341.0,4,0.0,43.6,6.1,12150.0,96714.0
5625,Postres Individuales,66337.0,10,0.05,41.3,3.5,8250.0,637875.0
5626,Panaderia Artesanal,28630.0,11,0.0,39.1,6.2,12300.0,327473.0
5627,Panaderia Artesanal,6711.0,9,0.15,24.6,3.6,8400.0,58890.0
5628,Tortas Personalizadas,80534.0,3,0.0,14.5,8.6,15900.0,257009.0
5629,Bebidas,18577.0,2,0.15,32.2,8.8,16200.0,46542.0
5630,Bebidas,5765.0,11,0.05,18.4,11.6,20400.0,80353.0
5631,Tortas Personalizadas,23971.0,8,0.2,35.3,8.2,15300.0,169007.0
5632,Bebidas,23802.0,12,0.0,2.2,5.5,11250.0,297042.0
5633,Galletas y Brownies,38760.0,3,0.0,24.5,13.7,23550.0,138918.0
5634,Bebidas,78631.0,13,0.05,16.2,1.6,5400.0,975368.0
5635,Bebidas,75335.0,2,0.15,12.3,12.2,21300.0,148796.0
5636,Tortas Personalizadas,41552.0,13,0.1,30.3,6.4,12600.0,498135.0
5637,Postres Individuales,37872.0,11,0.05,30.1,3.1,7650.0,401728.0
5638,Bebidas,49401.0,8,0.0,3.1,2.2,6300.0,400058.0
5639,Bebidas,24476.0,8,0.0,42.7,3.7,8550.0,205124.0
5640,Postres Individuales,9175.0,5,0.0,17.2,2.3,6450.0,48797.0
5641,Tortas Personalizadas,80138.0,9,0.05,41.4,7.2,13800.0,699846.0
5642,Postres Individuales,19936.0,11,0.0,26.9,5.6,11400.0,231209.0
5643,Tortas Personalizadas,20872.0,6,0.0,29.9,5.7,11550.0,138104.0
5644,Galletas y Brownies,42797.0,5,0.05,43.3,2.8,7200.0,210354.0
5645,Tortas Personalizadas,44329.0,12,0.15,37.3,10.1,18150.0,472041.0
5646,Galletas y Brownies,6475.0,3,0.05,7.6,9.3,16950.0,36767.0
5647,Galletas y Brownies,16836.0,7,0.05,1.7,14.7,25050.0,140598.0
5648,Tortas Personalizadas,35252.0,14,0.2,14.9,2.9,7350.0,405610.0
5649,Panaderia Artesanal,59698.0,9,0.0,22.8,12.6,21900.0,557978.0
5650,Tortas Personalizadas,23273.0,4,0.0,33.3,1.0,4500.0,102390.0
5651,Bebidas,38841.0,11,0.1,30.3,1.6,5400.0,392202.0
5652,Bebidas,49588.0,7,0.0,15.1,9.9,17850.0,364625.0
5653,Panaderia Artesanal,76087.0,12,0.0,25.1,6.4,12600.0,923733.0
5654,Galletas y Brownies,31086.0,3,0.0,29.8,3.8,8700.0,101226.0
5655,Panaderia Artesanal,15685.0,11,0.05,23.8,0.5,3750.0,167063.0
5656,Bebidas,44142.0,2,0.0,31.5,10.1,18150.0,107276.0
5657,Panaderia Artesanal,64738.0,13,0.0,22.6,6.9,13350.0,853585.0
5658,Tortas Personalizadas,13789.0,11,0.0,24.5,3.0,7500.0,159119.0
5659,Panaderia Artesanal,38975.0,1,0.0,42.4,14.6,24900.0,64917.0
5660,Galletas y Brownies,6423.0,6,0.15,18.4,5.6,11400.0,42701.0
5661,Tortas Personalizadas,7685.0,5,0.2,34.4,4.9,10350.0,40898.0
5662,Postres Individuales,43636.0,2,0.1,16.1,7.9,14850.0,92192.0
5663,Bebidas,28856.0,13,0.2,15.9,4.5,9750.0,312533.0
5664,Bebidas,72609.0,13,0.0,41.8,4.5,9750.0,952622.0
5665,Panaderia Artesanal,53172.0,3,0.1,31.9,14.5,24750.0,168789.0
5666,Tortas Personalizadas,41315.0,9,0.0,41.9,4.3,9450.0,379621.0
5667,Postres Individuales,37635.0,3,0.1,44.8,9.3,16950.0,117320.0
5668,Tortas Personalizadas,44780.0,7,0.0,1.5,1.0,4500.0,317377.0
5669,Bebidas,8235.0,1,0.1,44.3,2.7,7050.0,12560.0
5670,Tortas Personalizadas,76423.0,7,0.0,5.9,0.8,4200.0,539385.0
5671,Postres Individuales,84864.0,9,0.0,4.6,8.2,15300.0,776802.0
5672,Panaderia Artesanal,19519.0,12,0.1,34.9,7.6,14400.0,225289.0
5673,Galletas y Brownies,14631.0,11,0.1,16.7,5.3,10950.0,155899.0
5674,Tortas Personalizadas,16486.0,8,0.05,41.4,10.7,19050.0,144561.0
5675,Galletas y Brownies,57882.0,7,0.05,25.2,9.6,17400.0,403538.0
5676,Bebidas,57915.0,10,0.0,18.3,9.2,16800.0,597470.0
5677,Panaderia Artesanal,72834.0,14,0.05,4.7,5.4,11100.0,978491.0
5678,Panaderia Artesanal,65146.0,8,0.0,21.7,5.2,10800.0,532565.0
5679,Tortas Personalizadas,40975.0,13,0.1,13.6,13.2,22800.0,502221.0
5680,Panaderia Artesanal,54028.0,4,0.05,4.8,8.4,15600.0,222344.0
5681,Tortas Personalizadas,60063.0,2,0.15,30.7,4.4,9600.0,110949.0
5682,Tortas Personalizadas,46019.0,14,0.0,44.0,8.4,15600.0,657280.0
5683,Galletas y Brownies,43052.0,14,0.0,18.0,4.4,9600.0,612017.0
5684,Panaderia Artesanal,56608.0,11,0.0,14.4,3.2,7800.0,630423.0
5685,Tortas Personalizadas,49598.0,9,0.0,5.4,4.6,9900.0,458036.0
5686,Galletas y Brownies,56515.0,3,0.0,11.2,9.6,17400.0,188236.0
5687,Postres Individuales,54028.0,14,0.1,13.9,8.0,15000.0,693877.0
5688,Galletas y Brownies,62536.0,11,0.0,16.5,2.9,7350.0,696978.0
5689,Galletas y Brownies,56424.0,4,0.05,29.1,13.7,23550.0,236572.0
5690,Tortas Personalizadas,46579.0,7,0.0,6.5,7.7,14550.0,339331.0
5691,Bebidas,59544.0,2,0.0,4.0,12.0,21000.0,140314.0
5692,Bebidas,40959.0,14,0.05,42.0,5.3,10950.0,555988.0
5693,Bebidas,24334.0,8,0.15,36.3,14.4,24600.0,189850.0
5694,Galletas y Brownies,5113.0,12,0.0,13.6,11.4,20100.0,81246.0
5695,Tortas Personalizadas,49797.0,10,0.0,29.3,7.1,13650.0,509676.0
5696,Panaderia Artesanal,52252.0,8,0.0,27.3,13.6,23400.0,441262.0
5697,Galletas y Brownies,82764.0,12,0.15,33.8,10.9,19350.0,865362.0
5698,Galletas y Brownies,33918.0,5,0.1,38.9,6.7,13050.0,165554.0
5699,Tortas Personalizadas,36531.0,9,0.2,17.1,14.6,24900.0,290608.0
5700,Postres Individuales,21144.0,8,0.0,30.2,4.8,10200.0,179351.0
5701,Galletas y Brownies,10643.0,1,0.15,36.4,4.2,9300.0,17085.0
5702,Postres Individuales,66824.0,9,0.1,31.9,13.5,23250.0,563178.0
5703,Postres Individuales,24974.0,13,0.15,41.6,10.8,19200.0,296791.0
5704,Bebidas,53712.0,14,0.0,23.0,5.5,11250.0,763651.0
5705,Tortas Personalizadas,60022.0,14,0.1,36.4,3.9,8850.0,763017.0
5706,Postres Individuales,42699.0,5,0.05,41.1,3.1,7650.0,210688.0
5707,Tortas Personalizadas,75108.0,9,0.05,25.7,5.0,10500.0,653480.0
5708,Bebidas,40504.0,9,0.0,2.3,2.3,6450.0,369041.0
5709,Tortas Personalizadas,27793.0,10,0.1,37.1,2.6,6900.0,256691.0
5710,Galletas y Brownies,76681.0,10,0.2,38.3,11.8,20700.0,632870.0
5711,Postres Individuales,73925.0,3,0.1,18.9,1.4,5100.0,204024.0
5712,Tortas Personalizadas,18123.0,8,0.05,11.5,6.9,13350.0,149591.0
5713,Panaderia Artesanal,7077.0,7,0.05,44.0,6.4,12600.0,56751.0
5714,Tortas Personalizadas,12199.0,7,0.05,25.5,14.4,24600.0,103637.0
5715,Postres Individuales,27924.0,12,0.0,24.0,7.3,13950.0,350524.0
5716,Bebidas,82781.0,10,0.0,42.7,2.8,7200.0,834150.0
5717,Bebidas,49681.0,2,0.1,19.3,1.8,5700.0,97841.0
5718,Postres Individuales,34861.0,2,0.0,38.4,11.1,19650.0,87794.0
5719,Galletas y Brownies,76097.0,2,0.1,32.0,2.6,6900.0,144250.0
5720,Galletas y Brownies,41251.0,13,0.1,43.6,14.1,24150.0,507140.0
5721,Bebidas,30219.0,11,0.05,20.1,8.6,15900.0,331662.0
5722,Bebidas,80298.0,2,0.15,41.0,6.3,12450.0,150697.0
5723,Postres Individuales,72961.0,14,0.0,26.2,10.4,18600.0,1038147.0
5724,Galletas y Brownies,72493.0,4,0.0,22.2,3.4,8100.0,299732.0
5725,Bebidas,45983.0,7,0.0,14.8,6.0,12000.0,333355.0
5726,Galletas y Brownies,68155.0,2,0.15,25.5,1.0,4500.0,121028.0
5727,Bebidas,19348.0,5,0.2,26.4,13.2,22800.0,99960.0
5728,Tortas Personalizadas,50858.0,14,0.0,40.6,6.7,13050.0,727269.0
5729,Panaderia Artesanal,83708.0,7,0.0,32.1,11.5,20250.0,604866.0
5730,Tortas Personalizadas,28277.0,9,0.0,37.5,13.8,23700.0,275952.0
5731,Bebidas,68548.0,8,0.05,35.0,10.0,18000.0,540025.0
5732,Panaderia Artesanal,44238.0,9,0.05,13.5,5.9,11850.0,390303.0
5733,Panaderia Artesanal,8184.0,7,0.05,10.5,9.5,17250.0,72194.0
5734,Bebidas,66042.0,3,0.1,12.7,5.7,11550.0,191744.0
5735,Bebidas,18486.0,1,0.1,7.9,8.7,16050.0,33037.0
5736,Galletas y Brownies,55518.0,10,0.0,18.3,6.8,13200.0,567967.0
5737,Bebidas,11853.0,7,0.0,29.9,2.7,7050.0,89980.0
5738,Postres Individuales,80749.0,13,0.1,24.9,11.8,20700.0,968409.0
5739,Bebidas,28338.0,11,0.05,31.0,7.7,14550.0,311175.0
5740,Postres Individuales,23117.0,6,0.0,17.0,3.3,7950.0,147809.0
5741,Bebidas,15331.0,2,0.0,10.4,13.4,23100.0,52565.0
5742,Galletas y Brownies,80680.0,1,0.1,10.3,12.9,22350.0,96232.0
5743,Postres Individuales,61952.0,12,0.0,27.6,8.6,15900.0,758726.0
5744,Tortas Personalizadas,64333.0,10,0.05,8.6,14.6,24900.0,633452.0
5745,Postres Individuales,44952.0,4,0.05,18.8,13.9,23850.0,194986.0
5746,Galletas y Brownies,42978.0,14,0.0,10.8,13.5,23250.0,625130.0
5747,Postres Individuales,13802.0,4,0.05,30.3,2.4,6600.0,59583.0
5748,Bebidas,49787.0,6,0.0,28.3,4.8,10200.0,308524.0
5749,Bebidas,24753.0,11,0.0,18.1,6.4,12600.0,286458.0
5750,Galletas y Brownies,83172.0,5,0.0,7.1,12.6,21900.0,438222.0
5751,Panaderia Artesanal,68726.0,9,0.05,10.7,13.1,22650.0,609759.0
5752,Bebidas,38039.0,8,0.1,22.0,11.4,20100.0,295593.0
5753,Tortas Personalizadas,17107.0,9,0.0,43.8,7.3,13950.0,168464.0
5754,Galletas y Brownies,67827.0,10,0.1,13.3,2.8,7200.0,617863.0
5755,Postres Individuales,14764.0,7,0.0,9.8,1.0,4500.0,107128.0
5756,Postres Individuales,20147.0,9,0.05,11.1,10.6,18900.0,194125.0
5757,Tortas Personalizadas,21922.0,3,0.05,32.3,14.9,25350.0,86341.0
5758,Bebidas,49551.0,9,0.05,41.3,5.5,11250.0,434377.0
5759,Galletas y Brownies,67965.0,2,0.0,4.8,8.7,16050.0,151452.0
5760,Tortas Personalizadas,30145.0,9,0.0,34.1,12.3,21450.0,292478.0
5761,Bebidas,11774.0,13,0.0,23.0,3.2,7800.0,161761.0
5762,Galletas y Brownies,42163.0,6,0.0,37.4,12.5,21750.0,275371.0
5763,Postres Individuales,64849.0,4,0.15,19.8,9.6,17400.0,238722.0
5764,Galletas y Brownies,22733.0,12,0.0,1.7,8.8,16200.0,288864.0
5765,Panaderia Artesanal,22594.0,14,0.0,31.2,11.6,20400.0,338450.0
5766,Galletas y Brownies,80778.0,12,0.0,36.6,4.0,9000.0,977175.0
5767,Panaderia Artesanal,81332.0,13,0.05,40.7,9.4,17100.0,1020283.0
5768,Galletas y Brownies,84237.0,11,0.1,26.3,4.0,9000.0,841116.0
5769,Panaderia Artesanal,69613.0,2,0.0,6.8,3.1,7650.0,146216.0
5770,Postres Individuales,20055.0,13,0.0,17.6,9.5,17250.0,278115.0
5771,Bebidas,21959.0,10,0.1,35.6,4.4,9600.0,206389.0
5772,Panaderia Artesanal,32218.0,3,0.0,23.0,10.9,19350.0,115252.0
5773,Panaderia Artesanal,30451.0,5,0.05,31.9,8.0,15000.0,161307.0
5774,Postres Individuales,81522.0,9,0.1,1.7,10.6,18900.0,678196.0
5775,Panaderia Artesanal,68126.0,7,0.0,4.7,13.4,23100.0,499507.0
5776,Tortas Personalizadas,62921.0,11,0.0,31.1,2.5,6750.0,699450.0
5777,Postres Individuales,19877.0,12,0.0,14.1,1.5,5250.0,241272.0
5778,Tortas Personalizadas,77762.0,13,0.1,18.4,6.3,12450.0,920467.0
5779,Postres Individuales,71230.0,11,0.1,29.4,10.9,19350.0,725666.0
5780,Panaderia Artesanal,18091.0,3,0.0,6.4,13.3,22950.0,74453.0
5781,Tortas Personalizadas,74694.0,13,0.0,37.7,1.0,4500.0,973306.0
5782,Panaderia Artesanal,26780.0,4,0.05,7.8,12.0,21000.0,120275.0
5783,Postres Individuales,11470.0,14,0.0,33.4,1.6,5400.0,165453.0
5784,Panaderia Artesanal,57546.0,12,0.0,14.2,8.9,16350.0,704985.0
5785,Tortas Personalizadas,57304.0,11,0.05,12.8,5.5,11250.0,608804.0
5786,Tortas Personalizadas,12595.0,2,0.1,37.2,0.8,4200.0,28605.0
5787,Panaderia Artesanal,30508.0,14,0.0,25.5,1.9,5850.0,432654.0
5788,Galletas y Brownies,84425.0,8,0.0,10.4,5.6,11400.0,687129.0
5789,Postres Individuales,59274.0,6,0.1,1.6,14.3,24450.0,345062.0
5790,Postres Individuales,63406.0,3,0.0,43.8,2.7,7050.0,198861.0
5791,Panaderia Artesanal,22033.0,13,0.05,20.3,4.4,9600.0,280984.0
5792,Galletas y Brownies,11303.0,5,0.05,18.8,14.9,25350.0,78921.0
5793,Tortas Personalizadas,27152.0,5,0.0,3.7,7.5,14250.0,149664.0
5794,Bebidas,24912.0,12,0.05,40.4,4.3,9450.0,291938.0
5795,Bebidas,23764.0,1,0.0,7.6,9.4,17100.0,40624.0
5796,Panaderia Artesanal,20420.0,13,0.05,16.1,6.8,13200.0,265843.0
5797,Galletas y Brownies,50980.0,5,0.05,19.8,12.9,22350.0,265804.0
5798,Galletas y Brownies,31248.0,6,0.1,36.7,0.6,3900.0,171319.0
5799,Postres Individuales,70628.0,10,0.05,17.1,15.0,25500.0,698096.0
5800,Tortas Personalizadas,19716.0,10,0.0,24.6,1.5,5250.0,201817.0
5801,Galletas y Brownies,42170.0,11,0.0,20.1,8.3,15450.0,481165.0
5802,Bebidas,6093.0,11,0.0,15.1,10.6,18900.0,85880.0
5803,Tortas Personalizadas,43535.0,11,0.15,42.7,8.5,15750.0,423217.0
5804,Tortas Personalizadas,9467.0,13,0.15,36.2,4.9,10350.0,114386.0
5805,Panaderia Artesanal,83218.0,2,0.0,9.1,12.9,22350.0,191130.0
5806,Galletas y Brownies,68247.0,3,0.0,25.6,6.7,13050.0,216451.0
5807,Panaderia Artesanal,44209.0,10,0.0,36.2,4.9,10350.0,453983.0
5808,Galletas y Brownies,11927.0,5,0.15,26.7,11.6,20400.0,69426.0
5809,Postres Individuales,52396.0,14,0.0,23.0,2.6,6900.0,739430.0
5810,Panaderia Artesanal,65701.0,13,0.05,4.6,3.5,8250.0,822199.0
5811,Panaderia Artesanal,20257.0,3,0.0,6.1,4.2,9300.0,71019.0
5812,Bebidas,50457.0,5,0.0,12.2,6.8,13200.0,265889.0
5813,Panaderia Artesanal,70137.0,5,0.0,23.8,0.8,4200.0,355187.0
5814,Galletas y Brownies,66460.0,8,0.0,44.4,14.9,25350.0,558698.0
5815,Bebidas,69239.0,10,0.0,36.4,9.2,16800.0,709741.0
5816,Panaderia Artesanal,75346.0,9,0.0,6.3,14.6,24900.0,703064.0
5817,Panaderia Artesanal,80015.0,8,0.0,32.7,12.2,21300.0,662113.0
5818,Postres Individuales,37442.0,12,0.0,36.8,2.4,6600.0,455607.0
5819,Panaderia Artesanal,50502.0,3,0.15,19.5,3.5,8250.0,136433.0
5820,Tortas Personalizadas,68253.0,1,0.1,15.9,1.0,4500.0,64854.0
5821,Bebidas,60771.0,14,0.1,26.9,12.6,21900.0,786036.0
5822,Tortas Personalizadas,84642.0,3,0.0,24.1,9.1,16650.0,271267.0
5823,Bebidas,6094.0,1,0.1,13.0,3.6,8400.0,13641.0
5824,Postres Individuales,33411.0,13,0.0,18.8,14.6,24900.0,456800.0
5825,Panaderia Artesanal,27482.0,11,0.0,25.2,11.2,19800.0,321508.0
5826,Panaderia Artesanal,25985.0,9,0.0,26.7,10.7,19050.0,253351.0
5827,Panaderia Artesanal,22802.0,12,0.0,24.6,4.4,9600.0,282184.0
5828,Bebidas,61730.0,13,0.0,38.3,5.0,10500.0,813425.0
5829,Panaderia Artesanal,11781.0,3,0.0,2.9,10.2,18300.0,50289.0
5830,Tortas Personalizadas,64329.0,14,0.0,16.0,9.1,16650.0,919593.0
5831,Panaderia Artesanal,60474.0,8,0.0,34.1,9.9,17850.0,502048.0
5832,Postres Individuales,25064.0,6,0.05,29.9,13.2,22800.0,162779.0
5833,Tortas Personalizadas,25227.0,3,0.05,41.4,2.8,7200.0,73958.0
5834,Panaderia Artesanal,55309.0,9,0.15,27.1,2.2,6300.0,429778.0
5835,Panaderia Artesanal,65974.0,8,0.0,29.3,8.7,16050.0,542430.0
5836,Galletas y Brownies,75119.0,3,0.0,32.2,7.8,14700.0,240512.0
5837,Bebidas,73171.0,7,0.15,9.6,6.3,12450.0,449079.0
5838,Tortas Personalizadas,82191.0,5,0.0,34.3,13.6,23400.0,433189.0
5839,Galletas y Brownies,51511.0,2,0.1,14.5,8.6,15900.0,109722.0
5840,Postres Individuales,77692.0,14,0.0,20.0,8.7,16050.0,1105087.0
5841,Bebidas,69681.0,8,0.0,2.1,5.8,11700.0,569820.0
5842,Tortas Personalizadas,76573.0,1,0.0,38.2,5.5,11250.0,89810.0
5843,Panaderia Artesanal,5930.0,4,0.15,43.0,14.8,25200.0,43985.0
5844,Tortas Personalizadas,82272.0,11,0.0,4.1,9.5,17250.0,920199.0
5845,Panaderia Artesanal,42882.0,13,0.0,29.1,12.5,21750.0,576750.0
5846,Bebidas,68855.0,11,0.05,43.3,7.0,13500.0,733128.0
5847,Panaderia Artesanal,15176.0,12,0.05,27.9,3.3,7950.0,181618.0
5848,Postres Individuales,36675.0,13,0.15,36.2,5.2,10800.0,417006.0
5849,Panaderia Artesanal,26717.0,4,0.0,6.6,5.5,11250.0,118035.0
5850,Postres Individuales,28333.0,13,0.05,12.2,8.7,16050.0,366434.0
5851,Bebidas,14860.0,10,0.0,16.5,2.7,7050.0,156143.0
5852,Bebidas,69461.0,14,0.0,44.2,6.1,12150.0,985258.0
5853,Tortas Personalizadas,5739.0,5,0.1,35.5,2.0,6000.0,32595.0
5854,Postres Individuales,30000.0,4,0.0,40.0,7.7,14550.0,135907.0
5855,Postres Individuales,18953.0,1,0.05,22.7,14.2,24300.0,40442.0
5856,Galletas y Brownies,52123.0,14,0.2,32.7,5.4,11100.0,593779.0
5857,Galletas y Brownies,25340.0,7,0.0,33.3,1.2,4800.0,182911.0
5858,Galletas y Brownies,25720.0,10,0.1,26.2,9.3,16950.0,245946.0
5859,Panaderia Artesanal,44067.0,11,0.1,39.7,9.7,17550.0,453607.0
5860,Galletas y Brownies,57215.0,2,0.05,8.4,7.5,14250.0,124493.0
5861,Postres Individuales,14704.0,10,0.15,4.0,6.3,12450.0,139709.0
5862,Panaderia Artesanal,19041.0,3,0.0,14.7,13.4,23100.0,81185.0
5863,Bebidas,24774.0,5,0.1,5.3,14.1,24150.0,136224.0
5864,Tortas Personalizadas,82900.0,8,0.0,4.1,10.3,18450.0,683065.0
5865,Galletas y Brownies,36772.0,10,0.1,19.7,7.8,14700.0,346274.0
5866,Bebidas,52919.0,8,0.0,10.2,1.5,5250.0,429573.0
5867,Postres Individuales,24323.0,14,0.15,35.9,4.9,10350.0,302621.0
5868,Tortas Personalizadas,44237.0,2,0.15,26.7,4.6,9900.0,85182.0
5869,Bebidas,10930.0,9,0.05,17.2,1.3,4950.0,98048.0
5870,Tortas Personalizadas,7779.0,6,0.05,14.0,12.7,22050.0,68375.0
5871,Galletas y Brownies,42499.0,9,0.1,26.0,13.1,22650.0,366705.0
5872,Postres Individuales,36893.0,14,0.0,20.4,13.7,23550.0,540775.0
5873,Tortas Personalizadas,15950.0,4,0.0,3.9,11.3,19950.0,84919.0
5874,Bebidas,60008.0,3,0.0,30.4,10.8,19200.0,197528.0
5875,Galletas y Brownies,84432.0,14,0.05,23.2,7.4,14100.0,1137003.0
5876,Galletas y Brownies,36652.0,14,0.0,13.5,12.9,22350.0,534702.0
5877,Bebidas,54965.0,5,0.0,14.1,7.9,14850.0,289101.0
5878,Bebidas,82038.0,5,0.0,21.2,0.9,4350.0,415806.0
5879,Tortas Personalizadas,71523.0,4,0.0,37.5,9.0,16500.0,300865.0
5880,Panaderia Artesanal,42084.0,13,0.0,19.9,6.2,12300.0,558986.0
5881,Galletas y Brownies,63999.0,7,0.0,38.0,8.1,15150.0,463544.0
5882,Tortas Personalizadas,15251.0,8,0.0,20.0,6.9,13350.0,135225.0
5883,Bebidas,45968.0,5,0.05,37.6,7.7,14550.0,233437.0
5884,Tortas Personalizadas,27325.0,9,0.0,42.0,2.1,6150.0,252922.0
5885,Bebidas,17893.0,7,0.15,2.4,0.7,4050.0,111489.0
5886,Postres Individuales,39102.0,13,0.05,4.2,5.4,11100.0,495658.0
5887,Bebidas,15481.0,13,0.0,7.3,4.2,9300.0,214073.0
5888,Bebidas,60919.0,7,0.0,6.8,4.1,9150.0,436954.0
5889,Bebidas,41499.0,8,0.1,21.3,14.1,24150.0,322872.0
5890,Panaderia Artesanal,47492.0,12,0.0,34.7,12.4,21600.0,592189.0
5891,Bebidas,16710.0,4,0.15,43.3,0.7,4050.0,60378.0
5892,Galletas y Brownies,16182.0,10,0.0,19.7,0.6,3900.0,167377.0
5893,Galletas y Brownies,51673.0,13,0.05,31.4,11.8,20700.0,659293.0
5894,Tortas Personalizadas,83801.0,13,0.2,29.1,14.8,25200.0,899136.0
5895,Panaderia Artesanal,12700.0,6,0.05,18.6,7.2,13800.0,85689.0
5896,Tortas Personalizadas,27859.0,5,0.15,32.9,6.8,13200.0,131193.0
5897,Galletas y Brownies,74557.0,1,0.15,27.2,4.5,9750.0,72815.0
5898,Galletas y Brownies,10782.0,14,0.15,34.6,10.2,18300.0,145841.0
5899,Postres Individuales,75071.0,13,0.1,9.9,7.3,13950.0,893120.0
5900,Bebidas,46943.0,9,0.0,17.2,2.9,7350.0,430220.0
5901,Galletas y Brownies,37661.0,2,0.0,30.7,7.5,14250.0,90085.0
5902,Tortas Personalizadas,29774.0,6,0.0,6.9,6.0,12000.0,187674.0
5903,Tortas Personalizadas,28769.0,8,0.2,35.0,13.4,23100.0,205750.0
5904,Bebidas,29464.0,3,0.0,7.3,11.7,20550.0,108825.0
5905,Bebidas,75784.0,5,0.0,15.6,10.7,19050.0,398150.0
5906,Postres Individuales,62904.0,14,0.1,11.8,5.2,10800.0,805803.0
5907,Panaderia Artesanal,58578.0,7,0.0,4.2,2.5,6750.0,415368.0
5908,Tortas Personalizadas,68900.0,4,0.05,13.3,13.0,22500.0,282630.0
5909,Bebidas,25569.0,14,0.15,41.2,5.5,11250.0,313932.0
5910,Tortas Personalizadas,54443.0,12,0.05,2.7,9.1,16650.0,637457.0
5911,Bebidas,41805.0,5,0.05,2.2,9.1,16650.0,216304.0
5912,Galletas y Brownies,67595.0,1,0.05,32.1,14.0,24000.0,87378.0
5913,Tortas Personalizadas,29740.0,4,0.05,17.5,3.0,7500.0,120749.0
5914,Galletas y Brownies,56454.0,14,0.0,11.5,11.7,20550.0,809130.0
5915,Tortas Personalizadas,75577.0,14,0.0,23.6,7.2,13800.0,1069971.0
5916,Panaderia Artesanal,37172.0,7,0.0,13.1,3.0,7500.0,267028.0
5917,Postres Individuales,10330.0,12,0.05,18.6,12.6,21900.0,140945.0
5918,Galletas y Brownies,46284.0,10,0.05,32.6,12.4,21600.0,460249.0
5919,Bebidas,32678.0,7,0.0,6.6,1.1,4650.0,233125.0
5920,Panaderia Artesanal,58778.0,10,0.05,43.2,10.8,19200.0,576194.0
5921,Tortas Personalizadas,81083.0,10,0.0,3.3,2.7,7050.0,816271.0
5922,Galletas y Brownies,43849.0,4,0.0,36.6,9.4,17100.0,193171.0
5923,Tortas Personalizadas,42295.0,12,0.0,33.0,9.8,17700.0,524377.0
5924,Tortas Personalizadas,57367.0,6,0.1,13.8,10.1,18150.0,325833.0
5925,Tortas Personalizadas,13280.0,13,0.1,6.6,2.2,6300.0,159501.0
5926,Postres Individuales,25280.0,5,0.0,38.6,9.2,16800.0,144703.0
5927,Postres Individuales,78518.0,1,0.1,31.1,1.9,5850.0,74013.0
5928,Bebidas,58595.0,8,0.0,14.2,11.3,19950.0,490396.0
5929,Galletas y Brownies,6076.0,12,0.15,2.2,1.4,5100.0,68040.0
5930,Panaderia Artesanal,21370.0,7,0.0,42.3,11.5,20250.0,169182.0
5931,Panaderia Artesanal,59627.0,5,0.15,19.1,13.3,22950.0,277448.0
5932,Panaderia Artesanal,66152.0,13,0.05,9.2,4.8,10200.0,826874.0
5933,Tortas Personalizadas,72189.0,10,0.05,41.2,11.8,20700.0,707115.0
5934,Postres Individuales,28374.0,10,0.05,17.1,6.6,12900.0,279642.0
5935,Galletas y Brownies,79482.0,7,0.0,21.7,12.1,21150.0,577743.0
5936,Tortas Personalizadas,49236.0,10,0.1,31.9,10.5,18750.0,461333.0
5937,Postres Individuales,60723.0,3,0.0,37.1,4.7,10050.0,191474.0
5938,Postres Individuales,52739.0,8,0.0,5.9,3.3,7950.0,431200.0
5939,Galletas y Brownies,14819.0,5,0.05,40.6,13.8,23700.0,97253.0
5940,Galletas y Brownies,82049.0,2,0.0,42.1,12.7,22050.0,188097.0
5941,Galletas y Brownies,14830.0,2,0.0,12.8,10.1,18150.0,49555.0
5942,Tortas Personalizadas,25391.0,4,0.15,23.1,5.6,11400.0,96486.0
5943,Bebidas,70090.0,7,0.15,38.8,7.9,14850.0,432887.0
5944,Galletas y Brownies,54488.0,14,0.05,22.7,8.6,15900.0,740017.0
5945,Bebidas,72052.0,10,0.1,22.5,1.7,5550.0,653308.0
5946,Tortas Personalizadas,46259.0,4,0.2,28.4,14.6,24900.0,176158.0
5947,Bebidas,35159.0,9,0.05,34.9,1.8,5700.0,303308.0
5948,Panaderia Artesanal,78748.0,2,0.15,30.5,11.0,19500.0,154094.0
5949,Bebidas,7900.0,6,0.0,28.8,7.6,14400.0,62421.0
5950,Galletas y Brownies,73490.0,4,0.1,17.7,11.5,20250.0,286070.0
5951,Tortas Personalizadas,23465.0,6,0.0,28.9,4.3,9450.0,151460.0
5952,Galletas y Brownies,72899.0,10,0.1,6.0,6.2,12300.0,669159.0
5953,Panaderia Artesanal,16136.0,9,0.1,19.3,8.1,15150.0,146472.0
5954,Galletas y Brownies,51418.0,10,0.0,9.7,2.3,6450.0,519473.0
5955,Galletas y Brownies,76049.0,12,0.05,24.9,12.9,22350.0,889403.0
5956,Galletas y Brownies,42883.0,9,0.15,12.9,14.9,25350.0,354670.0
5957,Postres Individuales,64725.0,9,0.15,23.5,6.6,12900.0,507040.0
5958,Panaderia Artesanal,69374.0,9,0.0,35.3,6.0,12000.0,636931.0
5959,Galletas y Brownies,63920.0,3,0.1,20.4,9.1,16650.0,190517.0
5960,Galletas y Brownies,79026.0,12,0.0,11.0,10.5,18750.0,966577.0
5961,Galletas y Brownies,40747.0,11,0.1,11.2,13.1,22650.0,428391.0
5962,Tortas Personalizadas,18850.0,14,0.0,40.9,5.9,11850.0,276611.0
5963,Postres Individuales,8825.0,9,0.0,35.5,11.6,20400.0,97457.0
5964,Tortas Personalizadas,24717.0,3,0.0,3.1,4.0,9000.0,83294.0
5965,Postres Individuales,16456.0,10,0.0,42.5,10.4,18600.0,181991.0
5966,Galletas y Brownies,49636.0,3,0.1,6.4,7.3,13950.0,146436.0
5967,Panaderia Artesanal,19796.0,5,0.0,29.9,10.1,18150.0,115697.0
5968,Bebidas,8115.0,6,0.1,25.5,6.0,12000.0,58688.0
5969,Bebidas,7879.0,9,0.2,3.5,4.8,10200.0,65734.0
5970,Galletas y Brownies,71526.0,1,0.1,14.3,7.5,14250.0,78404.0
5971,Tortas Personalizadas,52316.0,8,0.0,35.2,13.5,23250.0,442269.0
5972,Panaderia Artesanal,33647.0,14,0.05,14.8,10.3,18450.0,464900.0
5973,Postres Individuales,76538.0,14,0.0,22.4,9.4,17100.0,1087396.0
5974,Galletas y Brownies,10616.0,4,0.0,31.9,10.9,19350.0,60881.0
5975,Panaderia Artesanal,83426.0,10,0.15,4.6,11.1,19650.0,727899.0
5976,Panaderia Artesanal,54303.0,7,0.0,37.7,4.8,10200.0,391117.0
5977,Postres Individuales,19677.0,6,0.15,3.3,3.9,8850.0,107923.0
5978,Panaderia Artesanal,59326.0,6,0.0,12.9,7.9,14850.0,373109.0
5979,Tortas Personalizadas,66071.0,7,0.0,34.7,2.6,6900.0,469076.0
5980,Tortas Personalizadas,39347.0,4,0.0,41.2,7.4,14100.0,173921.0
5981,Tortas Personalizadas,73931.0,6,0.1,34.6,10.5,18750.0,417884.0
5982,Panaderia Artesanal,17059.0,3,0.0,11.4,0.6,3900.0,52848.0
5983,Tortas Personalizadas,27307.0,5,0.0,44.4,2.1,6150.0,141737.0
5984,Postres Individuales,12479.0,13,0.05,19.5,14.5,24750.0,179668.0
5985,Panaderia Artesanal,21870.0,13,0.15,17.9,14.0,24000.0,264100.0
5986,Bebidas,24098.0,14,0.05,39.1,6.6,12900.0,333344.0
5987,Panaderia Artesanal,78411.0,13,0.0,4.4,9.1,16650.0,1036518.0
5988,Postres Individuales,11249.0,2,0.0,25.7,2.8,7200.0,30262.0
5989,Bebidas,39193.0,3,0.1,43.5,5.3,10950.0,117628.0
5990,Panaderia Artesanal,47592.0,13,0.05,5.9,12.0,21000.0,609115.0
5991,Tortas Personalizadas,76895.0,9,0.15,25.0,12.9,22350.0,609090.0
5992,Galletas y Brownies,84816.0,6,0.05,7.3,6.4,12600.0,495642.0
5993,Galletas y Brownies,65271.0,3,0.0,40.2,5.0,10500.0,206331.0
5994,Tortas Personalizadas,82663.0,2,0.0,27.1,10.4,18600.0,184594.0
5995,Galletas y Brownies,67968.0,5,0.05,11.7,10.9,19350.0,341098.0
5996,Galletas y Brownies,82056.0,10,0.0,14.9,14.8,25200.0,845698.0
5997,Tortas Personalizadas,61582.0,14,0.2,24.0,10.6,18900.0,711491.0
5998,Tortas Personalizadas,11381.0,5,0.0,33.1,4.0,9000.0,67302.0
5999,Panaderia Artesanal,37154.0,1,0.05,22.7,1.4,5100.0,41719.0
6000,Panaderia Artesanal,56728.0,3,0.0,9.7,4.2,9300.0,179398.0
6001,Tortas Personalizadas,33057.0,7,0.0,32.3,3.8,8700.0,240383.0
6002,Postres Individuales,26871.0,9,0.05,6.6,1.8,5700.0,235472.0
6003,Galletas y Brownies,51192.0,5,0.05,36.7,6.9,13350.0,257235.0
6004,Panaderia Artesanal,79680.0,4,0.0,18.7,4.7,10050.0,326918.0
6005,Galletas y Brownies,7799.0,3,0.0,29.9,13.9,23850.0,46051.0
6006,Bebidas,66538.0,10,0.05,16.5,6.4,12600.0,642604.0
6007,Tortas Personalizadas,62818.0,13,0.1,30.6,13.2,22800.0,758892.0
6008,Postres Individuales,82116.0,9,0.0,40.2,4.9,10350.0,750486.0
6009,Bebidas,79457.0,14,0.05,32.0,12.6,21900.0,1077705.0
6010,Bebidas,65979.0,7,0.0,30.7,7.1,13650.0,474447.0
6011,Bebidas,46633.0,12,0.05,34.4,1.0,4500.0,537216.0
6012,Tortas Personalizadas,21341.0,7,0.05,23.3,7.6,14400.0,157382.0
6013,Panaderia Artesanal,48619.0,14,0.0,11.1,3.8,8700.0,691803.0
6014,Tortas Personalizadas,66228.0,13,0.05,37.0,5.0,10500.0,827181.0
6015,Panaderia Artesanal,76654.0,8,0.0,29.7,10.4,18600.0,631661.0
6016,Bebidas,68177.0,10,0.0,15.2,8.2,15300.0,697257.0
6017,Bebidas,20621.0,1,0.05,13.5,13.4,23100.0,43539.0
6018,Postres Individuales,52975.0,11,0.0,23.2,14.1,24150.0,608326.0
6019,Panaderia Artesanal,31574.0,4,0.1,10.5,10.5,18750.0,132238.0
6020,Bebidas,5736.0,13,0.0,39.7,13.0,22500.0,97397.0
6021,Galletas y Brownies,21018.0,13,0.1,35.8,3.3,7950.0,253390.0
6022,Postres Individuales,14058.0,5,0.0,14.9,1.6,5400.0,73530.0
6023,Tortas Personalizadas,72418.0,5,0.0,3.6,5.3,10950.0,371771.0
6024,Postres Individuales,25681.0,1,0.05,3.8,5.2,10800.0,34495.0
6025,Galletas y Brownies,27776.0,3,0.0,14.4,10.1,18150.0,102318.0
6026,Panaderia Artesanal,81795.0,2,0.2,7.9,12.7,22050.0,149764.0
6027,Tortas Personalizadas,35327.0,12,0.05,39.5,4.8,10200.0,413793.0
6028,Tortas Personalizadas,5767.0,7,0.0,19.8,6.7,13050.0,54292.0
6029,Panaderia Artesanal,27708.0,13,0.15,16.6,2.0,6000.0,311488.0
6030,Postres Individuales,14544.0,14,0.0,11.0,6.5,12750.0,219222.0
6031,Bebidas,13225.0,5,0.0,38.1,3.6,8400.0,74906.0
6032,Postres Individuales,11199.0,3,0.0,36.0,6.0,12000.0,45958.0
6033,Galletas y Brownies,52461.0,11,0.15,18.2,4.4,9600.0,499867.0
6034,Bebidas,20148.0,8,0.1,8.9,12.2,21300.0,163623.0
6035,Postres Individuales,33899.0,1,0.05,42.9,0.6,3900.0,35128.0
6036,Panaderia Artesanal,73961.0,1,0.1,15.2,5.4,11100.0,76477.0
6037,Galletas y Brownies,38947.0,14,0.05,35.0,14.6,24900.0,543885.0
6038,Galletas y Brownies,78255.0,6,0.1,21.6,10.3,18450.0,440237.0
6039,Galletas y Brownies,44835.0,1,0.0,35.5,11.7,20550.0,65837.0
6040,Bebidas,36907.0,4,0.0,22.5,13.0,22500.0,167697.0
6041,Tortas Personalizadas,65031.0,6,0.0,41.8,5.7,11550.0,403783.0
6042,Bebidas,10854.0,1,0.15,36.3,1.5,5250.0,15549.0
6043,Postres Individuales,12158.0,13,0.1,12.8,6.5,12750.0,154961.0
6044,Tortas Personalizadas,57158.0,9,0.05,20.2,10.0,18000.0,505977.0
6045,Postres Individuales,43955.0,4,0.0,5.9,5.9,11850.0,188920.0
6046,Tortas Personalizadas,68233.0,9,0.0,40.8,7.0,13500.0,626821.0
6047,Bebidas,78302.0,9,0.1,4.5,12.5,21750.0,655209.0
6048,Galletas y Brownies,36069.0,13,0.0,2.3,1.0,4500.0,473053.0
6049,Panaderia Artesanal,52713.0,6,0.1,23.1,5.4,11100.0,297945.0
6050,Galletas y Brownies,45056.0,13,0.0,27.7,7.6,14400.0,599186.0
6051,Bebidas,83529.0,7,0.05,11.2,4.8,10200.0,566689.0
6052,Tortas Personalizadas,71487.0,13,0.05,26.3,7.0,13500.0,895210.0
6053,Galletas y Brownies,77939.0,1,0.1,40.5,6.3,12450.0,79430.0
6054,Bebidas,25347.0,5,0.0,28.7,13.9,23850.0,151176.0
6055,Postres Individuales,66802.0,3,0.05,21.3,7.7,14550.0,203636.0
6056,Panaderia Artesanal,26238.0,10,0.0,7.8,7.4,14100.0,276036.0
6057,Galletas y Brownies,21699.0,10,0.15,8.8,4.2,9300.0,195003.0
6058,Tortas Personalizadas,80541.0,13,0.05,22.6,1.2,4800.0,998117.0
6059,Postres Individuales,6544.0,6,0.0,21.6,4.8,10200.0,48841.0
6060,Bebidas,82231.0,4,0.05,24.2,0.9,4350.0,317792.0
6061,Panaderia Artesanal,16941.0,13,0.05,23.6,12.5,21750.0,230286.0
6062,Tortas Personalizadas,70555.0,14,0.1,16.3,3.5,8250.0,897374.0
6063,Bebidas,27074.0,13,0.0,31.8,13.7,23550.0,375293.0
6064,Bebidas,33056.0,9,0.0,10.7,13.3,22950.0,320238.0
6065,Galletas y Brownies,22341.0,7,0.15,38.6,10.1,18150.0,150767.0
6066,Galletas y Brownies,51841.0,14,0.15,10.0,13.0,22500.0,640078.0
6067,Tortas Personalizadas,32848.0,4,0.0,19.6,13.2,22800.0,151328.0
6068,Bebidas,57591.0,13,0.0,10.7,11.8,20700.0,768983.0
6069,Galletas y Brownies,6252.0,11,0.0,28.4,7.9,14850.0,82442.0
6070,Panaderia Artesanal,10150.0,6,0.0,22.3,14.3,24450.0,86369.0
6071,Panaderia Artesanal,12973.0,2,0.0,17.8,12.4,21600.0,49334.0
6072,Bebidas,38519.0,14,0.0,22.2,2.3,6450.0,545686.0
6073,Galletas y Brownies,70184.0,3,0.1,19.8,6.6,12900.0,202147.0
6074,Tortas Personalizadas,76054.0,11,0.0,38.7,8.3,15450.0,852794.0
6075,Tortas Personalizadas,24585.0,7,0.05,6.9,8.2,15300.0,178980.0
6076,Tortas Personalizadas,50950.0,11,0.05,36.0,6.0,12000.0,544191.0
6077,Panaderia Artesanal,66469.0,12,0.05,30.0,8.2,15300.0,773408.0
6078,Galletas y Brownies,28106.0,4,0.05,16.7,1.8,5700.0,111999.0
6079,Galletas y Brownies,37721.0,14,0.05,41.5,10.0,18000.0,520767.0
6080,Panaderia Artesanal,46918.0,12,0.1,9.2,7.7,14550.0,523890.0
6081,Tortas Personalizadas,15790.0,10,0.1,15.0,11.9,20850.0,162700.0
6082,Tortas Personalizadas,7079.0,7,0.0,17.8,10.6,18900.0,69095.0
6083,Bebidas,17224.0,9,0.0,29.7,2.1,6150.0,158211.0
6084,Postres Individuales,55148.0,14,0.1,42.7,5.6,11400.0,703654.0
6085,Galletas y Brownies,10889.0,13,0.05,27.3,11.2,19800.0,154609.0
6086,Galletas y Brownies,20176.0,5,0.2,38.7,5.4,11100.0,91248.0
6087,Galletas y Brownies,32028.0,14,0.0,40.9,8.7,16050.0,463359.0
6088,Postres Individuales,11230.0,1,0.0,21.8,14.4,24600.0,36502.0
6089,Bebidas,20336.0,5,0.0,22.1,1.7,5550.0,106794.0
6090,Postres Individuales,77902.0,6,0.0,12.4,3.3,7950.0,476028.0
6091,Tortas Personalizadas,6544.0,14,0.05,27.7,7.5,14250.0,101472.0
6092,Tortas Personalizadas,57275.0,11,0.1,6.7,11.2,19800.0,587946.0
6093,Galletas y Brownies,35753.0,2,0.05,29.1,5.3,10950.0,78683.0
6094,Panaderia Artesanal,58812.0,8,0.0,40.3,2.2,6300.0,476766.0
6095,Galletas y Brownies,52095.0,13,0.1,34.6,5.1,10650.0,619728.0
6096,Panaderia Artesanal,22880.0,2,0.05,29.7,9.8,17700.0,60470.0
6097,Postres Individuales,72777.0,14,0.05,38.0,12.0,21000.0,989600.0
6098,Tortas Personalizadas,44355.0,9,0.05,33.2,14.7,25050.0,402881.0
6099,Panaderia Artesanal,70803.0,14,0.05,24.5,11.5,20250.0,963510.0
6100,Postres Individuales,37481.0,13,0.0,24.2,7.6,14400.0,500184.0
6101,Tortas Personalizadas,83775.0,2,0.05,6.2,4.7,10050.0,168729.0
6102,Panaderia Artesanal,66639.0,3,0.1,20.4,13.9,23850.0,203156.0
6103,Galletas y Brownies,82276.0,8,0.0,24.2,8.2,15300.0,674364.0
6104,Galletas y Brownies,46146.0,11,0.0,21.9,10.5,18750.0,528190.0
6105,Galletas y Brownies,42895.0,6,0.0,35.3,7.4,14100.0,271936.0
6106,Postres Individuales,65436.0,1,0.0,8.5,4.0,9000.0,76761.0
6107,Galletas y Brownies,75423.0,4,0.1,36.1,8.4,15600.0,286082.0
6108,Bebidas,82132.0,5,0.0,33.8,12.7,22050.0,432307.0
6109,Tortas Personalizadas,30964.0,14,0.0,40.7,6.1,12150.0,443564.0
6110,Postres Individuales,68896.0,11,0.0,17.7,10.2,18300.0,774488.0
6111,Galletas y Brownies,21852.0,3,0.0,9.2,1.1,4650.0,71602.0
6112,Tortas Personalizadas,48646.0,1,0.1,34.5,14.1,24150.0,67628.0
6113,Panaderia Artesanal,19388.0,3,0.05,27.1,14.6,24900.0,79444.0
6114,Galletas y Brownies,32792.0,13,0.0,32.5,6.1,12150.0,437111.0
6115,Tortas Personalizadas,79509.0,9,0.2,44.9,7.7,14550.0,588036.0
6116,Bebidas,16687.0,2,0.0,10.0,2.8,7200.0,39956.0
6117,Panaderia Artesanal,55592.0,1,0.05,19.4,3.3,7950.0,59031.0
6118,Bebidas,52436.0,7,0.1,9.9,9.2,16800.0,347184.0
6119,Tortas Personalizadas,14659.0,13,0.05,38.9,9.6,17400.0,199202.0
6120,Bebidas,31078.0,7,0.2,2.2,5.5,11250.0,185041.0
6121,Tortas Personalizadas,50039.0,5,0.1,7.4,5.9,11850.0,236236.0
6122,Tortas Personalizadas,19974.0,2,0.15,12.3,7.8,14700.0,48744.0
6123,Bebidas,69050.0,14,0.0,35.1,14.1,24150.0,988801.0
6124,Tortas Personalizadas,82773.0,1,0.05,28.8,2.7,7050.0,86660.0
6125,Galletas y Brownies,22181.0,13,0.1,18.4,8.5,15750.0,275830.0
6126,Tortas Personalizadas,19953.0,5,0.15,8.4,1.3,4950.0,91272.0
6127,Postres Individuales,41395.0,10,0.15,15.5,7.1,13650.0,364251.0
6128,Tortas Personalizadas,64821.0,4,0.15,33.8,6.3,12450.0,230480.0
6129,Postres Individuales,27528.0,9,0.1,18.1,2.9,7350.0,228094.0
6130,Tortas Personalizadas,6590.0,5,0.0,21.6,2.9,7350.0,38801.0
6131,Tortas Personalizadas,48298.0,11,0.0,28.0,7.0,13500.0,542975.0
6132,Bebidas,81528.0,10,0.0,41.2,2.3,6450.0,822515.0
6133,Galletas y Brownies,36302.0,12,0.0,12.4,4.8,10200.0,445090.0
6134,Galletas y Brownies,38611.0,12,0.0,21.0,1.5,5250.0,468214.0
6135,Panaderia Artesanal,82512.0,2,0.0,15.0,4.8,10200.0,174317.0
6136,Bebidas,60569.0,4,0.0,21.8,8.2,15300.0,257318.0
6137,Bebidas,62534.0,13,0.2,31.8,11.3,19950.0,671297.0
6138,Galletas y Brownies,50016.0,12,0.0,22.5,12.5,21750.0,624261.0
6139,Bebidas,82969.0,9,0.0,37.8,5.4,11100.0,759161.0
6140,Galletas y Brownies,60109.0,8,0.1,25.6,14.1,24150.0,456980.0
6141,Bebidas,76603.0,3,0.1,18.3,4.0,9000.0,215381.0
6142,Tortas Personalizadas,60950.0,8,0.0,35.5,1.7,5550.0,494963.0
6143,Galletas y Brownies,63809.0,13,0.0,20.3,13.9,23850.0,851956.0
6144,Galletas y Brownies,28233.0,2,0.0,23.9,8.3,15450.0,71891.0
6145,Postres Individuales,29278.0,3,0.0,44.8,5.6,11400.0,97487.0
6146,Bebidas,67639.0,14,0.0,35.7,13.5,23250.0,971950.0
6147,Bebidas,28737.0,5,0.05,38.7,11.7,20550.0,159135.0
6148,Galletas y Brownies,50022.0,11,0.1,27.3,12.6,21900.0,515174.0
6149,Tortas Personalizadas,24948.0,12,0.05,16.6,4.7,10050.0,292404.0
6150,Tortas Personalizadas,70359.0,14,0.0,44.6,13.2,22800.0,1007067.0
6151,Tortas Personalizadas,13840.0,10,0.0,12.1,9.9,17850.0,157087.0
6152,Bebidas,71356.0,10,0.0,39.5,11.2,19800.0,732152.0
6153,Postres Individuales,53218.0,8,0.0,41.1,5.0,10500.0,435115.0
6154,Galletas y Brownies,19953.0,1,0.05,37.1,4.1,9150.0,29035.0
6155,Panaderia Artesanal,48363.0,4,0.15,6.5,6.4,12600.0,177406.0
6156,Postres Individuales,27600.0,1,0.0,38.7,8.8,16200.0,43652.0
6157,Panaderia Artesanal,30877.0,1,0.2,30.4,10.2,18300.0,43069.0
6158,Postres Individuales,33122.0,12,0.15,31.1,7.7,14550.0,352777.0
6159,Tortas Personalizadas,10066.0,5,0.0,35.7,10.6,18900.0,70438.0
6160,Bebidas,83877.0,6,0.0,22.8,10.8,19200.0,523713.0
6161,Panaderia Artesanal,7523.0,1,0.0,13.1,10.2,18300.0,25018.0
6162,Postres Individuales,58000.0,11,0.05,26.5,4.1,9150.0,615064.0
6163,Bebidas,34698.0,6,0.0,6.2,7.0,13500.0,220766.0
6164,Panaderia Artesanal,56681.0,5,0.0,30.9,11.6,20400.0,304414.0
6165,Galletas y Brownies,33500.0,4,0.15,22.5,13.4,23100.0,135486.0
6166,Postres Individuales,58900.0,10,0.0,23.4,7.8,14700.0,601981.0
6167,Galletas y Brownies,63339.0,5,0.0,9.6,14.8,25200.0,341175.0
6168,Tortas Personalizadas,60244.0,8,0.1,3.3,3.0,7500.0,438089.0
6169,Galletas y Brownies,14117.0,9,0.15,28.1,3.8,8700.0,111183.0
6170,Galletas y Brownies,57551.0,11,0.0,30.2,7.2,13800.0,647400.0
6171,Postres Individuales,27399.0,14,0.0,23.2,7.9,14850.0,399105.0
6172,Tortas Personalizadas,7304.0,12,0.1,34.8,6.7,13050.0,90417.0
6173,Galletas y Brownies,38186.0,2,0.1,26.0,6.7,13050.0,81498.0
6174,Bebidas,39683.0,6,0.2,38.4,7.6,14400.0,207055.0
6175,Panaderia Artesanal,42374.0,3,0.0,14.0,5.1,10650.0,137472.0
6176,Galletas y Brownies,61386.0,2,0.1,12.1,2.4,6600.0,118913.0
6177,Tortas Personalizadas,29708.0,12,0.0,12.9,14.4,24600.0,379998.0
6178,Galletas y Brownies,30222.0,14,0.15,2.8,12.0,21000.0,380816.0
6179,Panaderia Artesanal,9844.0,13,0.0,40.7,12.3,21450.0,150052.0
6180,Tortas Personalizadas,59946.0,1,0.0,45.0,5.8,11700.0,70813.0
6181,Postres Individuales,50426.0,4,0.0,37.0,6.4,12600.0,213755.0
6182,Tortas Personalizadas,32954.0,8,0.0,19.4,14.1,24150.0,287443.0
6183,Postres Individuales,61415.0,3,0.0,16.9,14.6,24900.0,207838.0
6184,Tortas Personalizadas,47989.0,5,0.0,35.2,14.2,24300.0,264465.0
6185,Panaderia Artesanal,42540.0,14,0.0,23.7,9.8,17700.0,614979.0
6186,Panaderia Artesanal,45906.0,10,0.0,42.4,4.0,9000.0,469732.0
6187,Tortas Personalizadas,55908.0,5,0.1,13.7,9.3,16950.0,271385.0
6188,Galletas y Brownies,57800.0,5,0.0,15.6,9.0,16500.0,304780.0
6189,Panaderia Artesanal,28117.0,11,0.1,44.9,13.7,23550.0,301052.0
6190,Postres Individuales,16259.0,9,0.1,44.1,5.0,10500.0,143046.0
6191,Postres Individuales,17531.0,8,0.0,40.0,3.4,8100.0,150356.0
6192,Bebidas,56151.0,8,0.0,19.1,4.4,9600.0,460369.0
6193,Postres Individuales,74830.0,13,0.1,37.9,4.0,9000.0,885445.0
6194,Bebidas,37760.0,13,0.0,13.8,9.9,17850.0,507472.0
6195,Tortas Personalizadas,18562.0,1,0.0,12.6,12.3,21450.0,38866.0
6196,Tortas Personalizadas,65528.0,1,0.0,25.3,5.8,11700.0,77962.0
6197,Tortas Personalizadas,71599.0,2,0.0,38.9,3.1,7650.0,151444.0
6198,Galletas y Brownies,75447.0,14,0.0,5.7,5.5,11250.0,1067261.0
6199,Galletas y Brownies,53547.0,8,0.2,26.1,8.4,15600.0,358967.0
6200,Bebidas,73858.0,10,0.15,28.0,10.1,18150.0,646055.0
6201,Postres Individuales,6233.0,1,0.15,26.7,8.5,15750.0,22178.0
6202,Postres Individuales,13579.0,4,0.0,11.0,4.2,9300.0,62750.0
6203,Tortas Personalizadas,12406.0,9,0.2,4.3,13.8,23700.0,110878.0
6204,Panaderia Artesanal,62008.0,2,0.05,40.4,6.8,13200.0,129087.0
6205,Galletas y Brownies,10567.0,3,0.1,26.5,7.2,13800.0,41240.0
6206,Galletas y Brownies,44709.0,11,0.05,34.9,14.5,24750.0,491087.0
6207,Tortas Personalizadas,42817.0,6,0.0,17.4,13.1,22650.0,279499.0
6208,Galletas y Brownies,29856.0,13,0.15,3.3,12.2,21300.0,349926.0
6209,Tortas Personalizadas,74632.0,11,0.0,12.8,3.1,7650.0,826942.0
6210,Bebidas,18635.0,10,0.2,4.7,12.7,22050.0,168825.0
6211,Postres Individuales,33197.0,3,0.0,4.9,7.1,13650.0,113514.0
6212,Panaderia Artesanal,66934.0,4,0.2,10.8,3.5,8250.0,222401.0
6213,Postres Individuales,7434.0,9,0.0,29.1,14.9,25350.0,92540.0
6214,Postres Individuales,58836.0,9,0.0,37.1,3.0,7500.0,536309.0
6215,Bebidas,70312.0,10,0.05,37.2,13.9,23850.0,694493.0
6216,Galletas y Brownies,79581.0,5,0.05,42.3,0.5,3750.0,379988.0
6217,Panaderia Artesanal,75104.0,7,0.1,30.1,6.8,13200.0,486441.0
6218,Galletas y Brownies,30551.0,9,0.0,2.4,0.9,4350.0,275992.0
6219,Postres Individuales,51909.0,8,0.0,17.9,13.7,23550.0,439422.0
6220,Tortas Personalizadas,11183.0,11,0.0,6.3,2.3,6450.0,128303.0
6221,Postres Individuales,25630.0,7,0.0,35.3,10.3,18450.0,195846.0
6222,Galletas y Brownies,12538.0,12,0.05,6.7,9.7,17550.0,161154.0
6223,Postres Individuales,30215.0,8,0.0,6.1,11.8,20700.0,260592.0
6224,Tortas Personalizadas,75015.0,5,0.0,2.7,11.3,19950.0,393766.0
6225,Bebidas,32773.0,5,0.2,43.1,1.0,4500.0,137047.0
6226,Galletas y Brownies,49952.0,5,0.0,35.7,6.1,12150.0,262135.0
6227,Postres Individuales,39670.0,1,0.05,16.0,5.2,10800.0,47902.0
6228,Galletas y Brownies,41713.0,6,0.0,17.9,14.6,24900.0,275382.0
6229,Bebidas,82566.0,5,0.0,4.1,11.7,20550.0,432761.0
6230,Postres Individuales,28692.0,8,0.05,8.4,10.8,19200.0,238217.0
6231,Postres Individuales,55186.0,8,0.0,15.0,6.9,13350.0,454590.0
6232,Galletas y Brownies,38605.0,2,0.05,18.4,13.4,23100.0,95018.0
6233,Galletas y Brownies,9892.0,11,0.15,28.5,0.7,4050.0,94301.0
6234,Tortas Personalizadas,44146.0,6,0.1,16.7,3.8,8700.0,248768.0
6235,Bebidas,70067.0,12,0.15,43.0,10.6,18900.0,731459.0
6236,Tortas Personalizadas,12900.0,11,0.05,16.4,7.9,14850.0,150769.0
6237,Postres Individuales,10567.0,10,0.0,42.5,8.2,15300.0,119656.0
6238,Galletas y Brownies,17291.0,10,0.0,33.2,6.5,12750.0,184663.0
6239,Postres Individuales,66152.0,6,0.1,40.6,2.9,7350.0,366427.0
6240,Postres Individuales,62920.0,3,0.05,32.1,2.9,7350.0,185649.0
6241,Panaderia Artesanal,50201.0,1,0.0,26.2,4.8,10200.0,59981.0
6242,Panaderia Artesanal,42458.0,7,0.0,23.6,7.3,13950.0,312890.0
6243,Postres Individuales,76066.0,10,0.0,14.2,12.4,21600.0,783165.0
6244,Galletas y Brownies,66336.0,5,0.0,14.5,7.0,13500.0,346166.0
6245,Postres Individuales,69955.0,12,0.0,11.2,13.5,23250.0,861466.0
6246,Panaderia Artesanal,70061.0,12,0.05,18.3,2.2,6300.0,803673.0
6247,Galletas y Brownies,56417.0,10,0.0,7.0,4.4,9600.0,574596.0
6248,Postres Individuales,41641.0,5,0.05,18.4,1.5,5250.0,203043.0
6249,Bebidas,74174.0,11,0.1,37.8,7.9,14850.0,749094.0
6250,Bebidas,79081.0,8,0.0,39.4,1.8,5700.0,636496.0
6251,Postres Individuales,6904.0,12,0.0,29.5,12.0,21000.0,102795.0
6252,Galletas y Brownies,9124.0,5,0.0,12.7,1.1,4650.0,47697.0
6253,Postres Individuales,81699.0,5,0.05,12.0,7.4,14100.0,402353.0
6254,Postres Individuales,27173.0,1,0.05,13.6,6.6,12900.0,39348.0
6255,Panaderia Artesanal,74870.0,2,0.0,23.3,3.4,8100.0,159217.0
6256,Bebidas,36104.0,5,0.0,44.0,9.0,16500.0,194848.0
6257,Panaderia Artesanal,14528.0,7,0.0,6.2,6.1,12150.0,114855.0
6258,Panaderia Artesanal,11435.0,3,0.1,23.3,3.4,8100.0,38866.0
6259,Postres Individuales,17521.0,12,0.0,31.2,12.5,21750.0,233555.0
6260,Panaderia Artesanal,24991.0,1,0.1,12.2,10.1,18150.0,37937.0
6261,Bebidas,44081.0,11,0.05,43.7,0.7,4050.0,467051.0
6262,Panaderia Artesanal,61120.0,12,0.0,16.7,7.8,14700.0,747818.0
6263,Bebidas,83912.0,2,0.05,42.1,4.4,9600.0,169323.0
6264,Panaderia Artesanal,40321.0,3,0.0,27.5,13.8,23700.0,143410.0
6265,Bebidas,46455.0,12,0.0,1.7,11.0,19500.0,575476.0
6266,Panaderia Artesanal,46745.0,9,0.0,15.0,9.4,17100.0,438553.0
6267,Panaderia Artesanal,48155.0,8,0.0,2.4,1.8,5700.0,390430.0
6268,Galletas y Brownies,46419.0,4,0.0,18.1,14.0,24000.0,212100.0
6269,Bebidas,5702.0,8,0.1,42.1,2.6,6900.0,47512.0
6270,Bebidas,5138.0,13,0.15,35.4,7.0,13500.0,71521.0
6271,Bebidas,12813.0,9,0.05,28.5,10.4,18600.0,127816.0
6272,Tortas Personalizadas,13125.0,3,0.0,24.9,7.7,14550.0,49652.0
6273,Panaderia Artesanal,61392.0,6,0.2,17.7,13.3,22950.0,316992.0
6274,Bebidas,21393.0,8,0.0,10.7,12.6,21900.0,194156.0
6275,Tortas Personalizadas,76577.0,10,0.0,4.2,2.5,6750.0,772737.0
6276,Galletas y Brownies,79289.0,7,0.0,9.8,9.5,17250.0,571508.0
6277,Bebidas,83071.0,9,0.05,16.8,1.3,4950.0,715536.0
6278,Bebidas,80127.0,7,0.0,24.1,10.9,19350.0,582141.0
6279,Tortas Personalizadas,26751.0,1,0.05,10.4,11.2,19800.0,46803.0
6280,Panaderia Artesanal,45782.0,9,0.0,43.9,5.5,11250.0,421101.0
6281,Galletas y Brownies,19036.0,12,0.05,4.8,11.9,20850.0,237898.0
6282,Bebidas,69497.0,5,0.05,5.6,10.0,18000.0,348357.0
6283,Panaderia Artesanal,76075.0,6,0.1,31.2,7.8,14700.0,423857.0
6284,Galletas y Brownies,73103.0,2,0.15,34.3,7.1,13650.0,136737.0
6285,Postres Individuales,39669.0,2,0.05,43.8,2.1,6150.0,80074.0
6286,Postres Individuales,65694.0,13,0.0,24.6,8.2,15300.0,867978.0
6287,Galletas y Brownies,12806.0,4,0.05,8.7,2.8,7200.0,53561.0
6288,Tortas Personalizadas,8220.0,4,0.0,42.3,10.0,18000.0,50590.0
6289,Galletas y Brownies,65259.0,5,0.2,44.1,9.1,16650.0,278727.0
6290,Galletas y Brownies,39028.0,7,0.1,41.7,4.7,10050.0,254982.0
6291,Tortas Personalizadas,84644.0,13,0.0,39.4,4.1,9150.0,1111972.0
6292,Tortas Personalizadas,12780.0,11,0.1,4.9,7.4,14100.0,142546.0
6293,Panaderia Artesanal,73450.0,12,0.0,38.7,7.9,14850.0,895778.0
6294,Panaderia Artesanal,43399.0,1,0.0,43.0,12.1,21150.0,64158.0
6295,Tortas Personalizadas,71172.0,10,0.1,25.5,4.9,10350.0,652792.0
6296,Postres Individuales,70370.0,4,0.0,35.1,6.3,12450.0,292865.0
6297,Postres Individuales,78279.0,13,0.15,30.2,5.5,11250.0,876591.0
6298,Galletas y Brownies,28828.0,9,0.0,14.0,6.2,12300.0,273149.0
6299,Bebidas,80984.0,8,0.1,27.1,8.7,16050.0,598367.0
6300,Galletas y Brownies,17133.0,3,0.05,40.2,8.6,15900.0,64603.0
6301,Galletas y Brownies,11558.0,6,0.15,23.1,5.7,11550.0,68606.0
6302,Bebidas,39529.0,11,0.0,27.2,9.2,16800.0,449894.0
6303,Tortas Personalizadas,71266.0,9,0.0,24.6,9.4,17100.0,660762.0
6304,Postres Individuales,42874.0,8,0.1,13.8,8.1,15150.0,324413.0
6305,Galletas y Brownies,71343.0,7,0.05,29.5,7.1,13650.0,489124.0
6306,Bebidas,63375.0,7,0.0,23.7,1.6,5400.0,449620.0
6307,Panaderia Artesanal,21754.0,1,0.05,11.6,8.3,15450.0,36298.0
6308,Galletas y Brownies,80911.0,5,0.2,40.4,10.8,19200.0,342059.0
6309,Postres Individuales,9862.0,7,0.1,42.8,3.6,8400.0,73158.0
6310,Tortas Personalizadas,76862.0,14,0.05,3.9,11.8,20700.0,1041037.0
6311,Galletas y Brownies,29355.0,13,0.1,28.6,9.0,16500.0,358163.0
6312,Galletas y Brownies,45012.0,2,0.0,19.6,3.9,8850.0,97924.0
6313,Bebidas,38788.0,6,0.2,24.4,2.9,7350.0,194121.0
6314,Panaderia Artesanal,18747.0,14,0.05,17.8,4.1,9150.0,258737.0
6315,Panaderia Artesanal,33652.0,2,0.0,22.1,11.5,20250.0,86327.0
6316,Tortas Personalizadas,20435.0,3,0.0,15.6,4.1,9150.0,69942.0
6317,Postres Individuales,21311.0,1,0.0,6.6,10.4,18600.0,39233.0
6318,Tortas Personalizadas,19965.0,3,0.05,14.6,8.4,15600.0,72846.0
6319,Galletas y Brownies,44121.0,7,0.1,30.7,8.4,15600.0,292858.0
6320,Galletas y Brownies,68835.0,5,0.15,3.7,12.9,22350.0,317396.0
6321,Panaderia Artesanal,50518.0,4,0.15,18.1,13.2,22800.0,194122.0
6322,Postres Individuales,76457.0,13,0.0,3.3,8.3,15450.0,1008962.0
6323,Bebidas,55924.0,12,0.05,17.0,1.4,5100.0,643689.0
6324,Postres Individuales,60147.0,8,0.05,5.3,2.8,7200.0,465116.0
6325,Galletas y Brownies,58409.0,8,0.0,16.3,14.3,24450.0,493425.0
6326,Bebidas,40957.0,1,0.05,38.0,2.5,6750.0,47091.0
6327,Postres Individuales,60147.0,9,0.0,28.2,12.6,21900.0,562871.0
6328,Postres Individuales,10577.0,14,0.0,31.2,8.3,15450.0,165245.0
6329,Bebidas,73788.0,9,0.0,23.4,2.2,6300.0,669782.0
6330,Galletas y Brownies,67225.0,2,0.1,41.6,13.8,23700.0,143053.0
6331,Postres Individuales,24618.0,2,0.05,25.0,14.0,24000.0,70713.0
6332,Bebidas,66443.0,8,0.1,6.0,9.4,17100.0,496060.0
6333,Galletas y Brownies,6011.0,12,0.05,42.1,6.1,12150.0,80998.0
6334,Bebidas,22380.0,11,0.0,7.3,9.3,16950.0,263805.0
6335,Bebidas,10211.0,6,0.0,45.0,9.6,17400.0,77483.0
6336,Postres Individuales,67418.0,3,0.0,20.4,9.5,17250.0,220412.0
6337,Galletas y Brownies,65470.0,12,0.0,4.7,11.1,19650.0,807360.0
6338,Postres Individuales,70091.0,2,0.15,39.1,1.5,5250.0,123236.0
6339,Tortas Personalizadas,5359.0,5,0.05,5.5,2.0,6000.0,32797.0
6340,Tortas Personalizadas,45099.0,8,0.0,9.1,4.6,9900.0,371268.0
6341,Galletas y Brownies,61387.0,6,0.0,19.7,5.6,11400.0,380735.0
6342,Bebidas,17432.0,12,0.05,30.9,9.8,17700.0,215241.0
6343,Postres Individuales,56983.0,3,0.05,6.8,3.0,7500.0,170108.0
6344,Postres Individuales,11729.0,12,0.05,28.6,8.3,15450.0,149217.0
6345,Galletas y Brownies,19506.0,12,0.0,35.4,3.2,7800.0,241828.0
6346,Galletas y Brownies,43064.0,9,0.05,6.9,5.7,11550.0,380097.0
6347,Tortas Personalizadas,57285.0,8,0.0,29.7,14.1,24150.0,483233.0
6348,Panaderia Artesanal,16670.0,10,0.1,43.2,13.5,23250.0,175395.0
6349,Galletas y Brownies,19818.0,6,0.0,43.6,14.3,24450.0,144887.0
6350,Panaderia Artesanal,21356.0,1,0.0,8.5,9.1,16650.0,39384.0
6351,Galletas y Brownies,24096.0,2,0.05,34.5,7.8,14700.0,62482.0
6352,Bebidas,23124.0,4,0.0,38.3,12.8,22200.0,114997.0
6353,Bebidas,36612.0,2,0.05,40.2,1.7,5550.0,73791.0
6354,Tortas Personalizadas,57303.0,3,0.0,15.6,14.7,25050.0,197239.0
6355,Tortas Personalizadas,40043.0,14,0.0,13.3,7.2,13800.0,575069.0
6356,Panaderia Artesanal,67078.0,8,0.15,3.6,10.3,18450.0,475823.0
6357,Galletas y Brownies,62541.0,9,0.0,18.9,11.1,19650.0,583334.0
6358,Postres Individuales,15122.0,6,0.0,6.9,9.6,17400.0,107866.0
6359,Tortas Personalizadas,8907.0,4,0.0,35.7,13.4,23100.0,60534.0
6360,Postres Individuales,75235.0,11,0.15,7.7,4.7,10050.0,713953.0
6361,Postres Individuales,11386.0,2,0.05,37.1,8.2,15300.0,36620.0
6362,Galletas y Brownies,16867.0,7,0.2,6.2,6.7,13050.0,104901.0
6363,Panaderia Artesanal,6771.0,10,0.1,22.4,10.7,19050.0,80680.0
6364,Galletas y Brownies,55267.0,11,0.1,18.2,6.2,12300.0,557699.0
6365,Tortas Personalizadas,51590.0,7,0.0,27.7,13.4,23100.0,382725.0
6366,Postres Individuales,83952.0,10,0.1,24.1,7.6,14400.0,770652.0
6367,Galletas y Brownies,75955.0,9,0.0,27.5,8.3,15450.0,699761.0
6368,Galletas y Brownies,37867.0,5,0.1,1.5,7.7,14550.0,183273.0
6369,Galletas y Brownies,34727.0,10,0.1,7.0,9.5,17250.0,329202.0
6370,Tortas Personalizadas,28748.0,4,0.05,24.0,7.9,14850.0,123994.0
6371,Panaderia Artesanal,17193.0,10,0.0,11.5,14.1,24150.0,197306.0
6372,Galletas y Brownies,16047.0,6,0.05,4.8,2.4,6600.0,97200.0
6373,Tortas Personalizadas,15583.0,12,0.05,11.0,0.7,4050.0,182860.0
6374,Postres Individuales,14129.0,2,0.0,35.4,8.1,15150.0,42133.0
6375,Bebidas,24241.0,2,0.2,25.1,11.6,20400.0,57288.0
6376,Tortas Personalizadas,29533.0,12,0.05,9.8,9.9,17850.0,356155.0
6377,Bebidas,81926.0,9,0.0,2.2,14.5,24750.0,764243.0
6378,Galletas y Brownies,51278.0,7,0.05,17.1,3.1,7650.0,350396.0
6379,Galletas y Brownies,84008.0,7,0.1,17.0,10.6,18900.0,549209.0
6380,Tortas Personalizadas,34797.0,13,0.15,33.5,12.3,21450.0,406114.0
6381,Bebidas,41610.0,5,0.05,41.5,13.7,23550.0,222042.0
6382,Galletas y Brownies,30966.0,7,0.0,17.7,8.2,15300.0,232847.0
6383,Postres Individuales,19631.0,9,0.0,31.4,5.8,11700.0,191055.0
6384,Panaderia Artesanal,16453.0,10,0.0,29.1,14.4,24600.0,188052.0
6385,Panaderia Artesanal,80606.0,5,0.0,19.9,12.0,21000.0,423165.0
6386,Galletas y Brownies,83945.0,9,0.1,4.4,7.3,13950.0,692563.0
6387,Bebidas,8593.0,1,0.0,22.1,9.9,17850.0,28473.0
6388,Galletas y Brownies,17028.0,13,0.0,16.9,4.5,9750.0,231130.0
6389,Bebidas,38882.0,12,0.1,25.4,9.4,17100.0,435958.0
6390,Postres Individuales,19907.0,3,0.0,7.0,8.3,15450.0,72278.0
6391,Bebidas,34110.0,7,0.0,33.0,1.1,4650.0,242191.0
6392,Galletas y Brownies,15328.0,4,0.05,35.8,13.1,22650.0,81260.0
6393,Postres Individuales,41521.0,2,0.0,18.4,7.6,14400.0,94834.0
6394,Tortas Personalizadas,26736.0,12,0.05,9.1,7.5,14250.0,317685.0
6395,Panaderia Artesanal,33152.0,14,0.1,28.6,4.6,9900.0,427670.0
6396,Galletas y Brownies,12545.0,3,0.15,43.1,3.3,7950.0,39624.0
6397,Galletas y Brownies,39250.0,7,0.0,32.0,4.7,10050.0,283027.0
6398,Galletas y Brownies,83661.0,8,0.0,6.9,9.9,17850.0,685934.0
6399,Postres Individuales,31307.0,11,0.05,18.8,1.9,5850.0,332636.0
6400,Tortas Personalizadas,75114.0,9,0.0,41.3,5.3,10950.0,687516.0
6401,Bebidas,72456.0,6,0.0,29.1,14.7,25050.0,460642.0
6402,Tortas Personalizadas,81165.0,10,0.0,7.9,4.4,9600.0,821070.0
6403,Postres Individuales,68209.0,9,0.05,33.0,14.5,24750.0,609871.0
6404,Galletas y Brownies,57768.0,4,0.15,16.9,2.0,6000.0,201681.0
6405,Panaderia Artesanal,73527.0,12,0.2,22.8,12.0,21000.0,725271.0
6406,Galletas y Brownies,11052.0,5,0.1,19.6,6.9,13350.0,60374.0
6407,Bebidas,42026.0,1,0.0,33.1,3.3,7950.0,50929.0
6408,Panaderia Artesanal,84140.0,14,0.05,11.0,11.9,20850.0,1139779.0
6409,Galletas y Brownies,66568.0,9,0.0,18.4,0.6,3900.0,600815.0
6410,Panaderia Artesanal,81966.0,9,0.15,33.9,5.5,11250.0,638680.0
6411,Tortas Personalizadas,67371.0,9,0.15,32.2,9.3,16950.0,533661.0
6412,Postres Individuales,74991.0,3,0.2,10.3,3.8,8700.0,189057.0
6413,Galletas y Brownies,61522.0,13,0.15,16.8,5.3,10950.0,689807.0
6414,Bebidas,65840.0,10,0.05,2.1,1.8,5700.0,629490.0
6415,Tortas Personalizadas,46854.0,10,0.1,24.6,12.9,22350.0,444402.0
6416,Galletas y Brownies,78939.0,10,0.2,13.7,6.6,12900.0,644466.0
6417,Tortas Personalizadas,71003.0,8,0.05,2.0,2.6,6900.0,550143.0
6418,Bebidas,72511.0,3,0.1,20.0,3.4,8100.0,202393.0
6419,Galletas y Brownies,58841.0,13,0.15,41.8,4.5,9750.0,660524.0
6420,Bebidas,29366.0,6,0.05,41.7,3.8,8700.0,175265.0
6421,Panaderia Artesanal,7850.0,5,0.0,17.7,7.8,14700.0,52933.0
6422,Bebidas,79852.0,8,0.0,21.0,13.6,23400.0,660561.0
6423,Panaderia Artesanal,51890.0,3,0.0,12.1,3.2,7800.0,165004.0
6424,Galletas y Brownies,28851.0,14,0.0,4.5,7.1,13650.0,419076.0
6425,Panaderia Artesanal,16931.0,1,0.0,31.7,10.1,18150.0,36379.0
6426,Galletas y Brownies,71362.0,12,0.05,36.3,3.2,7800.0,820655.0
6427,Galletas y Brownies,71922.0,9,0.0,39.8,2.7,7050.0,655089.0
6428,Postres Individuales,70161.0,10,0.2,42.2,2.8,7200.0,570375.0
6429,Galletas y Brownies,56607.0,9,0.0,41.3,13.3,22950.0,528980.0
6430,Panaderia Artesanal,34281.0,3,0.15,2.7,10.8,19200.0,107378.0
6431,Postres Individuales,29326.0,2,0.0,44.0,5.4,11100.0,71111.0
6432,Postres Individuales,5684.0,4,0.05,18.0,13.6,23400.0,46012.0
6433,Galletas y Brownies,71689.0,14,0.05,40.0,14.3,24450.0,976677.0
6434,Bebidas,11995.0,8,0.1,20.7,6.3,12450.0,97515.0
6435,Bebidas,55460.0,6,0.05,19.9,7.9,14850.0,331432.0
6436,Postres Individuales,45326.0,10,0.0,2.0,5.7,11550.0,464876.0
6437,Galletas y Brownies,47135.0,1,0.0,3.8,3.8,8700.0,57130.0
6438,Bebidas,79137.0,8,0.0,30.7,11.8,20700.0,655076.0
6439,Galletas y Brownies,7529.0,5,0.0,42.3,9.9,17850.0,54722.0
6440,Galletas y Brownies,66871.0,13,0.05,11.3,5.8,11700.0,835222.0
6441,Postres Individuales,9164.0,6,0.05,5.6,0.7,4050.0,54347.0
6442,Postres Individuales,8052.0,5,0.1,10.8,11.6,20400.0,55091.0
6443,Tortas Personalizadas,39385.0,10,0.15,10.7,7.4,14100.0,348143.0
6444,Bebidas,10046.0,5,0.0,14.3,1.6,5400.0,56051.0
6445,Bebidas,68132.0,3,0.0,5.6,2.3,6450.0,210384.0
6446,Bebidas,47365.0,14,0.1,11.7,9.6,17400.0,612437.0
6447,Panaderia Artesanal,7323.0,4,0.0,41.6,8.4,15600.0,45776.0
6448,Galletas y Brownies,8240.0,5,0.05,40.2,4.0,9000.0,47708.0
6449,Postres Individuales,54013.0,11,0.05,15.3,2.5,6750.0,570230.0
6450,Bebidas,69489.0,11,0.05,44.9,13.3,22950.0,747970.0
6451,Tortas Personalizadas,40024.0,2,0.15,14.5,2.5,6750.0,75222.0
6452,Bebidas,49366.0,6,0.2,32.9,1.7,5550.0,242120.0
6453,Galletas y Brownies,68986.0,2,0.15,29.5,9.5,17250.0,133675.0
6454,Galletas y Brownies,53840.0,4,0.1,4.3,4.2,9300.0,201409.0
6455,Postres Individuales,22981.0,12,0.15,16.4,10.0,18000.0,251551.0
6456,Panaderia Artesanal,54044.0,1,0.0,42.9,7.6,14400.0,68787.0
6457,Postres Individuales,55262.0,4,0.1,3.7,3.6,8400.0,208210.0
6458,Bebidas,63729.0,14,0.0,9.1,1.5,5250.0,898786.0
6459,Tortas Personalizadas,54670.0,7,0.1,43.7,1.5,5250.0,348677.0
6460,Postres Individuales,82539.0,14,0.0,3.2,9.0,16500.0,1169851.0
6461,Panaderia Artesanal,20783.0,8,0.0,20.9,11.5,20250.0,187325.0
6462,Postres Individuales,81087.0,2,0.0,41.4,10.5,18750.0,181142.0
6463,Galletas y Brownies,48067.0,3,0.0,42.6,9.1,16650.0,158819.0
6464,Bebidas,58756.0,1,0.0,44.1,3.6,8400.0,68219.0
6465,Bebidas,12957.0,7,0.0,22.4,13.0,22500.0,108960.0
6466,Bebidas,35446.0,4,0.1,5.3,9.6,17400.0,143533.0
6467,Bebidas,66550.0,11,0.15,35.1,10.6,18900.0,643575.0
6468,Bebidas,61553.0,10,0.1,32.3,3.7,8550.0,566690.0
6469,Bebidas,8211.0,8,0.1,26.7,4.3,9450.0,69931.0
6470,Tortas Personalizadas,48728.0,5,0.1,40.1,13.7,23550.0,242328.0
6471,Panaderia Artesanal,12062.0,9,0.15,41.2,7.4,14100.0,106912.0
6472,Bebidas,84669.0,6,0.05,31.2,8.5,15750.0,495316.0
6473,Panaderia Artesanal,76784.0,11,0.05,6.4,2.1,6150.0,807882.0
6474,Bebidas,6686.0,10,0.15,5.7,6.2,12300.0,66706.0
6475,Postres Individuales,73692.0,2,0.0,19.3,13.4,23100.0,172150.0
6476,Bebidas,78554.0,1,0.0,14.2,13.6,23400.0,103126.0
6477,Galletas y Brownies,33284.0,1,0.1,7.3,11.1,19650.0,50534.0
6478,Tortas Personalizadas,62560.0,12,0.0,28.1,8.4,15600.0,767520.0
6479,Postres Individuales,40368.0,12,0.0,31.2,14.0,24000.0,507595.0
6480,Postres Individuales,57419.0,14,0.0,31.9,13.1,22650.0,826457.0
6481,Galletas y Brownies,32225.0,14,0.1,9.1,12.8,22200.0,427218.0
6482,Bebidas,30805.0,9,0.2,14.8,13.3,22950.0,244802.0
6483,Tortas Personalizadas,38955.0,1,0.0,10.2,7.1,13650.0,52460.0
6484,Postres Individuales,16645.0,3,0.0,27.7,8.1,15150.0,65638.0
6485,Tortas Personalizadas,71491.0,12,0.0,26.2,6.6,12900.0,869149.0
6486,Postres Individuales,32896.0,2,0.05,23.4,11.2,19800.0,82319.0
6487,Bebidas,37012.0,12,0.0,14.4,9.1,16650.0,460790.0
6488,Postres Individuales,76524.0,4,0.0,11.8,1.5,5250.0,311622.0
6489,Postres Individuales,44730.0,1,0.0,40.2,2.5,6750.0,50088.0
6490,Panaderia Artesanal,48540.0,1,0.0,3.6,3.3,7950.0,55575.0
6491,Bebidas,81520.0,4,0.0,30.1,10.2,18300.0,343138.0
6492,Galletas y Brownies,75938.0,13,0.05,2.4,2.1,6150.0,946908.0
6493,Galletas y Brownies,18557.0,13,0.0,9.9,8.3,15450.0,258484.0
6494,Bebidas,42857.0,14,0.05,14.1,12.7,22050.0,591948.0
6495,Galletas y Brownies,82704.0,4,0.0,40.1,14.2,24300.0,355783.0
6496,Bebidas,34789.0,7,0.0,7.5,6.7,13050.0,258876.0
6497,Galletas y Brownies,34726.0,8,0.0,42.3,8.2,15300.0,295512.0
6498,Panaderia Artesanal,20602.0,13,0.05,37.0,12.6,21900.0,276932.0
6499,Galletas y Brownies,14146.0,8,0.05,31.0,14.1,24150.0,130417.0
6500,Postres Individuales,64224.0,8,0.15,19.4,6.2,12300.0,450835.0
6501,Bebidas,66602.0,14,0.0,40.9,5.6,11400.0,944178.0
6502,Tortas Personalizadas,82521.0,14,0.0,24.5,7.0,13500.0,1168285.0
6503,Tortas Personalizadas,66873.0,12,0.0,17.6,4.2,9300.0,812792.0
6504,Bebidas,24468.0,14,0.0,27.0,13.0,22500.0,364086.0
6505,Panaderia Artesanal,8209.0,9,0.0,11.6,5.1,10650.0,82229.0
6506,Galletas y Brownies,83835.0,1,0.0,13.4,7.0,13500.0,99249.0
6507,Panaderia Artesanal,32236.0,9,0.0,41.5,5.1,10650.0,301447.0
6508,Tortas Personalizadas,29958.0,10,0.05,36.0,2.2,6300.0,292141.0
6509,Bebidas,77476.0,8,0.1,23.8,9.3,16950.0,572008.0
6510,Bebidas,51808.0,1,0.0,19.6,9.0,16500.0,68935.0
6511,Panaderia Artesanal,22190.0,7,0.0,36.6,4.8,10200.0,165966.0
6512,Panaderia Artesanal,76128.0,9,0.1,26.3,1.0,4500.0,620620.0
6513,Galletas y Brownies,84469.0,4,0.0,19.6,14.1,24150.0,361522.0
6514,Postres Individuales,11934.0,13,0.1,23.9,5.7,11550.0,150419.0
6515,Postres Individuales,73980.0,13,0.2,11.6,8.3,15450.0,787205.0
6516,Galletas y Brownies,36241.0,9,0.15,10.3,2.6,6900.0,285401.0
6517,Postres Individuales,46926.0,1,0.0,44.5,4.1,9150.0,55682.0
6518,Tortas Personalizadas,78185.0,9,0.05,43.7,6.8,13200.0,680718.0
6519,Postres Individuales,82870.0,6,0.1,19.8,8.7,16050.0,463515.0
6520,Galletas y Brownies,25973.0,4,0.0,23.9,12.9,22350.0,126230.0
6521,Postres Individuales,22028.0,12,0.1,37.5,4.7,10050.0,246388.0
6522,Bebidas,11441.0,12,0.0,33.1,13.1,22650.0,161601.0
6523,Panaderia Artesanal,49944.0,5,0.1,5.8,7.1,13650.0,238012.0
6524,Tortas Personalizadas,6088.0,7,0.0,17.8,6.8,13200.0,55925.0
6525,Bebidas,37952.0,10,0.0,12.4,6.2,12300.0,393034.0
6526,Bebidas,10871.0,13,0.05,44.7,13.3,22950.0,159571.0
6527,Galletas y Brownies,37418.0,4,0.0,34.1,4.1,9150.0,158989.0
6528,Panaderia Artesanal,8195.0,8,0.0,3.6,12.9,22350.0,85772.0
6529,Panaderia Artesanal,71817.0,3,0.0,40.7,1.8,5700.0,222042.0
6530,Tortas Personalizadas,21779.0,2,0.0,41.9,14.4,24600.0,68400.0
6531,Galletas y Brownies,31265.0,1,0.05,16.0,7.8,14700.0,43602.0
6532,Tortas Personalizadas,74604.0,14,0.0,29.4,15.0,25500.0,1070532.0
6533,Postres Individuales,64701.0,13,0.0,31.2,9.3,16950.0,857094.0
6534,Bebidas,22523.0,6,0.0,33.2,2.2,6300.0,139130.0
6535,Tortas Personalizadas,10752.0,2,0.0,31.7,1.4,5100.0,26802.0
6536,Bebidas,62254.0,8,0.05,25.8,3.3,7950.0,479666.0
6537,Galletas y Brownies,36256.0,11,0.0,43.0,6.6,12900.0,411301.0
6538,Postres Individuales,66286.0,10,0.1,23.8,11.3,19950.0,617396.0
6539,Galletas y Brownies,40624.0,13,0.0,6.3,0.5,3750.0,528703.0
6540,Postres Individuales,32680.0,4,0.0,5.0,4.2,9300.0,139462.0
6541,Postres Individuales,41096.0,9,0.05,2.3,9.0,16500.0,366441.0
6542,Bebidas,64885.0,4,0.0,20.1,4.8,10200.0,267494.0
6543,Galletas y Brownies,77178.0,4,0.0,13.4,5.7,11550.0,320314.0
6544,Galletas y Brownies,8981.0,13,0.0,40.4,4.9,10350.0,126342.0
6545,Tortas Personalizadas,46929.0,12,0.0,39.2,14.3,24450.0,588518.0
6546,Galletas y Brownies,7627.0,8,0.05,37.9,1.5,5250.0,63826.0
6547,Tortas Personalizadas,42473.0,12,0.05,39.2,13.7,23550.0,508572.0
6548,Panaderia Artesanal,75823.0,13,0.0,14.4,5.2,10800.0,993606.0
6549,Panaderia Artesanal,33927.0,8,0.05,20.0,4.1,9150.0,267192.0
6550,Panaderia Artesanal,79596.0,5,0.2,15.1,13.3,22950.0,341592.0
6551,Galletas y Brownies,55449.0,3,0.15,5.2,4.7,10050.0,149572.0
6552,Galletas y Brownies,79732.0,12,0.0,41.7,14.8,25200.0,981783.0
6553,Tortas Personalizadas,65573.0,2,0.0,28.3,8.4,15600.0,147096.0
6554,Postres Individuales,13275.0,9,0.0,7.3,7.4,14100.0,133617.0
6555,Tortas Personalizadas,23492.0,14,0.0,10.5,14.7,25050.0,354853.0
6556,Panaderia Artesanal,36534.0,9,0.0,21.1,3.8,8700.0,338183.0
6557,Tortas Personalizadas,18609.0,5,0.0,3.8,13.7,23550.0,117543.0
6558,Postres Individuales,44593.0,14,0.0,13.3,9.1,16650.0,638938.0
6559,Galletas y Brownies,42709.0,13,0.05,32.1,11.4,20100.0,546462.0
6560,Tortas Personalizadas,81501.0,8,0.0,41.5,8.9,16350.0,667737.0
6561,Panaderia Artesanal,39698.0,7,0.0,41.9,9.5,17250.0,294873.0
6562,Panaderia Artesanal,67850.0,3,0.0,24.1,2.7,7050.0,208148.0
6563,Galletas y Brownies,80353.0,12,0.05,15.1,2.7,7050.0,922786.0
6564,Tortas Personalizadas,75159.0,5,0.05,41.6,6.3,12450.0,370546.0
6565,Postres Individuales,21693.0,13,0.2,35.7,5.5,11250.0,234793.0
6566,Galletas y Brownies,44682.0,9,0.2,27.0,10.8,19200.0,338612.0
6567,Tortas Personalizadas,32819.0,4,0.05,37.8,11.0,19500.0,146033.0
6568,Bebidas,36989.0,3,0.1,21.5,8.7,16050.0,116485.0
6569,Panaderia Artesanal,33865.0,7,0.0,6.4,6.3,12450.0,252394.0
6570,Postres Individuales,71109.0,8,0.05,42.3,10.3,18450.0,559070.0
6571,Postres Individuales,41171.0,5,0.05,24.7,10.5,18750.0,214126.0
6572,Postres Individuales,46896.0,13,0.05,31.7,12.2,21300.0,599329.0
6573,Panaderia Artesanal,83596.0,8,0.0,18.6,12.3,21450.0,693724.0
6574,Tortas Personalizadas,9798.0,5,0.0,7.4,1.5,5250.0,56021.0
6575,Galletas y Brownies,44037.0,9,0.0,13.3,5.9,11850.0,408885.0
6576,Tortas Personalizadas,66925.0,7,0.05,3.4,6.6,12900.0,458372.0
6577,Galletas y Brownies,17093.0,5,0.2,5.3,12.8,22200.0,88828.0
6578,Postres Individuales,53923.0,13,0.0,10.4,7.8,14700.0,715700.0
6579,Tortas Personalizadas,24157.0,9,0.15,25.9,7.6,14400.0,197531.0
6580,Postres Individuales,74392.0,5,0.0,44.7,8.5,15750.0,387242.0
6581,Bebidas,31168.0,8,0.15,38.2,2.3,6450.0,218545.0
6582,Postres Individuales,31325.0,12,0.1,5.2,8.7,16050.0,354627.0
6583,Postres Individuales,52856.0,4,0.0,38.1,8.5,15750.0,225634.0
6584,Galletas y Brownies,19685.0,9,0.0,24.8,11.4,20100.0,198033.0
6585,Bebidas,27791.0,12,0.0,30.2,9.7,17550.0,350892.0
6586,Postres Individuales,38331.0,6,0.2,7.1,14.3,24450.0,209568.0
6587,Postres Individuales,33291.0,6,0.0,18.7,1.7,5550.0,206170.0
6588,Bebidas,46990.0,14,0.05,40.0,11.7,20550.0,647349.0
6589,Bebidas,52971.0,3,0.0,20.0,11.4,20100.0,177821.0
6590,Tortas Personalizadas,50333.0,13,0.15,7.0,4.4,9600.0,568739.0
6591,Galletas y Brownies,57333.0,3,0.0,15.0,10.6,18900.0,189216.0
6592,Bebidas,29620.0,4,0.0,11.1,10.1,18150.0,136107.0
6593,Bebidas,15114.0,1,0.0,31.4,4.8,10200.0,25584.0
6594,Panaderia Artesanal,65865.0,6,0.0,41.1,11.0,19500.0,415526.0
6595,Bebidas,73062.0,1,0.0,33.4,14.0,24000.0,96605.0
6596,Galletas y Brownies,25560.0,11,0.05,38.2,4.9,10350.0,277344.0
6597,Postres Individuales,37567.0,4,0.0,36.6,14.7,25050.0,178299.0
6598,Postres Individuales,44886.0,13,0.05,2.1,3.8,8700.0,562061.0
6599,Postres Individuales,47666.0,7,0.0,6.9,2.5,6750.0,338884.0
6600,Postres Individuales,57759.0,12,0.0,19.9,1.6,5400.0,696572.0
6601,Panaderia Artesanal,8328.0,6,0.0,6.4,3.6,8400.0,57449.0
6602,Bebidas,62718.0,8,0.1,33.5,5.5,11250.0,457814.0
6603,Postres Individuales,9958.0,4,0.0,4.6,11.1,19650.0,59479.0
6604,Tortas Personalizadas,42463.0,9,0.0,19.6,1.5,5250.0,389966.0
6605,Postres Individuales,71214.0,10,0.05,18.6,7.9,14850.0,691292.0
6606,Bebidas,41097.0,8,0.0,25.1,8.0,15000.0,345596.0
6607,Postres Individuales,16927.0,14,0.05,28.9,3.8,8700.0,233249.0
6608,Panaderia Artesanal,83803.0,5,0.0,42.7,1.2,4800.0,426444.0
6609,Galletas y Brownies,76143.0,14,0.0,13.3,3.8,8700.0,1075313.0
6610,Galletas y Brownies,66705.0,6,0.1,30.5,3.8,8700.0,368857.0
6611,Bebidas,37921.0,5,0.0,3.0,10.5,18750.0,206883.0
6612,Galletas y Brownies,19708.0,6,0.0,1.5,3.9,8850.0,127373.0
6613,Galletas y Brownies,80313.0,1,0.1,2.6,5.4,11100.0,86048.0
6614,Tortas Personalizadas,47588.0,4,0.0,21.0,1.2,4800.0,192272.0
6615,Bebidas,73188.0,9,0.05,25.6,9.5,17250.0,642846.0
6616,Bebidas,32368.0,4,0.15,1.8,7.4,14100.0,123599.0
6617,Galletas y Brownies,31823.0,2,0.05,18.7,5.5,11250.0,69640.0
6618,Galletas y Brownies,83843.0,6,0.0,3.3,10.7,19050.0,520993.0
6619,Galletas y Brownies,46747.0,2,0.05,29.9,10.4,18600.0,108644.0
6620,Panaderia Artesanal,16256.0,3,0.0,29.0,5.3,10950.0,58909.0
6621,Postres Individuales,22574.0,7,0.0,35.6,10.8,19200.0,178892.0
6622,Panaderia Artesanal,43556.0,4,0.1,25.3,5.5,11250.0,167572.0
6623,Bebidas,8398.0,1,0.0,28.6,3.7,8550.0,16832.0
6624,Tortas Personalizadas,42003.0,9,0.0,13.7,10.9,19350.0,398706.0
6625,Postres Individuales,38515.0,6,0.0,5.2,11.1,19650.0,250550.0
6626,Tortas Personalizadas,67347.0,9,0.2,33.6,13.1,22650.0,507972.0
6627,Bebidas,33395.0,3,0.0,28.1,7.8,14700.0,114148.0
6628,Bebidas,83604.0,5,0.0,42.3,3.9,8850.0,426420.0
6629,Tortas Personalizadas,19462.0,9,0.05,44.5,12.6,21900.0,189489.0
6630,Tortas Personalizadas,52279.0,6,0.05,38.4,3.0,7500.0,304382.0
6631,Tortas Personalizadas,12176.0,2,0.0,44.4,14.1,24150.0,46877.0
6632,Bebidas,63709.0,1,0.15,29.7,4.9,10350.0,64058.0
6633,Galletas y Brownies,84580.0,9,0.0,5.5,0.8,4200.0,765383.0
6634,Tortas Personalizadas,70531.0,1,0.0,5.4,3.2,7800.0,76860.0
6635,Postres Individuales,49456.0,14,0.0,36.6,6.5,12750.0,707279.0
6636,Bebidas,43779.0,5,0.05,11.8,1.3,4950.0,213187.0
6637,Panaderia Artesanal,71802.0,1,0.0,4.2,6.4,12600.0,83186.0
6638,Panaderia Artesanal,79878.0,5,0.1,22.0,3.4,8100.0,368336.0
6639,Postres Individuales,84137.0,5,0.2,15.2,0.8,4200.0,342175.0
6640,Galletas y Brownies,36723.0,7,0.0,27.1,4.8,10200.0,265618.0
6641,Tortas Personalizadas,84273.0,7,0.2,27.6,3.8,8700.0,481364.0
6642,Bebidas,17474.0,11,0.0,31.1,6.6,12900.0,204339.0
6643,Tortas Personalizadas,25284.0,10,0.0,26.6,11.5,20250.0,273808.0
6644,Bebidas,12121.0,1,0.1,18.1,7.9,14850.0,28866.0
6645,Panaderia Artesanal,26739.0,9,0.05,2.5,11.6,20400.0,247885.0
6646,Tortas Personalizadas,66435.0,1,0.1,40.9,5.4,11100.0,71300.0
6647,Postres Individuales,73234.0,5,0.0,15.7,0.7,4050.0,367207.0
6648,Galletas y Brownies,67311.0,7,0.15,23.6,13.9,23850.0,427321.0
6649,Postres Individuales,55485.0,12,0.1,25.7,5.1,10650.0,606721.0
6650,Galletas y Brownies,46117.0,8,0.0,15.2,8.1,15150.0,384339.0
6651,Tortas Personalizadas,61696.0,2,0.15,14.9,7.3,13950.0,120365.0
6652,Tortas Personalizadas,36267.0,14,0.2,12.8,9.0,16500.0,422563.0
6653,Galletas y Brownies,72305.0,1,0.0,12.1,13.3,22950.0,94693.0
6654,Panaderia Artesanal,59175.0,4,0.05,2.8,13.1,22650.0,247323.0
6655,Bebidas,60824.0,12,0.1,43.2,14.7,25050.0,681486.0
6656,Postres Individuales,47875.0,4,0.1,27.4,8.2,15300.0,185179.0
6657,Postres Individuales,75818.0,10,0.0,6.2,13.9,23850.0,778342.0
6658,Postres Individuales,25161.0,12,0.05,27.3,7.5,14250.0,302781.0
6659,Tortas Personalizadas,35492.0,6,0.2,11.6,1.1,4650.0,173797.0
6660,Postres Individuales,67211.0,1,0.0,15.0,2.6,6900.0,74073.0
6661,Bebidas,44420.0,14,0.1,36.4,5.3,10950.0,568754.0
6662,Bebidas,76137.0,1,0.05,40.0,11.0,19500.0,91362.0
6663,Galletas y Brownies,32712.0,3,0.0,31.9,1.7,5550.0,104893.0
6664,Tortas Personalizadas,34546.0,5,0.0,42.1,5.7,11550.0,183495.0
6665,Bebidas,76099.0,12,0.1,40.9,14.7,25050.0,848839.0
6666,Panaderia Artesanal,42150.0,6,0.0,25.5,11.9,20850.0,273956.0
6667,Tortas Personalizadas,46290.0,5,0.0,41.0,8.8,16200.0,247694.0
6668,Tortas Personalizadas,31621.0,13,0.0,25.2,1.4,5100.0,416644.0
6669,Bebidas,27134.0,13,0.05,6.0,0.7,4050.0,339546.0
6670,Panaderia Artesanal,57476.0,13,0.0,37.6,2.0,6000.0,754066.0
6671,Galletas y Brownies,14587.0,5,0.05,7.2,5.2,10800.0,79813.0
6672,Bebidas,75342.0,9,0.05,15.2,9.3,16950.0,659788.0
6673,Panaderia Artesanal,67336.0,2,0.0,18.0,3.4,8100.0,144692.0
6674,Tortas Personalizadas,20260.0,12,0.05,36.6,1.2,4800.0,237251.0
6675,Panaderia Artesanal,60522.0,12,0.05,5.1,1.8,5700.0,696194.0
6676,Tortas Personalizadas,53211.0,1,0.0,20.9,6.7,13050.0,67688.0
6677,Bebidas,19763.0,6,0.15,20.5,11.7,20550.0,119522.0
6678,Bebidas,26856.0,9,0.0,26.8,12.4,21600.0,261788.0
6679,Postres Individuales,37719.0,7,0.0,16.9,4.7,10050.0,274910.0
6680,Postres Individuales,60939.0,8,0.0,26.6,10.1,18150.0,503700.0
6681,Postres Individuales,56098.0,5,0.0,44.4,6.2,12300.0,295490.0
6682,Bebidas,47579.0,10,0.0,4.6,14.6,24900.0,499664.0
6683,Galletas y Brownies,66473.0,4,0.0,39.5,6.4,12600.0,276275.0
6684,Bebidas,65635.0,6,0.0,14.9,6.2,12300.0,405001.0
6685,Panaderia Artesanal,54429.0,3,0.05,21.8,7.8,14700.0,168467.0
6686,Bebidas,67959.0,1,0.0,33.7,0.9,4350.0,72479.0
6687,Bebidas,31741.0,11,0.15,41.1,6.6,12900.0,310122.0
6688,Tortas Personalizadas,75500.0,4,0.05,1.9,12.5,21750.0,307281.0
6689,Tortas Personalizadas,54193.0,9,0.1,30.3,9.4,17100.0,456081.0
6690,Tortas Personalizadas,70789.0,4,0.05,4.5,14.6,24900.0,292694.0
6691,Bebidas,48702.0,1,0.05,24.4,5.2,10800.0,58601.0
6692,Galletas y Brownies,22475.0,14,0.1,34.1,2.8,7200.0,288787.0
6693,Panaderia Artesanal,48393.0,4,0.05,8.9,11.4,20100.0,206232.0
6694,Panaderia Artesanal,34689.0,7,0.0,34.7,1.1,4650.0,247372.0
6695,Galletas y Brownies,60800.0,3,0.0,15.0,2.8,7200.0,190630.0
6696,Galletas y Brownies,43064.0,10,0.1,28.1,7.9,14850.0,400643.0
6697,Panaderia Artesanal,71889.0,6,0.05,30.1,11.4,20100.0,429516.0
6698,Postres Individuales,59246.0,14,0.0,29.7,9.2,16800.0,849181.0
6699,Tortas Personalizadas,59764.0,1,0.0,2.3,14.9,25350.0,84314.0
6700,Tortas Personalizadas,22372.0,11,0.0,8.1,10.0,18000.0,264653.0
6701,Panaderia Artesanal,83740.0,4,0.0,38.7,11.0,19500.0,353854.0
6702,Galletas y Brownies,72334.0,3,0.2,42.4,14.9,25350.0,198255.0
6703,Postres Individuales,68120.0,14,0.0,26.0,9.1,16650.0,972142.0
6704,Panaderia Artesanal,31417.0,1,0.0,27.5,10.9,19350.0,52866.0
6705,Tortas Personalizadas,47851.0,3,0.0,34.3,4.8,10200.0,150945.0
6706,Bebidas,15968.0,4,0.0,19.2,8.3,15450.0,78503.0
6707,Galletas y Brownies,48078.0,5,0.0,15.8,13.7,23550.0,262394.0
6708,Bebidas,16671.0,6,0.15,34.9,12.9,22350.0,107862.0
6709,Panaderia Artesanal,49243.0,2,0.15,2.7,4.9,10350.0,94730.0
6710,Tortas Personalizadas,56898.0,2,0.2,40.0,5.7,11550.0,101446.0
6711,Postres Individuales,36216.0,6,0.1,20.7,12.8,22200.0,216936.0
6712,Bebidas,44884.0,5,0.05,23.4,4.6,9900.0,223362.0
6713,Postres Individuales,75052.0,1,0.15,29.1,13.4,23100.0,86492.0
6714,Tortas Personalizadas,13685.0,3,0.15,13.4,11.7,20550.0,56854.0
6715,Bebidas,68339.0,11,0.15,27.5,2.7,7050.0,644921.0
6716,Postres Individuales,18660.0,5,0.15,31.6,10.9,19350.0,99465.0
6717,Postres Individuales,7937.0,13,0.05,6.6,12.6,21900.0,119603.0
6718,Bebidas,19846.0,12,0.0,24.1,2.6,6900.0,246680.0
6719,Tortas Personalizadas,66203.0,12,0.0,15.8,7.1,13650.0,808604.0
6720,Postres Individuales,37410.0,2,0.05,25.7,13.0,22500.0,91498.0
6721,Panaderia Artesanal,74802.0,1,0.05,2.4,3.4,8100.0,77644.0
6722,Bebidas,46977.0,9,0.1,33.8,7.0,13500.0,392503.0
6723,Galletas y Brownies,6780.0,5,0.1,8.8,9.4,17100.0,47249.0
6724,Galletas y Brownies,62337.0,2,0.05,31.5,1.9,5850.0,123804.0
6725,Tortas Personalizadas,13819.0,10,0.0,34.9,3.6,8400.0,146760.0
6726,Panaderia Artesanal,68150.0,4,0.0,34.2,7.3,13950.0,288696.0
6727,Postres Individuales,18448.0,3,0.0,37.1,5.9,11850.0,68085.0
6728,Galletas y Brownies,32636.0,7,0.0,14.9,5.2,10800.0,238951.0
6729,Tortas Personalizadas,65902.0,1,0.05,43.6,0.9,4350.0,66004.0
6730,Panaderia Artesanal,81339.0,10,0.0,2.5,14.0,24000.0,838884.0
6731,Panaderia Artesanal,34715.0,12,0.0,22.4,13.1,22650.0,440240.0
6732,Tortas Personalizadas,71352.0,12,0.0,13.3,6.2,12300.0,871330.0
6733,Tortas Personalizadas,20263.0,4,0.1,33.7,3.1,7650.0,81801.0
6734,Postres Individuales,69574.0,7,0.0,36.5,1.5,5250.0,492050.0
6735,Tortas Personalizadas,57600.0,11,0.1,37.3,2.3,6450.0,578105.0
6736,Postres Individuales,20419.0,10,0.0,14.4,9.2,16800.0,223681.0
6737,Postres Individuales,29200.0,13,0.0,13.4,11.1,19650.0,398459.0
6738,Bebidas,15542.0,5,0.05,30.9,2.8,7200.0,79885.0
6739,Panaderia Artesanal,35637.0,4,0.2,41.9,2.1,6150.0,118604.0
6740,Panaderia Artesanal,21292.0,4,0.05,12.6,10.5,18750.0,99460.0
6741,Panaderia Artesanal,56520.0,11,0.05,41.1,8.0,15000.0,604860.0
6742,Bebidas,84560.0,12,0.1,27.2,5.9,11850.0,924970.0
6743,Postres Individuales,5961.0,14,0.1,33.6,11.0,19500.0,94273.0
6744,Postres Individuales,48274.0,2,0.0,20.6,7.1,13650.0,110998.0
6745,Tortas Personalizadas,50893.0,8,0.1,36.6,7.2,13800.0,381607.0
6746,Bebidas,78137.0,12,0.15,43.7,0.7,4050.0,801545.0
6747,Tortas Personalizadas,45480.0,4,0.1,8.9,5.1,10650.0,174691.0
6748,Bebidas,48496.0,2,0.1,18.3,0.6,3900.0,91460.0
6749,Tortas Personalizadas,42732.0,9,0.0,39.0,13.9,23850.0,407146.0
6750,Galletas y Brownies,26512.0,14,0.0,9.2,4.8,10200.0,382298.0
6751,Panaderia Artesanal,9482.0,14,0.05,19.5,3.1,7650.0,134070.0
6752,Panaderia Artesanal,37693.0,13,0.0,8.7,1.8,5700.0,492280.0
6753,Postres Individuales,9207.0,12,0.15,29.7,1.2,4800.0,99228.0
6754,Galletas y Brownies,49039.0,10,0.2,11.9,13.3,22950.0,415077.0
6755,Panaderia Artesanal,29583.0,13,0.1,18.1,2.9,7350.0,354294.0
6756,Postres Individuales,47688.0,7,0.2,22.9,9.5,17250.0,285148.0
6757,Galletas y Brownies,15744.0,3,0.0,14.4,9.9,17850.0,67025.0
6758,Panaderia Artesanal,79610.0,7,0.15,31.1,5.1,10650.0,483271.0
6759,Tortas Personalizadas,76562.0,1,0.0,6.3,12.6,21900.0,96156.0
6760,Bebidas,20200.0,12,0.0,39.8,3.6,8400.0,252908.0
6761,Galletas y Brownies,32476.0,1,0.05,22.4,1.5,5250.0,37615.0
6762,Postres Individuales,54079.0,4,0.0,26.4,1.5,5250.0,220562.0
6763,Galletas y Brownies,12655.0,4,0.15,28.6,4.9,10350.0,52685.0
6764,Postres Individuales,33365.0,4,0.0,4.1,7.2,13800.0,147405.0
6765,Galletas y Brownies,25089.0,9,0.15,34.4,9.6,17400.0,209394.0
6766,Postres Individuales,78241.0,6,0.0,42.6,11.1,19650.0,487766.0
6767,Panaderia Artesanal,73201.0,3,0.1,24.1,3.1,7650.0,206421.0
6768,Tortas Personalizadas,51387.0,6,0.1,18.5,10.4,18600.0,296384.0
6769,Panaderia Artesanal,46628.0,2,0.1,35.6,3.1,7650.0,89483.0
6770,Tortas Personalizadas,79458.0,2,0.0,32.8,15.0,25500.0,184516.0
6771,Panaderia Artesanal,79594.0,7,0.1,29.8,14.4,24600.0,526980.0
6772,Panaderia Artesanal,82546.0,14,0.0,43.5,2.0,6000.0,1160817.0
6773,Galletas y Brownies,15030.0,3,0.1,26.8,10.0,18000.0,58230.0
6774,Bebidas,17845.0,7,0.05,12.3,13.6,23400.0,142285.0
6775,Postres Individuales,59139.0,3,0.0,2.6,1.7,5550.0,180104.0
6776,Postres Individuales,48315.0,12,0.0,21.2,2.3,6450.0,585935.0
6777,Postres Individuales,6477.0,12,0.0,29.9,5.5,11250.0,89470.0
6778,Tortas Personalizadas,9958.0,2,0.15,9.0,1.9,5850.0,22940.0
6779,Postres Individuales,76046.0,4,0.05,2.6,13.3,22950.0,313952.0
6780,Postres Individuales,74510.0,4,0.1,41.0,13.2,22800.0,292114.0
6781,Galletas y Brownies,33582.0,3,0.05,14.6,14.3,24450.0,119541.0
6782,Panaderia Artesanal,76284.0,9,0.2,21.8,3.5,8250.0,557360.0
6783,Postres Individuales,52494.0,6,0.0,5.5,1.2,4800.0,320290.0
6784,Bebidas,69472.0,5,0.0,18.1,6.9,13350.0,356719.0
6785,Postres Individuales,39194.0,13,0.1,19.9,13.3,22950.0,479141.0
6786,Tortas Personalizadas,14072.0,12,0.1,40.8,9.8,17700.0,169612.0
6787,Tortas Personalizadas,39698.0,12,0.05,39.1,15.0,25500.0,480762.0
6788,Tortas Personalizadas,41584.0,6,0.0,9.7,13.6,23400.0,272594.0
6789,Postres Individuales,49076.0,13,0.0,25.7,6.2,12300.0,651814.0
6790,Galletas y Brownies,13447.0,11,0.0,33.3,1.1,4650.0,150420.0
6791,Bebidas,84312.0,8,0.05,14.2,0.6,3900.0,643958.0
6792,Postres Individuales,24531.0,5,0.05,18.7,9.8,17700.0,133109.0
6793,Galletas y Brownies,20884.0,13,0.0,44.3,13.8,23700.0,295625.0
6794,Galletas y Brownies,47144.0,13,0.05,34.5,6.9,13350.0,596892.0
6795,Postres Individuales,47977.0,4,0.0,20.5,13.2,22800.0,214382.0
6796,Postres Individuales,40186.0,7,0.05,24.7,8.7,16050.0,282713.0
6797,Galletas y Brownies,66751.0,12,0.1,28.7,1.9,5850.0,728811.0
6798,Galletas y Brownies,46332.0,14,0.0,23.2,12.1,21150.0,673076.0
6799,Galletas y Brownies,53776.0,5,0.0,19.4,7.6,14400.0,282633.0
6800,Postres Individuales,62900.0,4,0.0,17.1,1.2,4800.0,256265.0
6801,Galletas y Brownies,7002.0,14,0.2,8.9,12.3,21450.0,100270.0
6802,Tortas Personalizadas,50652.0,5,0.05,43.9,11.5,20250.0,261442.0
6803,Postres Individuales,75736.0,11,0.0,5.5,7.1,13650.0,847097.0
6804,Tortas Personalizadas,6391.0,4,0.0,27.6,0.8,4200.0,26735.0
6805,Panaderia Artesanal,37415.0,8,0.2,43.2,5.5,11250.0,251343.0
6806,Postres Individuales,79098.0,8,0.05,17.8,6.8,13200.0,617258.0
6807,Panaderia Artesanal,33252.0,1,0.0,12.5,2.9,7350.0,38167.0
6808,Galletas y Brownies,41698.0,14,0.0,43.1,2.8,7200.0,588571.0
6809,Galletas y Brownies,83523.0,12,0.1,36.4,2.9,7350.0,907471.0
6810,Bebidas,20946.0,3,0.0,30.0,5.9,11850.0,75632.0
6811,Galletas y Brownies,10220.0,11,0.0,28.1,12.4,21600.0,131331.0
6812,Panaderia Artesanal,73754.0,4,0.2,17.2,11.5,20250.0,257980.0
6813,Galletas y Brownies,74477.0,2,0.15,29.4,0.6,3900.0,128919.0
6814,Postres Individuales,42766.0,14,0.15,33.0,0.6,3900.0,514046.0
6815,Galletas y Brownies,46137.0,13,0.0,2.9,1.6,5400.0,604308.0
6816,Bebidas,71865.0,5,0.0,6.6,7.3,13950.0,372178.0
6817,Galletas y Brownies,64085.0,11,0.0,15.2,13.4,23100.0,728777.0
6818,Panaderia Artesanal,26212.0,8,0.1,15.6,3.1,7650.0,197246.0
6819,Panaderia Artesanal,6351.0,12,0.1,40.7,7.4,14100.0,81540.0
6820,Galletas y Brownies,43376.0,2,0.1,31.3,1.1,4650.0,83119.0
6821,Panaderia Artesanal,73713.0,14,0.15,17.7,0.8,4200.0,882377.0
6822,Panaderia Artesanal,76667.0,9,0.1,36.7,0.6,3900.0,622089.0
6823,Bebidas,81498.0,13,0.0,15.6,11.2,19800.0,1079170.0
6824,Postres Individuales,75365.0,7,0.0,44.6,0.8,4200.0,531624.0
6825,Bebidas,51403.0,6,0.0,35.5,4.5,9750.0,315409.0
6826,Tortas Personalizadas,40568.0,8,0.0,36.7,9.9,17850.0,342382.0
6827,Bebidas,66988.0,14,0.0,12.9,9.5,17250.0,954997.0
6828,Galletas y Brownies,64186.0,2,0.1,7.8,1.3,4950.0,121724.0
6829,Postres Individuales,48051.0,14,0.0,18.4,4.2,9300.0,682714.0
6830,Galletas y Brownies,11986.0,5,0.1,16.0,9.8,17700.0,73747.0
6831,Tortas Personalizadas,79087.0,4,0.1,35.0,6.2,12300.0,297572.0
6832,Postres Individuales,41448.0,8,0.0,9.1,7.3,13950.0,344070.0
6833,Panaderia Artesanal,34067.0,13,0.0,24.4,3.5,8250.0,450443.0
6834,Bebidas,55365.0,1,0.0,28.8,1.0,4500.0,61367.0
6835,Galletas y Brownies,58907.0,12,0.0,18.3,5.5,11250.0,719364.0
6836,Tortas Personalizadas,21855.0,3,0.05,10.2,10.4,18600.0,81992.0
6837,Panaderia Artesanal,71955.0,10,0.05,40.5,11.6,20400.0,705229.0
6838,Bebidas,28195.0,8,0.05,7.5,9.1,16650.0,231403.0
6839,Panaderia Artesanal,19935.0,5,0.0,14.7,6.2,12300.0,112203.0
6840,Bebidas,37512.0,4,0.0,34.4,9.0,16500.0,166312.0
6841,Postres Individuales,63445.0,6,0.05,27.8,10.7,19050.0,382241.0
6842,Panaderia Artesanal,82237.0,12,0.0,33.3,11.5,20250.0,1007578.0
6843,Panaderia Artesanal,69743.0,5,0.0,36.7,1.9,5850.0,351546.0
6844,Panaderia Artesanal,80228.0,3,0.15,40.4,12.1,21150.0,226305.0
6845,Postres Individuales,16248.0,13,0.0,14.7,1.4,5100.0,217689.0
6846,Tortas Personalizadas,10694.0,11,0.1,22.1,13.1,22650.0,127221.0
6847,Bebidas,49616.0,14,0.0,31.4,6.2,12300.0,706109.0
6848,Panaderia Artesanal,28224.0,5,0.0,36.1,8.4,15600.0,156740.0
6849,Postres Individuales,71244.0,4,0.05,26.6,4.7,10050.0,282880.0
6850,Tortas Personalizadas,58759.0,1,0.15,23.8,6.7,13050.0,62516.0
6851,Bebidas,82658.0,1,0.1,31.6,12.8,22200.0,96132.0
6852,Postres Individuales,25383.0,14,0.0,18.1,4.8,10200.0,366293.0
6853,Bebidas,43863.0,7,0.15,40.4,8.7,16050.0,277344.0
6854,Panaderia Artesanal,45099.0,4,0.0,10.7,9.9,17850.0,197246.0
6855,Tortas Personalizadas,24134.0,1,0.0,40.0,2.6,6900.0,31107.0
6856,Postres Individuales,52207.0,6,0.0,29.5,11.8,20700.0,334025.0
6857,Tortas Personalizadas,40463.0,11,0.0,27.6,15.0,25500.0,472490.0
6858,Panaderia Artesanal,40738.0,12,0.05,21.9,2.7,7050.0,470044.0
6859,Tortas Personalizadas,34019.0,11,0.0,8.2,11.6,20400.0,394732.0
6860,Tortas Personalizadas,6354.0,12,0.15,39.1,2.6,6900.0,72545.0
6861,Galletas y Brownies,46768.0,11,0.1,3.8,14.3,24450.0,489064.0
6862,Tortas Personalizadas,31820.0,11,0.1,13.2,6.5,12750.0,326870.0
6863,Bebidas,5106.0,1,0.05,6.3,14.7,25050.0,32693.0
6864,Postres Individuales,29635.0,8,0.05,6.1,1.5,5250.0,227961.0
6865,Galletas y Brownies,27290.0,12,0.0,18.5,12.0,21000.0,346258.0
6866,Postres Individuales,36476.0,13,0.05,8.5,7.4,14100.0,464903.0
6867,Postres Individuales,15548.0,9,0.2,26.8,4.7,10050.0,119540.0
6868,Panaderia Artesanal,45615.0,11,0.05,28.8,11.3,19950.0,495682.0
6869,Panaderia Artesanal,60395.0,3,0.0,39.9,9.7,17550.0,199482.0
6870,Galletas y Brownies,55415.0,7,0.0,14.5,13.6,23400.0,413452.0
6871,Panaderia Artesanal,69300.0,13,0.2,14.9,4.1,9150.0,730290.0
6872,Panaderia Artesanal,41161.0,5,0.0,12.2,14.1,24150.0,230523.0
6873,Panaderia Artesanal,46527.0,3,0.1,35.5,9.8,17700.0,144332.0
6874,Postres Individuales,69832.0,5,0.0,20.1,7.0,13500.0,360272.0
6875,Galletas y Brownies,39216.0,10,0.0,25.5,1.3,4950.0,398030.0
6876,Postres Individuales,61128.0,7,0.1,17.8,11.6,20400.0,405512.0
6877,Bebidas,39768.0,7,0.0,8.3,12.9,22350.0,299529.0
6878,Postres Individuales,38419.0,9,0.0,6.0,12.2,21300.0,365629.0
6879,Bebidas,65816.0,8,0.0,39.3,11.2,19800.0,546205.0
6880,Tortas Personalizadas,18987.0,4,0.05,13.0,14.6,24900.0,98275.0
6881,Tortas Personalizadas,32087.0,5,0.0,42.5,12.8,22200.0,184265.0
6882,Bebidas,22934.0,5,0.0,42.7,14.0,24000.0,138481.0
6883,Bebidas,33729.0,10,0.1,22.3,11.1,19650.0,324781.0
6884,Postres Individuales,23430.0,12,0.0,43.2,12.4,21600.0,301134.0
6885,Bebidas,51352.0,2,0.0,2.7,4.7,10050.0,112087.0
6886,Galletas y Brownies,68854.0,12,0.05,5.5,10.2,18300.0,805802.0
6887,Tortas Personalizadas,67929.0,7,0.05,12.1,3.5,8250.0,461772.0
6888,Tortas Personalizadas,34160.0,7,0.0,10.6,1.5,5250.0,243162.0
6889,Bebidas,84101.0,9,0.15,12.5,8.9,16350.0,660836.0
6890,Panaderia Artesanal,52508.0,13,0.1,21.2,11.9,20850.0,634342.0
6891,Panaderia Artesanal,36952.0,9,0.0,4.2,1.7,5550.0,337674.0
6892,Bebidas,71843.0,4,0.05,25.7,3.1,7650.0,280576.0
6893,Galletas y Brownies,63390.0,5,0.0,15.0,1.8,5700.0,320650.0
6894,Panaderia Artesanal,64942.0,7,0.0,4.6,9.7,17550.0,472597.0
6895,Bebidas,20691.0,10,0.15,34.3,1.7,5550.0,183485.0
6896,Galletas y Brownies,42466.0,7,0.0,29.9,1.9,5850.0,302888.0
6897,Galletas y Brownies,73946.0,11,0.15,36.0,4.3,9450.0,700021.0
6898,Postres Individuales,45323.0,10,0.0,42.4,4.4,9600.0,461954.0
6899,Galletas y Brownies,59676.0,11,0.0,27.0,8.6,15900.0,669069.0
6900,Panaderia Artesanal,52035.0,8,0.0,35.7,1.0,4500.0,417144.0
6901,Panaderia Artesanal,72389.0,8,0.0,10.2,9.4,17100.0,599006.0
6902,Bebidas,27765.0,2,0.1,19.4,6.5,12750.0,62061.0
6903,Bebidas,51038.0,12,0.05,24.6,3.1,7650.0,588105.0
6904,Galletas y Brownies,14859.0,9,0.05,25.0,10.0,18000.0,143715.0
6905,Tortas Personalizadas,60217.0,11,0.05,32.7,5.3,10950.0,640126.0
6906,Postres Individuales,63557.0,4,0.1,36.1,12.5,21750.0,250187.0
6907,Tortas Personalizadas,8427.0,1,0.15,30.5,14.8,25200.0,32945.0
6908,Galletas y Brownies,59063.0,1,0.0,3.6,11.8,20700.0,77829.0
6909,Galletas y Brownies,38175.0,5,0.1,16.8,11.3,19950.0,192396.0
6910,Tortas Personalizadas,14928.0,7,0.0,26.4,5.6,11400.0,116763.0
6911,Postres Individuales,38593.0,5,0.1,23.6,8.3,15450.0,188685.0
6912,Tortas Personalizadas,20539.0,13,0.15,3.4,1.3,4950.0,233133.0
6913,Bebidas,38245.0,3,0.0,44.2,11.0,19500.0,136205.0
6914,Panaderia Artesanal,35747.0,11,0.05,43.1,10.3,18450.0,391584.0
6915,Bebidas,64071.0,7,0.2,35.2,4.4,9600.0,368311.0
6916,Panaderia Artesanal,66937.0,1,0.0,3.9,8.2,15300.0,82734.0
6917,Galletas y Brownies,53562.0,11,0.15,20.2,10.4,18600.0,520368.0
6918,Postres Individuales,6815.0,1,0.0,19.3,5.8,11700.0,19664.0
6919,Tortas Personalizadas,79482.0,12,0.05,25.8,11.0,19500.0,926612.0
6920,Postres Individuales,59899.0,2,0.15,3.9,12.1,21150.0,124078.0
6921,Tortas Personalizadas,7736.0,1,0.0,19.9,3.7,8550.0,16552.0
6922,Bebidas,70507.0,9,0.0,34.5,4.9,10350.0,646100.0
6923,Bebidas,21021.0,4,0.0,44.9,6.3,12450.0,97666.0
6924,Tortas Personalizadas,51338.0,7,0.0,27.4,3.9,8850.0,368017.0
6925,Postres Individuales,42331.0,5,0.0,42.4,11.7,20550.0,234175.0
6926,Tortas Personalizadas,38587.0,14,0.1,44.9,8.8,16200.0,500240.0
6927,Galletas y Brownies,76177.0,7,0.15,20.4,6.0,12000.0,465471.0
6928,Bebidas,39989.0,13,0.05,30.6,0.7,4050.0,498527.0
6929,Galletas y Brownies,11028.0,13,0.1,10.8,5.2,10800.0,139797.0
6930,Bebidas,80731.0,7,0.1,22.2,12.6,21900.0,533222.0
6931,Bebidas,78643.0,1,0.1,4.9,11.3,19950.0,90586.0
6932,Panaderia Artesanal,59755.0,1,0.1,2.8,1.5,5250.0,61119.0
6933,Galletas y Brownies,42431.0,11,0.05,40.3,12.1,21150.0,463770.0
6934,Galletas y Brownies,12429.0,3,0.0,38.8,3.1,7650.0,44655.0
6935,Panaderia Artesanal,68260.0,10,0.0,15.1,14.8,25200.0,708185.0
6936,Postres Individuales,11038.0,2,0.1,21.4,13.1,22650.0,42319.0
6937,Galletas y Brownies,10488.0,14,0.0,23.0,13.7,23550.0,168616.0
6938,Tortas Personalizadas,47991.0,7,0.0,24.2,11.7,20550.0,357040.0
6939,Panaderia Artesanal,17810.0,3,0.05,7.4,10.8,19200.0,70081.0
6940,Galletas y Brownies,5618.0,7,0.2,35.2,4.0,9000.0,39589.0
6941,Postres Individuales,38849.0,9,0.1,16.6,9.0,16500.0,327880.0
6942,Galletas y Brownies,15977.0,12,0.0,2.9,10.6,18900.0,208320.0
6943,Bebidas,17841.0,11,0.1,30.9,4.7,10050.0,184442.0
6944,Tortas Personalizadas,11153.0,1,0.15,37.6,6.3,12450.0,21836.0
6945,Panaderia Artesanal,21408.0,3,0.05,41.4,14.2,24300.0,86977.0
6946,Bebidas,62239.0,13,0.0,30.8,6.4,12600.0,820592.0
6947,Postres Individuales,69714.0,11,0.05,9.8,5.1,10650.0,740062.0
6948,Bebidas,41203.0,6,0.0,27.2,2.1,6150.0,251823.0
6949,Bebidas,45524.0,13,0.15,41.2,5.4,11100.0,513778.0
6950,Postres Individuales,7612.0,9,0.1,16.7,9.4,17100.0,78324.0
6951,Bebidas,10545.0,5,0.1,43.0,2.6,6900.0,54436.0
6952,Panaderia Artesanal,25605.0,3,0.05,5.7,9.3,16950.0,89618.0
6953,Galletas y Brownies,48512.0,8,0.2,33.2,11.2,19800.0,330353.0
6954,Bebidas,64164.0,13,0.0,6.7,11.6,20400.0,855747.0
6955,Panaderia Artesanal,53400.0,14,0.0,36.3,14.8,25200.0,773575.0
6956,Galletas y Brownies,36370.0,12,0.0,5.7,6.8,13200.0,449968.0
6957,Galletas y Brownies,14466.0,5,0.1,15.7,1.0,4500.0,69874.0
6958,Bebidas,67462.0,6,0.1,35.3,12.9,22350.0,385468.0
6959,Panaderia Artesanal,34103.0,13,0.05,21.5,1.7,5550.0,426023.0
6960,Bebidas,63884.0,2,0.05,39.9,13.0,22500.0,143993.0
6961,Postres Individuales,46038.0,4,0.0,19.0,14.7,25050.0,209474.0
6962,Galletas y Brownies,64093.0,1,0.0,44.8,13.6,23400.0,85706.0
6963,Bebidas,77583.0,14,0.0,2.3,14.5,24750.0,1107676.0
6964,Galletas y Brownies,78682.0,13,0.05,31.8,0.8,4200.0,975875.0
6965,Panaderia Artesanal,47809.0,4,0.1,41.3,0.7,4050.0,174688.0
6966,Tortas Personalizadas,45921.0,1,0.1,24.8,3.5,8250.0,51665.0
6967,Bebidas,26254.0,4,0.0,44.5,12.1,21150.0,127176.0
6968,Bebidas,79864.0,14,0.0,32.3,1.8,5700.0,1124674.0
6969,Galletas y Brownies,41634.0,2,0.15,20.2,11.3,19950.0,88722.0
6970,Panaderia Artesanal,15207.0,6,0.0,23.9,0.7,4050.0,96604.0
6971,Postres Individuales,39616.0,6,0.0,39.7,11.1,19650.0,256405.0
6972,Panaderia Artesanal,15164.0,8,0.0,43.2,4.1,9150.0,131610.0
6973,Bebidas,45203.0,9,0.05,25.7,6.9,13350.0,401132.0
6974,Postres Individuales,49902.0,8,0.0,14.9,14.7,25050.0,421920.0
6975,Panaderia Artesanal,32020.0,1,0.0,11.9,8.5,15750.0,46277.0
6976,Tortas Personalizadas,10732.0,13,0.05,22.3,1.6,5400.0,140133.0
6977,Galletas y Brownies,80480.0,3,0.0,14.4,13.2,22800.0,262013.0
6978,Panaderia Artesanal,66868.0,6,0.0,19.8,5.2,10800.0,412815.0
6979,Panaderia Artesanal,72110.0,1,0.1,37.8,9.0,16500.0,79805.0
6980,Tortas Personalizadas,34349.0,8,0.1,22.0,10.8,19200.0,268263.0
6981,Bebidas,65866.0,14,0.0,29.4,11.8,20700.0,942491.0
6982,Galletas y Brownies,43830.0,6,0.0,5.4,6.8,13200.0,276073.0
6983,Panaderia Artesanal,21087.0,1,0.0,34.7,11.7,20550.0,43354.0
6984,Postres Individuales,14954.0,10,0.05,22.5,2.2,6300.0,150885.0
6985,Panaderia Artesanal,32604.0,2,0.1,17.2,8.1,15150.0,73667.0
6986,Galletas y Brownies,16004.0,6,0.0,28.1,0.8,4200.0,101014.0
6987,Panaderia Artesanal,84862.0,10,0.0,5.9,6.4,12600.0,861177.0
6988,Tortas Personalizadas,8935.0,14,0.0,19.5,5.8,11700.0,139458.0
6989,Panaderia Artesanal,40291.0,8,0.0,36.8,14.7,25050.0,349588.0
6990,Panaderia Artesanal,41167.0,5,0.0,12.9,6.3,12450.0,218453.0
6991,Postres Individuales,29051.0,1,0.15,41.3,13.7,23550.0,49205.0
6992,Tortas Personalizadas,50708.0,14,0.05,27.8,6.8,13200.0,689237.0
6993,Tortas Personalizadas,16998.0,10,0.0,25.0,8.2,15300.0,184290.0
6994,Panaderia Artesanal,67713.0,2,0.15,18.9,5.6,11400.0,126270.0
6995,Postres Individuales,31596.0,4,0.0,33.8,9.8,17700.0,145601.0
6996,Panaderia Artesanal,52307.0,4,0.0,26.1,11.2,19800.0,227038.0
6997,Panaderia Artesanal,62251.0,7,0.15,36.1,12.0,21000.0,392363.0
6998,Galletas y Brownies,76123.0,2,0.0,15.9,10.6,18900.0,171974.0
6999,Galletas y Brownies,71863.0,7,0.15,32.0,5.3,10950.0,437473.0
7000,Postres Individuales,53665.0,7,0.05,42.5,5.3,10950.0,369474.0
7001,Bebidas,36071.0,7,0.2,13.7,5.5,11250.0,213869.0
7002,Galletas y Brownies,45256.0,13,0.1,44.2,1.0,4500.0,533019.0
7003,Bebidas,66499.0,3,0.0,19.4,14.2,24300.0,221688.0
7004,Tortas Personalizadas,75204.0,6,0.15,3.2,3.3,7950.0,390800.0
7005,Galletas y Brownies,13303.0,12,0.0,17.1,2.8,7200.0,165446.0
7006,Galletas y Brownies,35789.0,6,0.05,8.0,8.5,15750.0,218997.0
7007,Postres Individuales,67089.0,4,0.05,14.7,1.2,4800.0,259100.0
7008,Bebidas,39532.0,1,0.1,5.7,12.6,21900.0,59268.0
7009,Galletas y Brownies,31578.0,9,0.1,9.3,13.2,22800.0,276608.0
7010,Galletas y Brownies,37906.0,2,0.1,7.0,6.3,12450.0,79081.0
7011,Postres Individuales,53228.0,9,0.1,3.4,14.6,24900.0,455407.0
7012,Postres Individuales,84984.0,8,0.1,14.4,5.2,10800.0,626563.0
7013,Bebidas,44439.0,1,0.0,42.4,4.3,9450.0,51535.0
7014,Tortas Personalizadas,21680.0,11,0.15,42.8,14.9,25350.0,225006.0
7015,Tortas Personalizadas,18028.0,7,0.1,38.3,4.1,9150.0,124644.0
7016,Panaderia Artesanal,8388.0,13,0.1,2.0,6.9,13350.0,110724.0
7017,Galletas y Brownies,49705.0,10,0.2,2.7,9.4,17100.0,413517.0
7018,Bebidas,48566.0,3,0.0,2.0,5.2,10800.0,157061.0
7019,Galletas y Brownies,21419.0,10,0.0,17.4,6.1,12150.0,227381.0
7020,Bebidas,60626.0,13,0.1,44.1,11.0,19500.0,730068.0
7021,Bebidas,64289.0,10,0.0,40.5,11.0,19500.0,663237.0
7022,Bebidas,25728.0,14,0.05,12.4,12.2,21300.0,362434.0
7023,Galletas y Brownies,32528.0,14,0.15,19.3,9.1,16650.0,404722.0
7024,Postres Individuales,84238.0,14,0.0,37.4,3.9,8850.0,1188786.0
7025,Galletas y Brownies,34941.0,9,0.15,34.5,5.3,10950.0,280259.0
7026,Bebidas,65864.0,5,0.2,7.3,13.6,23400.0,289058.0
7027,Panaderia Artesanal,41218.0,11,0.0,6.2,11.1,19650.0,471691.0
7028,Tortas Personalizadas,68468.0,3,0.1,25.2,1.8,5700.0,193105.0
7029,Bebidas,66522.0,8,0.0,5.9,11.4,20100.0,551592.0
7030,Panaderia Artesanal,58420.0,12,0.1,37.4,5.3,10950.0,639743.0
7031,Postres Individuales,73382.0,3,0.0,12.5,0.8,4200.0,226842.0
7032,Bebidas,80137.0,7,0.15,9.7,7.5,14250.0,492292.0
7033,Panaderia Artesanal,51399.0,14,0.0,9.6,13.3,22950.0,739560.0
7034,Bebidas,23998.0,7,0.05,3.5,6.9,13350.0,172178.0
7035,Galletas y Brownies,36890.0,7,0.1,29.4,14.8,25200.0,256534.0
7036,Panaderia Artesanal,65664.0,14,0.0,8.7,3.1,7650.0,926089.0
7037,Galletas y Brownies,57071.0,12,0.1,11.7,5.6,11400.0,630560.0
7038,Galletas y Brownies,19224.0,1,0.2,34.2,0.7,4050.0,19109.0
7039,Panaderia Artesanal,9099.0,11,0.05,4.0,1.2,4800.0,99168.0
7040,Tortas Personalizadas,59637.0,5,0.1,10.3,5.6,11400.0,281295.0
7041,Panaderia Artesanal,25086.0,12,0.05,8.0,8.2,15300.0,300562.0
7042,Tortas Personalizadas,44974.0,11,0.05,1.7,3.9,8850.0,482411.0
7043,Bebidas,64740.0,1,0.0,25.0,2.9,7350.0,72393.0
7044,Bebidas,50013.0,7,0.05,9.8,6.6,12900.0,346948.0
7045,Panaderia Artesanal,11664.0,13,0.05,29.0,3.0,7500.0,154471.0
7046,Bebidas,19846.0,13,0.05,23.3,9.6,17400.0,261283.0
7047,Postres Individuales,22546.0,8,0.0,30.6,14.4,24600.0,206136.0
7048,Galletas y Brownies,25629.0,7,0.0,44.2,12.2,21300.0,199886.0
7049,Galletas y Brownies,50232.0,1,0.1,11.1,3.6,8400.0,53918.0
7050,Tortas Personalizadas,45317.0,3,0.0,30.5,14.3,24450.0,157567.0
7051,Bebidas,21253.0,10,0.0,37.8,11.4,20100.0,231831.0
7052,Tortas Personalizadas,10404.0,3,0.0,43.1,2.7,7050.0,40310.0
7053,Galletas y Brownies,18715.0,7,0.05,28.6,8.9,16350.0,142036.0
7054,Galletas y Brownies,83751.0,4,0.2,7.2,14.5,24750.0,292302.0
7055,Bebidas,42484.0,12,0.15,3.8,1.9,5850.0,439353.0
7056,Postres Individuales,74388.0,3,0.0,13.6,4.4,9600.0,233891.0
7057,Postres Individuales,72900.0,6,0.0,41.9,5.9,11850.0,450417.0
7058,Bebidas,45922.0,12,0.15,24.9,2.2,6300.0,475337.0
7059,Bebidas,61535.0,10,0.15,26.7,4.8,10200.0,534765.0
7060,Tortas Personalizadas,20420.0,6,0.0,28.1,10.5,18750.0,141012.0
7061,Bebidas,60072.0,10,0.1,16.0,7.4,14100.0,552553.0
7062,Postres Individuales,26791.0,5,0.0,9.4,6.6,12900.0,145406.0
7063,Bebidas,71565.0,12,0.05,43.0,6.8,13200.0,828372.0
7064,Tortas Personalizadas,11698.0,6,0.0,34.4,11.5,20250.0,87524.0
7065,Tortas Personalizadas,66851.0,3,0.2,23.7,14.9,25350.0,184112.0
7066,Tortas Personalizadas,12995.0,14,0.1,17.9,9.0,16500.0,178778.0
7067,Tortas Personalizadas,75495.0,13,0.0,22.5,11.4,20100.0,999578.0
7068,Panaderia Artesanal,29336.0,10,0.05,3.0,5.9,11850.0,288059.0
7069,Bebidas,57351.0,5,0.0,12.3,13.0,22500.0,311847.0
7070,Galletas y Brownies,44000.0,9,0.0,12.4,6.6,12900.0,410289.0
7071,Bebidas,34304.0,4,0.0,20.9,14.1,24150.0,160963.0
7072,Panaderia Artesanal,56635.0,11,0.05,11.8,11.3,19950.0,612040.0
7073,Tortas Personalizadas,80802.0,2,0.0,9.6,10.8,19200.0,180177.0
7074,Panaderia Artesanal,8302.0,5,0.05,34.8,4.7,10050.0,48837.0
7075,Postres Individuales,78508.0,3,0.05,40.4,12.0,21000.0,246119.0
7076,Postres Individuales,53727.0,12,0.05,4.4,2.0,6000.0,618817.0
7077,Bebidas,69585.0,3,0.0,10.6,8.3,15450.0,222667.0
7078,Bebidas,35710.0,4,0.0,35.2,11.2,19800.0,164354.0
7079,Galletas y Brownies,42747.0,12,0.0,37.0,13.3,22950.0,536556.0
7080,Galletas y Brownies,74508.0,4,0.0,23.3,8.8,16200.0,315567.0
7081,Postres Individuales,38188.0,5,0.05,31.7,4.2,9300.0,190980.0
7082,Tortas Personalizadas,47773.0,7,0.15,4.9,12.8,22200.0,306568.0
7083,Panaderia Artesanal,6616.0,4,0.0,38.5,11.6,20400.0,46664.0
7084,Galletas y Brownies,17688.0,11,0.05,37.7,2.7,7050.0,192677.0
7085,Galletas y Brownies,56335.0,7,0.0,31.7,13.1,22650.0,415219.0
7086,Tortas Personalizadas,62358.0,9,0.0,41.4,14.4,24600.0,586631.0
7087,Tortas Personalizadas,51608.0,3,0.05,3.6,8.3,15450.0,160158.0
7088,Bebidas,16465.0,5,0.1,11.5,1.1,4650.0,77819.0
7089,Panaderia Artesanal,40632.0,4,0.15,17.3,13.8,23700.0,164018.0
7090,Tortas Personalizadas,33408.0,9,0.1,8.4,2.3,6450.0,275415.0
7091,Galletas y Brownies,44653.0,5,0.0,36.9,9.7,17550.0,239961.0
7092,Galletas y Brownies,74626.0,10,0.05,34.4,6.3,12450.0,720623.0
7093,Postres Individuales,67069.0,2,0.1,35.1,14.9,25350.0,144871.0
7094,Tortas Personalizadas,11719.0,10,0.05,14.2,13.8,23700.0,134669.0
7095,Bebidas,76225.0,1,0.2,34.7,11.9,20850.0,82050.0
7096,Panaderia Artesanal,42741.0,7,0.0,6.9,3.4,8100.0,309399.0
7097,Bebidas,64509.0,11,0.1,6.1,10.6,18900.0,659085.0
7098,Galletas y Brownies,16203.0,1,0.0,26.9,8.8,16200.0,33284.0
7099,Bebidas,58658.0,8,0.05,3.6,2.5,6750.0,452350.0
7100,Galletas y Brownies,23906.0,9,0.05,42.3,12.0,21000.0,224337.0
7101,Galletas y Brownies,40070.0,7,0.0,15.8,1.8,5700.0,287044.0
7102,Galletas y Brownies,6349.0,9,0.2,22.3,7.5,14250.0,60581.0
7103,Galletas y Brownies,17129.0,10,0.0,36.9,6.7,13050.0,185081.0
7104,Galletas y Brownies,12366.0,6,0.0,18.9,12.2,21300.0,94916.0
7105,Postres Individuales,24180.0,7,0.15,20.2,6.7,13050.0,157137.0
7106,Bebidas,13001.0,3,0.0,16.6,10.6,18900.0,58240.0
7107,Postres Individuales,60353.0,14,0.0,16.8,7.4,14100.0,858154.0
7108,Postres Individuales,7323.0,14,0.1,21.9,8.9,16350.0,110293.0
7109,Tortas Personalizadas,54419.0,9,0.1,42.6,4.0,9000.0,447408.0
7110,Tortas Personalizadas,16257.0,3,0.2,42.2,3.4,8100.0,46120.0
7111,Tortas Personalizadas,80613.0,6,0.1,25.2,10.8,19200.0,453192.0
7112,Panaderia Artesanal,79648.0,4,0.1,21.3,2.3,6450.0,292609.0
7113,Tortas Personalizadas,23040.0,9,0.15,36.7,3.1,7650.0,183065.0
7114,Bebidas,54154.0,1,0.05,31.1,14.1,24150.0,74729.0
7115,Postres Individuales,7240.0,9,0.0,39.8,4.2,9300.0,75673.0
7116,Bebidas,79543.0,12,0.1,33.3,5.2,10800.0,870210.0
7117,Tortas Personalizadas,46839.0,4,0.0,42.9,9.7,17550.0,203657.0
7118,Panaderia Artesanal,8458.0,10,0.0,40.1,6.9,13350.0,98716.0
7119,Panaderia Artesanal,32400.0,5,0.1,38.7,8.6,15900.0,162356.0
7120,Postres Individuales,11148.0,11,0.2,18.5,2.6,6900.0,102163.0
7121,Bebidas,36436.0,13,0.0,18.3,10.2,18300.0,491260.0
7122,Galletas y Brownies,58594.0,1,0.0,33.7,2.8,7200.0,66711.0
7123,Bebidas,42591.0,14,0.0,5.1,11.3,19950.0,616787.0
7124,Tortas Personalizadas,35698.0,1,0.0,15.5,8.1,15150.0,51745.0
7125,Galletas y Brownies,14533.0,6,0.0,42.1,12.3,21450.0,107414.0
7126,Panaderia Artesanal,24595.0,10,0.05,21.1,3.0,7500.0,241738.0
7127,Postres Individuales,13011.0,13,0.0,13.2,6.0,12000.0,178490.0
7128,Postres Individuales,69600.0,1,0.0,22.2,12.8,22200.0,91496.0
7129,Panaderia Artesanal,15819.0,13,0.15,14.1,12.1,21150.0,198548.0
7130,Tortas Personalizadas,52630.0,2,0.1,34.9,14.5,24750.0,120803.0
7131,Panaderia Artesanal,32419.0,13,0.0,38.5,3.7,8550.0,430277.0
7132,Tortas Personalizadas,23078.0,14,0.05,35.5,8.3,15450.0,321543.0
7133,Galletas y Brownies,56157.0,3,0.0,8.0,0.8,4200.0,174543.0
7134,Panaderia Artesanal,41560.0,7,0.2,16.1,14.5,24750.0,257476.0
7135,Tortas Personalizadas,37012.0,2,0.0,10.8,3.0,7500.0,80926.0
7136,Galletas y Brownies,52428.0,5,0.15,3.4,13.6,23400.0,248235.0
7137,Panaderia Artesanal,44301.0,9,0.1,33.7,10.3,18450.0,377385.0
7138,Postres Individuales,29279.0,12,0.05,20.1,14.1,24150.0,358462.0
7139,Panaderia Artesanal,49725.0,12,0.0,13.5,4.1,9150.0,603704.0
7140,Bebidas,58560.0,10,0.15,14.9,5.5,11250.0,508265.0
7141,Panaderia Artesanal,7135.0,8,0.0,7.4,2.9,7350.0,65524.0
7142,Bebidas,42270.0,12,0.0,37.5,6.6,12900.0,520053.0
7143,Galletas y Brownies,9615.0,8,0.0,7.8,14.2,24300.0,101046.0
7144,Panaderia Artesanal,19912.0,11,0.05,16.2,8.8,16200.0,222658.0
7145,Galletas y Brownies,49841.0,2,0.0,1.8,6.5,12750.0,113755.0
7146,Galletas y Brownies,74295.0,1,0.2,20.5,5.2,10800.0,69684.0
7147,Tortas Personalizadas,75624.0,9,0.0,16.9,9.0,16500.0,697468.0
7148,Galletas y Brownies,10596.0,10,0.1,32.8,11.0,19500.0,116919.0
7149,Galletas y Brownies,38528.0,12,0.0,32.6,6.4,12600.0,477524.0
7150,Panaderia Artesanal,51641.0,4,0.0,3.2,3.8,8700.0,214071.0
7151,Panaderia Artesanal,16766.0,9,0.0,6.5,9.0,16500.0,166942.0
7152,Postres Individuales,66235.0,11,0.2,40.9,5.8,11700.0,595444.0
7153,Tortas Personalizadas,64539.0,14,0.0,35.9,14.9,25350.0,927885.0
7154,Galletas y Brownies,77267.0,12,0.1,18.4,6.9,13350.0,849327.0
7155,Tortas Personalizadas,5679.0,11,0.0,8.7,6.8,13200.0,76658.0
7156,Bebidas,22335.0,7,0.1,12.8,12.7,22050.0,163685.0
7157,Galletas y Brownies,71175.0,12,0.0,30.1,4.1,9150.0,862930.0
7158,Tortas Personalizadas,58646.0,6,0.0,42.6,1.5,5250.0,357247.0
7159,Postres Individuales,76551.0,10,0.05,28.3,12.9,22350.0,750353.0
7160,Postres Individuales,9574.0,13,0.0,2.7,9.0,16500.0,141259.0
7161,Galletas y Brownies,52757.0,9,0.0,29.8,4.3,9450.0,482010.0
7162,Bebidas,50524.0,10,0.0,42.6,5.5,11250.0,518527.0
7163,Postres Individuales,7854.0,4,0.1,17.1,6.7,13050.0,41547.0
7164,Postres Individuales,46082.0,14,0.0,42.1,10.4,18600.0,663777.0
7165,Bebidas,53762.0,1,0.0,30.7,7.3,13950.0,69550.0
7166,Tortas Personalizadas,20303.0,5,0.1,9.8,6.2,12300.0,103516.0
7167,Postres Individuales,26866.0,13,0.0,7.8,11.8,20700.0,368443.0
7168,Panaderia Artesanal,56228.0,6,0.05,9.2,1.5,5250.0,325290.0
7169,Postres Individuales,42464.0,6,0.05,31.9,10.0,18000.0,261873.0
7170,Tortas Personalizadas,73641.0,12,0.15,27.1,7.0,13500.0,763200.0
7171,Tortas Personalizadas,32391.0,1,0.0,21.3,5.4,11100.0,40645.0
7172,Galletas y Brownies,26333.0,7,0.05,13.0,13.9,23850.0,198097.0
7173,Panaderia Artesanal,83789.0,8,0.0,41.0,11.8,20700.0,691692.0
7174,Tortas Personalizadas,77891.0,12,0.0,10.8,3.7,8550.0,945002.0
7175,Bebidas,7319.0,5,0.05,13.8,10.0,18000.0,53082.0
7176,Panaderia Artesanal,66658.0,2,0.0,3.9,12.4,21600.0,154367.0
7177,Panaderia Artesanal,13827.0,2,0.0,13.5,14.8,25200.0,50722.0
7178,Bebidas,7199.0,11,0.05,41.6,10.6,18900.0,93333.0
7179,Postres Individuales,26896.0,5,0.0,9.7,10.5,18750.0,150382.0
7180,Bebidas,26548.0,7,0.0,10.4,9.4,17100.0,204557.0
7181,Bebidas,70546.0,7,0.0,27.6,1.1,4650.0,496865.0
7182,Postres Individuales,61853.0,13,0.0,26.2,9.0,16500.0,819418.0
7183,Postres Individuales,83529.0,4,0.0,9.2,12.2,21300.0,353519.0
7184,Postres Individuales,61921.0,11,0.0,8.2,6.2,12300.0,693189.0
7185,Postres Individuales,38460.0,14,0.0,6.6,9.0,16500.0,555367.0
7186,Postres Individuales,60914.0,3,0.05,39.0,13.9,23850.0,199093.0
7187,Bebidas,84957.0,9,0.0,30.0,3.0,7500.0,772007.0
7188,Galletas y Brownies,61811.0,12,0.1,43.0,4.6,9900.0,676384.0
7189,Galletas y Brownies,65935.0,14,0.2,8.7,2.1,6150.0,746072.0
7190,Tortas Personalizadas,80069.0,14,0.0,21.5,7.8,14700.0,1136186.0
7191,Galletas y Brownies,14092.0,7,0.0,33.8,12.7,22050.0,120637.0
7192,Galletas y Brownies,61383.0,2,0.05,10.8,6.8,13200.0,129202.0
7193,Bebidas,73064.0,1,0.0,31.3,1.5,5250.0,76933.0
7194,Postres Individuales,81350.0,11,0.1,22.1,4.3,9450.0,815751.0
7195,Postres Individuales,21878.0,2,0.0,20.2,13.4,23100.0,66771.0
7196,Bebidas,45314.0,13,0.0,29.6,8.6,15900.0,602691.0
7197,Galletas y Brownies,59444.0,12,0.0,21.8,13.8,23700.0,736661.0
7198,Bebidas,24797.0,3,0.0,37.2,12.6,21900.0,97678.0
7199,Tortas Personalizadas,53038.0,5,0.0,42.0,6.5,12750.0,281335.0
7200,Postres Individuales,25606.0,14,0.0,27.1,9.7,17550.0,375646.0
7201,Panaderia Artesanal,31677.0,3,0.0,14.6,10.1,18150.0,114347.0
7202,Tortas Personalizadas,40321.0,10,0.05,35.3,11.3,19950.0,402398.0
7203,Tortas Personalizadas,47335.0,9,0.0,8.9,5.3,10950.0,437123.0
7204,Bebidas,40949.0,10,0.1,5.6,4.7,10050.0,379077.0
7205,Galletas y Brownies,44456.0,4,0.0,24.1,10.4,18600.0,198537.0
7206,Postres Individuales,28887.0,7,0.0,29.6,12.4,21600.0,225495.0
7207,Panaderia Artesanal,17717.0,4,0.0,37.8,6.5,12750.0,84549.0
7208,Tortas Personalizadas,8788.0,3,0.1,43.1,5.2,10800.0,33302.0
7209,Panaderia Artesanal,20678.0,10,0.05,39.5,12.5,21750.0,218943.0
7210,Galletas y Brownies,51555.0,1,0.0,44.5,10.5,18750.0,72569.0
7211,Galletas y Brownies,67889.0,14,0.0,22.2,5.5,11250.0,962542.0
7212,Panaderia Artesanal,18540.0,12,0.2,15.3,8.2,15300.0,194333.0
7213,Postres Individuales,13684.0,9,0.1,21.5,14.4,24600.0,135661.0
7214,Galletas y Brownies,64943.0,13,0.0,29.5,11.4,20100.0,863889.0
7215,Panaderia Artesanal,29413.0,11,0.05,23.6,3.7,8550.0,316723.0
7216,Tortas Personalizadas,81120.0,1,0.0,29.1,4.8,10200.0,91012.0
7217,Panaderia Artesanal,62145.0,11,0.0,40.1,4.3,9450.0,690693.0
7218,Panaderia Artesanal,31140.0,13,0.1,8.7,12.8,22200.0,388570.0
7219,Bebidas,28163.0,1,0.1,6.7,9.8,17700.0,44051.0
7220,Galletas y Brownies,46896.0,1,0.0,23.2,14.1,24150.0,68097.0
7221,Postres Individuales,11332.0,14,0.1,44.2,1.8,5700.0,144797.0
7222,Postres Individuales,14414.0,5,0.05,4.1,1.3,4950.0,73129.0
7223,Bebidas,19069.0,7,0.0,44.4,10.3,18450.0,152852.0
7224,Postres Individuales,66978.0,7,0.0,43.6,4.4,9600.0,477543.0
7225,Panaderia Artesanal,46109.0,10,0.0,14.2,10.3,18450.0,478194.0
7226,Bebidas,5845.0,1,0.0,40.3,11.0,19500.0,25122.0
7227,Tortas Personalizadas,58881.0,6,0.05,1.8,4.9,10350.0,345748.0
7228,Galletas y Brownies,38895.0,9,0.0,21.3,14.3,24450.0,374151.0
7229,Galletas y Brownies,45868.0,6,0.0,19.0,11.7,20550.0,294028.0
7230,Galletas y Brownies,22129.0,4,0.15,40.8,5.8,11700.0,87195.0
7231,Panaderia Artesanal,49143.0,10,0.2,22.0,6.5,12750.0,405907.0
7232,Tortas Personalizadas,83332.0,9,0.05,19.7,10.9,19350.0,729589.0
7233,Bebidas,10876.0,13,0.05,29.3,4.9,10350.0,145384.0
7234,Bebidas,27713.0,3,0.1,17.8,4.8,10200.0,84461.0
7235,Galletas y Brownies,24440.0,13,0.05,24.8,9.6,17400.0,318042.0
7236,Tortas Personalizadas,24884.0,10,0.0,43.1,2.5,6750.0,255849.0
7237,Tortas Personalizadas,35297.0,4,0.0,10.3,14.9,25350.0,166071.0
7238,Tortas Personalizadas,70449.0,4,0.05,21.5,4.7,10050.0,277205.0
7239,Postres Individuales,78029.0,4,0.0,2.2,6.0,12000.0,322888.0
7240,Postres Individuales,21177.0,6,0.0,38.1,3.8,8700.0,136167.0
7241,Galletas y Brownies,48436.0,13,0.1,5.5,9.8,17700.0,586193.0
7242,Tortas Personalizadas,55952.0,11,0.0,5.6,1.4,5100.0,620460.0
7243,Tortas Personalizadas,46746.0,11,0.0,39.9,14.0,24000.0,537200.0
7244,Bebidas,39726.0,7,0.0,19.3,4.9,10350.0,289733.0
7245,Bebidas,20358.0,14,0.0,31.4,13.9,23850.0,308972.0
7246,Galletas y Brownies,44058.0,9,0.1,38.8,4.2,9300.0,364086.0
7247,Tortas Personalizadas,37097.0,14,0.05,17.8,7.9,14850.0,508562.0
7248,Galletas y Brownies,68645.0,11,0.1,12.9,10.6,18900.0,697467.0
7249,Bebidas,66088.0,3,0.0,8.9,9.4,17100.0,216521.0
7250,Bebidas,15720.0,8,0.05,27.9,7.9,14850.0,131408.0
7251,Postres Individuales,12082.0,8,0.05,12.5,11.9,20850.0,112499.0
7252,Galletas y Brownies,77652.0,1,0.0,29.1,7.3,13950.0,93276.0
7253,Galletas y Brownies,47841.0,5,0.0,15.3,5.3,10950.0,249624.0
7254,Tortas Personalizadas,73624.0,13,0.05,16.6,10.9,19350.0,928405.0
7255,Tortas Personalizadas,9652.0,10,0.2,12.3,14.1,24150.0,100273.0
7256,Postres Individuales,47121.0,5,0.15,19.7,9.2,16800.0,216789.0
7257,Panaderia Artesanal,48154.0,12,0.0,8.6,4.6,9900.0,585633.0
7258,Panaderia Artesanal,73856.0,8,0.0,15.4,11.6,20400.0,609402.0
7259,Panaderia Artesanal,12809.0,8,0.05,35.3,11.5,20250.0,115660.0
7260,Galletas y Brownies,24236.0,12,0.0,10.9,4.4,9600.0,302562.0
7261,Galletas y Brownies,37523.0,2,0.0,42.7,6.1,12150.0,84956.0
7262,Bebidas,74267.0,3,0.0,22.9,2.5,6750.0,228337.0
7263,Galletas y Brownies,80111.0,2,0.0,6.2,1.7,5550.0,163446.0
7264,Galletas y Brownies,84418.0,1,0.0,42.5,12.2,21300.0,107988.0
7265,Galletas y Brownies,81735.0,2,0.05,21.4,5.9,11850.0,166363.0
7266,Postres Individuales,5475.0,10,0.2,25.7,4.6,9900.0,51555.0
7267,Galletas y Brownies,8817.0,6,0.0,9.6,4.2,9300.0,61080.0
7268,Tortas Personalizadas,16809.0,12,0.0,16.0,1.6,5400.0,205685.0
7269,Tortas Personalizadas,32909.0,1,0.05,32.1,14.8,25200.0,57828.0
7270,Bebidas,71393.0,6,0.0,6.9,5.8,11700.0,439716.0
7271,Postres Individuales,76412.0,1,0.15,26.3,2.9,7350.0,70538.0
7272,Tortas Personalizadas,19947.0,2,0.0,31.7,13.0,22500.0,64532.0
7273,Postres Individuales,54573.0,8,0.2,1.6,11.0,19500.0,369600.0
7274,Postres Individuales,78389.0,14,0.0,37.9,10.1,18150.0,1114266.0
7275,Bebidas,42099.0,6,0.1,4.0,4.8,10200.0,238125.0
7276,Postres Individuales,13283.0,9,0.05,12.2,6.5,12750.0,124006.0
7277,Galletas y Brownies,41625.0,1,0.15,43.4,12.7,22050.0,54800.0
7278,Postres Individuales,35064.0,5,0.05,5.0,9.8,17700.0,182524.0
7279,Bebidas,51213.0,7,0.05,37.4,5.5,11250.0,352961.0
7280,Bebidas,40093.0,9,0.05,29.9,2.1,6150.0,351177.0
7281,Bebidas,6388.0,14,0.1,27.5,13.6,23400.0,102260.0
7282,Tortas Personalizadas,84520.0,11,0.15,26.8,14.4,24600.0,814923.0
7283,Galletas y Brownies,48483.0,9,0.0,8.7,10.9,19350.0,458244.0
7284,Tortas Personalizadas,42890.0,4,0.0,30.6,10.5,18750.0,191442.0
7285,Panaderia Artesanal,81369.0,13,0.0,42.9,8.3,15450.0,1072375.0
7286,Galletas y Brownies,17469.0,4,0.0,4.9,14.6,24900.0,96144.0
7287,Postres Individuales,20139.0,4,0.1,16.0,10.6,18900.0,92739.0
7288,Bebidas,69641.0,3,0.0,22.0,1.6,5400.0,213055.0
7289,Panaderia Artesanal,25866.0,8,0.05,11.6,1.8,5700.0,198680.0
7290,Galletas y Brownies,68938.0,5,0.05,33.7,14.5,24750.0,350960.0
7291,Tortas Personalizadas,26723.0,7,0.1,31.5,14.2,24300.0,192308.0
7292,Bebidas,7655.0,10,0.05,6.6,8.6,15900.0,86833.0
7293,Tortas Personalizadas,46361.0,6,0.0,26.3,3.6,8400.0,286004.0
7294,Galletas y Brownies,20735.0,14,0.2,17.5,9.0,16500.0,251304.0
7295,Galletas y Brownies,65628.0,9,0.0,11.4,11.6,20400.0,611680.0
7296,Panaderia Artesanal,56296.0,14,0.1,38.4,0.6,3900.0,711475.0
7297,Postres Individuales,78888.0,3,0.0,3.9,12.4,21600.0,256466.0
7298,Tortas Personalizadas,67639.0,6,0.0,21.8,7.2,13800.0,421013.0
7299,Panaderia Artesanal,19462.0,3,0.15,22.2,7.2,13800.0,63176.0
7300,Bebidas,69013.0,2,0.1,26.3,6.8,13200.0,138080.0
7301,Postres Individuales,56339.0,3,0.0,10.1,10.5,18750.0,188289.0
7302,Panaderia Artesanal,58516.0,2,0.05,39.4,3.5,8250.0,119333.0
7303,Tortas Personalizadas,71581.0,2,0.0,43.5,9.3,16950.0,163691.0
7304,Galletas y Brownies,50906.0,10,0.0,25.4,1.1,4650.0,513050.0
7305,Bebidas,42280.0,11,0.1,12.6,12.3,21450.0,438068.0
7306,Tortas Personalizadas,55931.0,7,0.1,39.6,12.3,21450.0,374059.0
7307,Postres Individuales,28837.0,10,0.15,44.5,5.0,10500.0,255579.0
7308,Postres Individuales,19608.0,3,0.05,33.8,2.0,6000.0,62413.0
7309,Galletas y Brownies,54327.0,8,0.05,16.0,11.3,19950.0,432163.0
7310,Galletas y Brownies,23708.0,13,0.0,11.8,7.3,13950.0,321528.0
7311,Bebidas,11393.0,2,0.0,8.3,13.9,23850.0,48576.0
7312,Bebidas,5044.0,11,0.0,11.7,5.6,11400.0,68316.0
7313,Galletas y Brownies,53666.0,11,0.15,11.4,12.7,22050.0,523475.0
7314,Galletas y Brownies,33972.0,7,0.0,43.6,0.9,4350.0,242686.0
7315,Postres Individuales,65185.0,3,0.0,29.5,11.7,20550.0,216765.0
7316,Galletas y Brownies,35014.0,9,0.05,8.8,10.3,18450.0,317726.0
7317,Panaderia Artesanal,43880.0,7,0.0,22.7,8.1,15150.0,320339.0
7318,Tortas Personalizadas,37567.0,9,0.15,9.5,13.7,23550.0,307427.0
7319,Galletas y Brownies,57046.0,2,0.0,27.9,14.2,24300.0,139427.0
7320,Bebidas,33491.0,6,0.1,16.4,14.0,24000.0,204261.0
7321,Panaderia Artesanal,82101.0,5,0.0,10.0,9.2,16800.0,429396.0
7322,Bebidas,79892.0,14,0.0,12.1,8.0,15000.0,1131415.0
7323,Panaderia Artesanal,72842.0,2,0.1,30.9,4.4,9600.0,141359.0
7324,Galletas y Brownies,78624.0,4,0.05,19.2,2.9,7350.0,304357.0
7325,Tortas Personalizadas,40931.0,4,0.0,23.8,8.6,15900.0,179904.0
7326,Bebidas,47914.0,8,0.0,37.2,2.7,7050.0,389458.0
7327,Panaderia Artesanal,64367.0,13,0.0,30.0,3.0,7500.0,841356.0
7328,Postres Individuales,60692.0,7,0.0,21.6,5.7,11550.0,437453.0
7329,Galletas y Brownies,76254.0,13,0.0,43.0,3.2,7800.0,999733.0
7330,Tortas Personalizadas,62306.0,5,0.05,10.8,7.8,14700.0,311395.0
7331,Galletas y Brownies,84831.0,9,0.0,14.1,10.1,18150.0,783545.0
7332,Postres Individuales,32880.0,1,0.0,41.1,10.6,18900.0,52946.0
7333,Tortas Personalizadas,71640.0,4,0.05,38.6,8.2,15300.0,286948.0
7334,Postres Individuales,60811.0,5,0.0,7.2,8.1,15150.0,322256.0
7335,Galletas y Brownies,60311.0,8,0.05,42.0,7.4,14100.0,473354.0
7336,Panaderia Artesanal,31067.0,3,0.05,1.9,4.1,9150.0,96196.0
7337,Galletas y Brownies,67848.0,14,0.0,37.3,10.0,18000.0,967441.0
7338,Galletas y Brownies,77030.0,12,0.0,13.6,10.0,18000.0,941396.0
7339,Galletas y Brownies,22484.0,5,0.0,9.7,4.2,9300.0,124550.0
7340,Bebidas,55040.0,3,0.05,21.0,10.7,19050.0,177343.0
7341,Postres Individuales,36371.0,13,0.05,40.5,12.9,22350.0,471940.0
7342,Postres Individuales,84164.0,7,0.05,35.7,9.1,16650.0,575750.0
7343,Postres Individuales,43307.0,10,0.2,43.6,2.2,6300.0,355738.0
7344,Bebidas,23266.0,3,0.05,25.0,5.2,10800.0,78954.0
7345,Panaderia Artesanal,35549.0,7,0.1,23.7,1.8,5700.0,228990.0
7346,Galletas y Brownies,57307.0,14,0.0,2.1,4.9,10350.0,812797.0
7347,Panaderia Artesanal,11087.0,2,0.0,9.4,3.6,8400.0,31387.0
7348,Bebidas,53288.0,7,0.0,23.1,8.5,15750.0,387597.0
7349,Postres Individuales,79498.0,9,0.05,34.2,6.6,12900.0,691469.0
7350,Galletas y Brownies,73029.0,12,0.0,37.3,11.0,19500.0,898882.0
7351,Tortas Personalizadas,10414.0,5,0.05,13.8,5.8,11700.0,61083.0
7352,Tortas Personalizadas,84471.0,12,0.05,32.5,2.7,7050.0,969535.0
7353,Panaderia Artesanal,60898.0,6,0.0,37.5,3.9,8850.0,375473.0
7354,Postres Individuales,17982.0,13,0.05,17.8,8.4,15600.0,236100.0
7355,Tortas Personalizadas,5993.0,10,0.0,31.8,7.0,13500.0,73453.0
7356,Panaderia Artesanal,18703.0,11,0.0,20.5,1.1,4650.0,212354.0
7357,Bebidas,72054.0,3,0.1,44.4,3.5,8250.0,200475.0
7358,Panaderia Artesanal,6731.0,13,0.1,1.8,4.8,10200.0,87966.0
7359,Panaderia Artesanal,23652.0,10,0.0,19.5,11.0,19500.0,255662.0
7360,Panaderia Artesanal,65584.0,5,0.0,13.0,11.1,19650.0,346434.0
7361,Galletas y Brownies,51889.0,13,0.0,38.5,10.6,18900.0,695193.0
7362,Panaderia Artesanal,67619.0,5,0.0,14.0,12.4,21600.0,361556.0
7363,Panaderia Artesanal,64692.0,3,0.2,25.2,13.2,22800.0,178741.0
7364,Galletas y Brownies,9048.0,8,0.0,33.7,1.5,5250.0,77507.0
7365,Galletas y Brownies,76401.0,6,0.15,23.1,7.6,14400.0,406429.0
7366,Bebidas,23163.0,13,0.15,19.4,2.7,7050.0,262380.0
7367,Postres Individuales,49271.0,3,0.0,3.3,5.6,11400.0,159415.0
7368,Tortas Personalizadas,56543.0,1,0.0,2.5,10.1,18150.0,75058.0
7369,Tortas Personalizadas,18490.0,10,0.1,43.1,9.2,16800.0,182519.0
7370,Panaderia Artesanal,83099.0,1,0.0,29.5,2.4,6600.0,89404.0
7371,Bebidas,44052.0,13,0.05,37.4,11.5,20250.0,562655.0
7372,Panaderia Artesanal,9611.0,11,0.0,22.4,11.9,20850.0,128288.0
7373,Tortas Personalizadas,79981.0,10,0.0,12.9,2.5,6750.0,803598.0
7374,Galletas y Brownies,51901.0,12,0.0,14.3,9.4,17100.0,640013.0
7375,Postres Individuales,60935.0,2,0.0,3.4,14.2,24300.0,145088.0
7376,Bebidas,47014.0,10,0.05,35.9,1.9,5850.0,452245.0
7377,Galletas y Brownies,71779.0,5,0.2,26.8,2.9,7350.0,291472.0
7378,Postres Individuales,7651.0,7,0.0,22.4,11.6,20400.0,75580.0
7379,Bebidas,26470.0,1,0.0,38.6,5.4,11100.0,37055.0
7380,Bebidas,42572.0,1,0.0,20.9,14.4,24600.0,68054.0
7381,Tortas Personalizadas,11128.0,4,0.0,42.7,9.6,17400.0,61941.0
7382,Galletas y Brownies,61473.0,13,0.05,2.1,7.5,14250.0,773134.0
7383,Bebidas,36493.0,10,0.1,44.3,5.4,11100.0,340153.0
7384,Bebidas,26813.0,6,0.0,37.0,4.0,9000.0,168100.0
7385,Postres Individuales,5270.0,9,0.1,16.9,9.9,17850.0,60550.0
7386,Tortas Personalizadas,62586.0,1,0.1,27.4,9.1,16650.0,70848.0
7387,Panaderia Artesanal,71705.0,11,0.0,39.1,5.7,11550.0,798765.0
7388,Tortas Personalizadas,36603.0,10,0.05,22.4,13.8,23700.0,370628.0
7389,Panaderia Artesanal,50137.0,5,0.0,3.7,11.5,20250.0,269816.0
7390,Galletas y Brownies,23215.0,9,0.05,40.8,4.3,9450.0,208223.0
7391,Galletas y Brownies,54776.0,8,0.0,24.0,14.2,24300.0,460436.0
7392,Bebidas,5971.0,7,0.0,25.2,11.5,20250.0,62993.0
7393,Galletas y Brownies,44092.0,13,0.1,2.1,13.5,23250.0,542405.0
7394,Bebidas,56536.0,10,0.05,5.9,2.5,6750.0,545368.0
7395,Tortas Personalizadas,78455.0,2,0.1,35.3,1.0,4500.0,146374.0
7396,Galletas y Brownies,35507.0,9,0.0,20.4,7.6,14400.0,333114.0
7397,Tortas Personalizadas,66215.0,12,0.1,44.9,7.0,13500.0,728893.0
7398,Tortas Personalizadas,52815.0,13,0.0,31.8,13.1,22650.0,710088.0
7399,Galletas y Brownies,79161.0,8,0.1,42.8,3.0,7500.0,579140.0
7400,Tortas Personalizadas,36870.0,13,0.05,13.7,0.8,4200.0,462094.0
7401,Galletas y Brownies,30528.0,11,0.0,9.2,8.2,15300.0,350190.0
7402,Galletas y Brownies,75971.0,10,0.0,17.9,3.1,7650.0,765038.0
7403,Galletas y Brownies,8940.0,10,0.1,13.0,1.2,4800.0,85982.0
7404,Panaderia Artesanal,15911.0,9,0.05,28.2,0.8,4200.0,140027.0
7405,Tortas Personalizadas,11592.0,9,0.2,33.9,2.6,6900.0,88883.0
7406,Postres Individuales,72449.0,9,0.0,19.0,5.9,11850.0,662996.0
7407,Galletas y Brownies,5849.0,3,0.05,5.4,13.3,22950.0,38078.0
7408,Tortas Personalizadas,73933.0,7,0.05,2.6,11.5,20250.0,512174.0
7409,Bebidas,41101.0,12,0.05,11.0,8.2,15300.0,486823.0
7410,Galletas y Brownies,5322.0,1,0.1,33.4,6.7,13050.0,17965.0
7411,Galletas y Brownies,37132.0,9,0.0,11.1,7.1,13650.0,347322.0
7412,Postres Individuales,19944.0,14,0.05,41.1,13.3,22950.0,289866.0
7413,Panaderia Artesanal,54952.0,9,0.05,29.8,11.0,19500.0,489811.0
7414,Panaderia Artesanal,59349.0,3,0.0,39.0,3.0,7500.0,186404.0
7415,Galletas y Brownies,44002.0,5,0.0,18.3,14.1,24150.0,247093.0
7416,Tortas Personalizadas,8242.0,12,0.05,44.3,11.7,20550.0,111832.0
7417,Bebidas,57490.0,13,0.0,31.1,1.0,4500.0,749839.0
7418,Bebidas,72363.0,8,0.0,17.0,7.8,14700.0,593176.0
7419,Tortas Personalizadas,62626.0,6,0.1,10.7,10.0,18000.0,358221.0
7420,Galletas y Brownies,71397.0,10,0.0,39.2,1.4,5100.0,718749.0
7421,Bebidas,21041.0,10,0.0,15.3,5.6,11400.0,223015.0
7422,Panaderia Artesanal,76111.0,9,0.05,3.4,9.9,17850.0,666595.0
7423,Tortas Personalizadas,30775.0,14,0.0,13.6,12.3,21450.0,453513.0
7424,Postres Individuales,6072.0,13,0.05,9.3,14.7,25050.0,100193.0
7425,Galletas y Brownies,72471.0,3,0.0,15.4,2.3,6450.0,222751.0
7426,Tortas Personalizadas,80346.0,12,0.1,28.2,9.7,17550.0,887262.0
7427,Bebidas,57445.0,7,0.0,23.3,13.4,23100.0,426489.0
7428,Galletas y Brownies,23515.0,13,0.0,32.4,10.9,19350.0,325236.0
7429,Panaderia Artesanal,25140.0,6,0.05,16.0,9.7,17550.0,160632.0
7430,Galletas y Brownies,42327.0,14,0.0,6.7,3.6,8400.0,598666.0
7431,Galletas y Brownies,76826.0,5,0.1,8.5,12.3,21450.0,366544.0
7432,Panaderia Artesanal,16968.0,4,0.05,36.2,8.7,16050.0,78404.0
7433,Panaderia Artesanal,71078.0,5,0.1,5.8,2.1,6150.0,326079.0
7434,Galletas y Brownies,28304.0,13,0.0,36.2,14.1,24150.0,392654.0
7435,Panaderia Artesanal,69687.0,4,0.1,10.7,14.8,25200.0,276944.0
7436,Tortas Personalizadas,78622.0,3,0.0,31.0,8.3,15450.0,251419.0
7437,Panaderia Artesanal,39200.0,7,0.0,28.6,11.8,20700.0,297493.0
7438,Panaderia Artesanal,34204.0,6,0.0,5.8,9.0,16500.0,219615.0
7439,Galletas y Brownies,69178.0,4,0.1,30.5,6.6,12900.0,261973.0
7440,Tortas Personalizadas,47359.0,9,0.15,21.0,6.4,12600.0,376778.0
7441,Postres Individuales,59756.0,1,0.0,32.3,14.5,24750.0,85449.0
7442,Postres Individuales,54826.0,1,0.15,37.8,5.8,11700.0,57462.0
7443,Bebidas,17231.0,9,0.1,3.2,7.6,14400.0,155063.0
7444,Panaderia Artesanal,72583.0,7,0.0,29.7,4.1,9150.0,516504.0
7445,Panaderia Artesanal,20662.0,2,0.05,6.1,4.2,9300.0,48661.0
7446,Tortas Personalizadas,79583.0,11,0.0,18.0,5.7,11550.0,887962.0
7447,Postres Individuales,25046.0,10,0.1,2.1,13.9,23850.0,247071.0
7448,Bebidas,63710.0,5,0.05,15.8,6.2,12300.0,316461.0
7449,Tortas Personalizadas,27772.0,13,0.0,8.9,8.5,15750.0,378056.0
7450,Panaderia Artesanal,30423.0,4,0.15,25.7,8.4,15600.0,116354.0
7451,Postres Individuales,29800.0,1,0.0,23.8,9.0,16500.0,41219.0
7452,Bebidas,64831.0,12,0.1,36.0,12.4,21600.0,718642.0
7453,Galletas y Brownies,49545.0,13,0.0,29.3,13.6,23400.0,667566.0
7454,Postres Individuales,75636.0,9,0.1,32.6,3.5,8250.0,623666.0
7455,Bebidas,29590.0,6,0.05,5.5,13.0,22500.0,192437.0
7456,Tortas Personalizadas,60359.0,11,0.05,2.7,8.4,15600.0,648069.0
7457,Galletas y Brownies,65236.0,13,0.0,43.7,13.9,23850.0,873251.0
7458,Bebidas,17119.0,14,0.15,20.1,13.8,23700.0,228040.0
7459,Bebidas,37047.0,12,0.0,18.7,6.1,12150.0,453434.0
7460,Panaderia Artesanal,43625.0,6,0.0,3.0,10.0,18000.0,281558.0
7461,Postres Individuales,33455.0,4,0.0,6.7,13.1,22650.0,155612.0
7462,Panaderia Artesanal,30769.0,13,0.1,42.4,6.1,12150.0,370489.0
7463,Galletas y Brownies,59914.0,2,0.0,31.7,1.1,4650.0,123921.0
7464,Bebidas,22269.0,8,0.05,19.3,5.7,11550.0,182062.0
7465,Panaderia Artesanal,61751.0,8,0.1,40.8,5.8,11700.0,456355.0
7466,Postres Individuales,79804.0,3,0.1,27.2,12.2,21300.0,236987.0
7467,Galletas y Brownies,50216.0,7,0.0,34.0,5.0,10500.0,361968.0
7468,Tortas Personalizadas,53915.0,14,0.05,20.3,13.5,23250.0,742358.0
7469,Panaderia Artesanal,10515.0,7,0.0,20.3,8.5,15750.0,86760.0
7470,Galletas y Brownies,74158.0,14,0.15,4.5,9.0,16500.0,898983.0
7471,Tortas Personalizadas,27836.0,5,0.1,33.4,12.2,21300.0,147521.0
7472,Panaderia Artesanal,54204.0,5,0.1,5.8,2.5,6750.0,251011.0
7473,Galletas y Brownies,83329.0,8,0.1,34.7,0.8,4200.0,606271.0
7474,Galletas y Brownies,52640.0,4,0.0,9.8,1.3,4950.0,215823.0
7475,Panaderia Artesanal,62977.0,1,0.0,12.3,0.9,4350.0,66790.0
7476,Galletas y Brownies,40626.0,1,0.0,41.4,10.6,18900.0,58543.0
7477,Bebidas,9829.0,9,0.0,22.0,4.1,9150.0,95199.0
7478,Panaderia Artesanal,68808.0,4,0.15,6.9,12.9,22350.0,255332.0
7479,Galletas y Brownies,7800.0,1,0.0,40.9,13.3,22950.0,28912.0
7480,Tortas Personalizadas,61053.0,13,0.15,21.2,5.7,11550.0,686016.0
7481,Tortas Personalizadas,6834.0,2,0.15,7.2,3.3,7950.0,16713.0
7482,Bebidas,73984.0,10,0.1,18.5,7.7,14550.0,680531.0
7483,Panaderia Artesanal,17611.0,7,0.05,27.1,12.3,21450.0,137934.0
7484,Galletas y Brownies,46142.0,2,0.0,17.3,10.4,18600.0,112684.0
7485,Galletas y Brownies,52772.0,1,0.0,41.7,0.9,4350.0,57979.0
7486,Tortas Personalizadas,41604.0,10,0.05,13.2,0.6,3900.0,400909.0
7487,Bebidas,32261.0,14,0.0,9.1,2.2,6300.0,458043.0
7488,Tortas Personalizadas,42425.0,9,0.0,11.1,5.4,11100.0,394324.0
7489,Tortas Personalizadas,29913.0,14,0.05,5.1,8.3,15450.0,413373.0
7490,Bebidas,40050.0,5,0.15,21.2,12.4,21600.0,190532.0
7491,Panaderia Artesanal,33713.0,14,0.15,39.7,2.6,6900.0,407343.0
7492,Galletas y Brownies,50296.0,13,0.0,14.8,2.7,7050.0,661738.0
7493,Panaderia Artesanal,24034.0,4,0.15,12.7,13.0,22500.0,104942.0
7494,Postres Individuales,84093.0,4,0.05,37.9,13.9,23850.0,343768.0
7495,Postres Individuales,45070.0,14,0.1,14.8,8.5,15750.0,583752.0
7496,Postres Individuales,20533.0,11,0.0,22.2,11.9,20850.0,247060.0
7497,Bebidas,43165.0,13,0.1,2.9,5.5,11250.0,515013.0
7498,Tortas Personalizadas,74313.0,1,0.1,14.0,14.2,24300.0,91412.0
7499,Panaderia Artesanal,6745.0,3,0.05,7.2,13.6,23400.0,42139.0
7500,Galletas y Brownies,59364.0,13,0.0,6.1,12.8,22200.0,793677.0
7501,Postres Individuales,48837.0,1,0.1,20.3,0.7,4050.0,45123.0
7502,Panaderia Artesanal,18565.0,5,0.15,13.6,8.1,15150.0,94643.0
7503,Postres Individuales,70398.0,5,0.15,8.7,0.9,4350.0,301507.0
7504,Postres Individuales,34511.0,9,0.0,23.7,10.3,18450.0,327068.0
7505,Galletas y Brownies,28504.0,13,0.0,35.6,3.2,7800.0,378956.0
7506,Bebidas,71250.0,8,0.0,33.5,9.8,17700.0,585214.0
7507,Tortas Personalizadas,56082.0,5,0.1,12.4,1.9,5850.0,259384.0
7508,Bebidas,76861.0,5,0.1,12.9,11.5,20250.0,364961.0
7509,Panaderia Artesanal,55391.0,7,0.0,33.3,11.0,19500.0,408088.0
7510,Bebidas,64265.0,12,0.15,25.7,0.6,3900.0,657391.0
7511,Panaderia Artesanal,71916.0,2,0.05,33.8,12.0,21000.0,156861.0
7512,Panaderia Artesanal,9379.0,13,0.0,1.6,2.9,7350.0,130417.0
7513,Tortas Personalizadas,67084.0,7,0.0,5.3,2.1,6150.0,475375.0
7514,Galletas y Brownies,54097.0,1,0.0,36.4,7.8,14700.0,67397.0
7515,Tortas Personalizadas,10561.0,14,0.05,38.5,9.1,16650.0,157786.0
7516,Bebidas,45686.0,5,0.0,16.4,2.0,6000.0,230617.0
7517,Panaderia Artesanal,11597.0,12,0.05,43.2,4.9,10350.0,144253.0
7518,Postres Individuales,63876.0,12,0.1,14.6,6.4,12600.0,700777.0
7519,Postres Individuales,48720.0,6,0.0,40.2,14.2,24300.0,318873.0
7520,Panaderia Artesanal,81286.0,13,0.0,19.8,4.1,9150.0,1066955.0
7521,Tortas Personalizadas,19651.0,11,0.05,25.9,4.3,9450.0,214352.0
7522,Galletas y Brownies,53483.0,14,0.0,29.5,10.1,18150.0,767558.0
7523,Tortas Personalizadas,21927.0,10,0.15,7.3,11.0,19500.0,203149.0
7524,Panaderia Artesanal,54125.0,1,0.05,3.1,0.7,4050.0,54287.0
7525,Panaderia Artesanal,62812.0,9,0.0,20.1,2.4,6600.0,571164.0
7526,Galletas y Brownies,62784.0,9,0.05,8.5,5.7,11550.0,548885.0
7527,Bebidas,70206.0,1,0.1,25.4,9.7,17550.0,80678.0
7528,Bebidas,73284.0,4,0.0,21.2,2.4,6600.0,299283.0
7529,Galletas y Brownies,11182.0,8,0.0,6.8,5.7,11550.0,100302.0
7530,Bebidas,32461.0,2,0.1,30.5,1.7,5550.0,63692.0
7531,Postres Individuales,59970.0,13,0.0,2.4,8.8,16200.0,795767.0
7532,Bebidas,44887.0,13,0.0,7.0,6.7,13050.0,597652.0
7533,Bebidas,20254.0,11,0.05,32.0,11.9,20850.0,233072.0
7534,Bebidas,49217.0,13,0.1,24.5,8.8,16200.0,592697.0
7535,Postres Individuales,37595.0,8,0.1,13.8,10.1,18150.0,291126.0
7536,Bebidas,36203.0,10,0.0,9.3,10.2,18300.0,381055.0
7537,Postres Individuales,69780.0,13,0.0,29.4,9.0,16500.0,923810.0
7538,Galletas y Brownies,37608.0,12,0.05,10.4,0.7,4050.0,433882.0
7539,Tortas Personalizadas,7116.0,14,0.1,44.3,12.6,21900.0,111314.0
7540,Galletas y Brownies,9645.0,13,0.05,39.3,13.8,23700.0,142822.0
7541,Tortas Personalizadas,73500.0,9,0.0,7.2,8.2,15300.0,678785.0
7542,Galletas y Brownies,81848.0,9,0.0,38.9,2.1,6150.0,743045.0
7543,Tortas Personalizadas,60073.0,14,0.1,16.5,10.0,18000.0,775962.0
7544,Tortas Personalizadas,34149.0,1,0.05,22.8,5.8,11700.0,46016.0
7545,Panaderia Artesanal,80088.0,9,0.0,7.7,1.6,5400.0,728889.0
7546,Tortas Personalizadas,58024.0,4,0.0,6.7,12.9,22350.0,251773.0
7547,Tortas Personalizadas,72547.0,12,0.15,39.1,10.8,19200.0,756685.0
7548,Panaderia Artesanal,66268.0,12,0.2,28.9,12.2,21300.0,655785.0
7549,Bebidas,35331.0,8,0.0,21.5,12.0,21000.0,301051.0
7550,Bebidas,43296.0,13,0.0,3.1,5.7,11550.0,579588.0
7551,Panaderia Artesanal,19891.0,14,0.0,41.6,7.5,14250.0,294434.0
7552,Postres Individuales,28361.0,9,0.0,17.9,3.9,8850.0,263291.0
7553,Tortas Personalizadas,67250.0,3,0.0,19.6,11.4,20100.0,222039.0
7554,Tortas Personalizadas,76518.0,6,0.0,14.1,8.1,15150.0,473041.0
7555,Panaderia Artesanal,62957.0,3,0.1,40.3,9.9,17850.0,186003.0
7556,Panaderia Artesanal,42214.0,1,0.05,16.5,5.7,11550.0,48313.0
7557,Postres Individuales,11921.0,10,0.1,9.1,10.3,18450.0,123049.0
7558,Bebidas,9556.0,6,0.1,23.3,10.2,18300.0,71075.0
7559,Galletas y Brownies,34946.0,5,0.0,35.5,11.7,20550.0,194427.0
7560,Bebidas,42106.0,3,0.0,17.7,2.8,7200.0,132119.0
7561,Tortas Personalizadas,53730.0,14,0.15,29.9,9.5,17250.0,659404.0
7562,Panaderia Artesanal,5519.0,14,0.1,14.7,13.3,22950.0,93082.0
7563,Postres Individuales,84178.0,4,0.0,32.8,1.9,5850.0,344412.0
7564,Bebidas,34115.0,2,0.0,30.6,14.4,24600.0,91800.0
7565,Postres Individuales,72848.0,12,0.15,31.1,3.5,8250.0,752960.0
7566,Bebidas,47797.0,10,0.0,29.6,14.1,24150.0,502981.0
7567,Tortas Personalizadas,15435.0,10,0.0,8.3,13.1,22650.0,174898.0
7568,Galletas y Brownies,68805.0,13,0.15,40.1,11.7,20550.0,780845.0
7569,Postres Individuales,61786.0,14,0.1,27.0,3.5,8250.0,783823.0
7570,Postres Individuales,47195.0,4,0.05,18.1,3.6,8400.0,187362.0
7571,Galletas y Brownies,46164.0,4,0.0,9.0,4.3,9450.0,192940.0
7572,Postres Individuales,11998.0,3,0.05,35.6,12.3,21450.0,56267.0
7573,Postres Individuales,57468.0,6,0.05,23.6,3.2,7800.0,334817.0
7574,Bebidas,77900.0,1,0.1,7.9,8.9,16350.0,88321.0
7575,Bebidas,12460.0,9,0.0,41.6,11.8,20700.0,132456.0
7576,Galletas y Brownies,26081.0,11,0.2,6.1,7.2,13800.0,243577.0
7577,Tortas Personalizadas,77185.0,10,0.0,24.3,12.7,22050.0,794505.0
7578,Postres Individuales,27748.0,3,0.0,28.1,8.7,16050.0,98765.0
7579,Tortas Personalizadas,57315.0,3,0.0,45.0,9.1,16650.0,190465.0
7580,Galletas y Brownies,47785.0,12,0.05,7.6,10.3,18450.0,564522.0
7581,Galletas y Brownies,52706.0,3,0.1,28.2,12.8,22200.0,165061.0
7582,Bebidas,38263.0,7,0.1,22.2,0.6,3900.0,244194.0
7583,Postres Individuales,28999.0,8,0.0,12.7,6.2,12300.0,242564.0
7584,Panaderia Artesanal,8883.0,2,0.15,42.5,14.5,24750.0,39874.0
7585,Galletas y Brownies,64542.0,1,0.0,35.9,1.9,5850.0,70206.0
7586,Postres Individuales,64687.0,5,0.0,35.3,3.9,8850.0,331009.0
7587,Tortas Personalizadas,58658.0,8,0.05,40.6,8.8,16200.0,461557.0
7588,Bebidas,56491.0,14,0.0,33.0,12.9,22350.0,811407.0
7589,Tortas Personalizadas,24497.0,3,0.05,23.5,1.9,5850.0,78086.0
7590,Galletas y Brownies,6788.0,6,0.0,18.5,0.6,3900.0,46104.0
7591,Galletas y Brownies,69697.0,3,0.0,32.1,10.5,18750.0,225931.0
7592,Tortas Personalizadas,44291.0,6,0.0,27.7,9.2,16800.0,282931.0
7593,Galletas y Brownies,29547.0,12,0.0,25.1,4.4,9600.0,361166.0
7594,Postres Individuales,13155.0,4,0.0,27.1,14.4,24600.0,76743.0
7595,Galletas y Brownies,10018.0,14,0.0,30.0,8.6,15900.0,155834.0
7596,Bebidas,32909.0,11,0.1,43.6,10.1,18150.0,342789.0
7597,Postres Individuales,69379.0,7,0.0,34.3,6.0,12000.0,496384.0
7598,Panaderia Artesanal,78498.0,11,0.05,9.2,13.9,23850.0,844501.0
7599,Galletas y Brownies,76740.0,10,0.05,21.8,4.5,9750.0,738066.0
7600,Galletas y Brownies,78600.0,1,0.1,31.0,11.4,20100.0,91739.0
7601,Bebidas,77618.0,1,0.1,9.1,2.2,6300.0,78155.0
7602,Bebidas,47178.0,5,0.0,42.1,8.3,15450.0,251855.0
7603,Tortas Personalizadas,22553.0,9,0.0,4.9,8.9,16350.0,221360.0
7604,Tortas Personalizadas,68844.0,5,0.05,28.1,3.2,7800.0,333674.0
7605,Tortas Personalizadas,22097.0,4,0.1,44.0,5.2,10800.0,90343.0
7606,Bebidas,26377.0,8,0.0,33.2,3.1,7650.0,220322.0
7607,Tortas Personalizadas,23660.0,13,0.05,31.0,12.8,22200.0,314082.0
7608,Tortas Personalizadas,46199.0,5,0.1,44.9,10.0,18000.0,226323.0
7609,Panaderia Artesanal,30746.0,1,0.1,35.9,7.0,13500.0,39646.0
7610,Tortas Personalizadas,17332.0,7,0.05,43.7,8.6,15900.0,133670.0
7611,Galletas y Brownies,41254.0,11,0.0,31.9,5.5,11250.0,463908.0
7612,Bebidas,74913.0,4,0.0,30.4,6.7,13050.0,312987.0
7613,Postres Individuales,50644.0,10,0.0,34.7,9.5,17250.0,522645.0
7614,Panaderia Artesanal,75267.0,5,0.0,9.7,3.6,8400.0,382883.0
7615,Bebidas,20670.0,13,0.15,36.6,2.4,6600.0,235635.0
7616,Bebidas,18358.0,6,0.0,43.7,14.2,24300.0,137055.0
7617,Galletas y Brownies,51046.0,13,0.0,28.1,3.9,8850.0,671290.0
7618,Tortas Personalizadas,42066.0,7,0.0,2.0,7.7,14550.0,307430.0
7619,Galletas y Brownies,57814.0,11,0.05,4.6,11.5,20250.0,623523.0
7620,Tortas Personalizadas,68570.0,2,0.05,11.7,8.6,15900.0,145641.0
7621,Tortas Personalizadas,65105.0,14,0.05,22.9,9.7,17550.0,884052.0
7622,Bebidas,80381.0,1,0.15,19.5,2.9,7350.0,72797.0
7623,Tortas Personalizadas,36861.0,12,0.0,44.1,6.2,12300.0,456320.0
7624,Panaderia Artesanal,21511.0,3,0.0,42.6,10.5,18750.0,85355.0
7625,Panaderia Artesanal,49073.0,10,0.1,18.6,3.5,8250.0,450469.0
7626,Panaderia Artesanal,13859.0,12,0.1,36.1,7.5,14250.0,162273.0
7627,Bebidas,28108.0,1,0.0,29.2,9.0,16500.0,46237.0
7628,Galletas y Brownies,21631.0,4,0.0,12.1,11.9,20850.0,106657.0
7629,Postres Individuales,36725.0,6,0.1,42.0,3.6,8400.0,206972.0
7630,Tortas Personalizadas,13897.0,5,0.0,12.8,14.7,25050.0,94461.0
7631,Postres Individuales,7547.0,13,0.0,39.4,14.5,24750.0,121055.0
7632,Galletas y Brownies,57544.0,11,0.1,29.2,0.7,4050.0,576655.0
7633,Galletas y Brownies,53820.0,4,0.0,28.5,5.8,11700.0,225004.0
7634,Bebidas,61669.0,7,0.05,38.0,1.5,5250.0,415368.0
7635,Panaderia Artesanal,57831.0,13,0.0,23.0,5.1,10650.0,762675.0
7636,Panaderia Artesanal,14144.0,11,0.0,38.6,9.3,16950.0,172620.0
7637,Galletas y Brownies,28286.0,11,0.05,25.4,9.3,16950.0,312905.0
7638,Bebidas,15362.0,6,0.0,44.3,1.9,5850.0,98033.0
7639,Bebidas,72438.0,3,0.1,30.2,10.3,18450.0,214620.0
7640,Tortas Personalizadas,64752.0,9,0.0,17.8,12.8,22200.0,603476.0
7641,Panaderia Artesanal,21122.0,5,0.0,34.7,9.7,17550.0,121392.0
7642,Galletas y Brownies,32305.0,13,0.0,23.7,5.0,10500.0,432136.0
7643,Postres Individuales,82329.0,10,0.1,36.6,0.5,3750.0,745424.0
7644,Panaderia Artesanal,52533.0,1,0.0,37.8,9.9,17850.0,70145.0
7645,Tortas Personalizadas,69092.0,13,0.0,28.3,10.3,18450.0,918619.0
7646,Bebidas,26167.0,6,0.0,39.4,10.8,19200.0,176987.0
7647,Galletas y Brownies,21804.0,5,0.05,19.0,1.1,4650.0,109314.0
7648,Panaderia Artesanal,67713.0,10,0.0,4.0,8.0,15000.0,694360.0
7649,Postres Individuales,59870.0,8,0.15,30.3,6.5,12750.0,420069.0
7650,Tortas Personalizadas,59478.0,4,0.2,34.8,11.6,20400.0,210167.0
7651,Tortas Personalizadas,49211.0,12,0.0,4.7,11.0,19500.0,609402.0
7652,Panaderia Artesanal,50086.0,1,0.0,35.0,14.3,24450.0,71380.0
7653,Postres Individuales,63856.0,11,0.15,29.3,13.5,23250.0,618744.0
7654,Tortas Personalizadas,26600.0,2,0.0,6.6,8.6,15900.0,70231.0
7655,Galletas y Brownies,33221.0,8,0.15,25.0,14.7,25050.0,249724.0
7656,Tortas Personalizadas,74731.0,10,0.0,6.2,2.7,7050.0,753741.0
7657,Postres Individuales,29709.0,8,0.0,15.5,0.6,3900.0,242650.0
7658,Bebidas,48705.0,13,0.2,36.5,2.1,6150.0,512884.0
7659,Bebidas,61211.0,14,0.0,5.9,5.6,11400.0,868638.0
7660,Panaderia Artesanal,84994.0,5,0.0,21.5,11.5,20250.0,447246.0
7661,Postres Individuales,39823.0,6,0.05,27.8,6.1,12150.0,240259.0
7662,Tortas Personalizadas,39247.0,2,0.15,42.4,11.8,20700.0,84300.0
7663,Tortas Personalizadas,72407.0,11,0.0,33.6,11.3,19950.0,818844.0
7664,Bebidas,69440.0,12,0.15,7.6,12.0,21000.0,728816.0
7665,Bebidas,63486.0,9,0.05,43.6,3.2,7800.0,551559.0
7666,Galletas y Brownies,42058.0,6,0.2,22.3,8.0,15000.0,217178.0
7667,Bebidas,30915.0,12,0.1,17.6,10.8,19200.0,351852.0
7668,Galletas y Brownies,53698.0,9,0.05,7.1,4.6,9900.0,469655.0
7669,Tortas Personalizadas,75098.0,11,0.1,42.1,12.7,22050.0,764620.0
7670,Galletas y Brownies,75702.0,10,0.0,27.0,11.8,20700.0,777160.0
7671,Galletas y Brownies,13680.0,3,0.15,44.5,2.2,6300.0,42271.0
7672,Panaderia Artesanal,39268.0,6,0.0,9.1,3.7,8550.0,243037.0
7673,Bebidas,42178.0,10,0.0,25.2,3.9,8850.0,427677.0
7674,Galletas y Brownies,83209.0,5,0.05,6.3,13.2,22800.0,416758.0
7675,Tortas Personalizadas,59240.0,9,0.0,24.3,3.2,7800.0,542856.0
7676,Postres Individuales,37580.0,13,0.1,40.2,9.5,17250.0,458370.0
7677,Galletas y Brownies,7085.0,10,0.1,6.3,1.4,5100.0,69614.0
7678,Bebidas,50231.0,1,0.0,13.2,8.5,15750.0,66546.0
7679,Panaderia Artesanal,12686.0,9,0.0,31.2,2.5,6750.0,123919.0
7680,Tortas Personalizadas,71756.0,5,0.05,4.8,8.8,16200.0,358940.0
7681,Panaderia Artesanal,65201.0,1,0.15,21.2,5.8,11700.0,65973.0
7682,Postres Individuales,41841.0,10,0.1,16.0,9.3,16950.0,394209.0
7683,Galletas y Brownies,39337.0,8,0.0,38.0,6.2,12300.0,327934.0
7684,Galletas y Brownies,76787.0,7,0.2,3.6,12.9,22350.0,451293.0
7685,Bebidas,28077.0,14,0.0,39.1,11.5,20250.0,413938.0
7686,Galletas y Brownies,24922.0,6,0.0,32.1,12.7,22050.0,170400.0
7687,Tortas Personalizadas,80136.0,2,0.0,14.4,3.7,8550.0,168723.0
7688,Postres Individuales,69740.0,5,0.0,10.1,2.7,7050.0,355466.0
7689,Panaderia Artesanal,70650.0,3,0.05,42.8,8.6,15900.0,219145.0
7690,Postres Individuales,20616.0,2,0.05,25.6,13.2,22800.0,63456.0
7691,Galletas y Brownies,16464.0,14,0.1,16.5,2.1,6150.0,212219.0
7692,Panaderia Artesanal,7082.0,10,0.05,3.4,3.9,8850.0,79194.0
7693,Bebidas,23963.0,1,0.0,8.7,11.3,19950.0,44900.0
7694,Postres Individuales,66935.0,9,0.05,27.5,7.2,13800.0,583958.0
7695,Panaderia Artesanal,24203.0,2,0.0,23.8,9.3,16950.0,63924.0
7696,Panaderia Artesanal,63328.0,13,0.05,34.5,9.1,16650.0,796806.0
7697,Panaderia Artesanal,25153.0,11,0.0,37.8,6.5,12750.0,288715.0
7698,Tortas Personalizadas,36623.0,1,0.0,18.8,10.7,19050.0,58284.0
7699,Postres Individuales,83653.0,14,0.0,5.9,12.9,22350.0,1193414.0
7700,Panaderia Artesanal,24585.0,7,0.15,35.9,13.7,23550.0,170261.0
7701,Postres Individuales,35110.0,9,0.05,25.6,1.2,4800.0,307935.0
7702,Panaderia Artesanal,29087.0,6,0.15,44.1,8.5,15750.0,162736.0
7703,Bebidas,13770.0,8,0.0,36.1,1.1,4650.0,115323.0
7704,Bebidas,44192.0,11,0.2,15.8,13.6,23400.0,413932.0
7705,Bebidas,35295.0,7,0.0,20.1,6.7,13050.0,258787.0
7706,Galletas y Brownies,60591.0,9,0.1,11.7,13.6,23400.0,515439.0
7707,Panaderia Artesanal,70408.0,7,0.0,23.8,3.2,7800.0,501026.0
7708,Galletas y Brownies,48540.0,13,0.0,32.4,2.9,7350.0,636328.0
7709,Postres Individuales,7576.0,6,0.1,28.1,13.7,23550.0,65815.0
7710,Galletas y Brownies,54514.0,1,0.1,16.4,14.1,24150.0,73715.0
7711,Postres Individuales,9431.0,9,0.1,37.3,11.6,20400.0,96936.0
7712,Postres Individuales,54309.0,10,0.0,6.1,3.7,8550.0,552188.0
7713,Postres Individuales,59802.0,5,0.1,7.7,3.0,7500.0,279030.0
7714,Galletas y Brownies,20821.0,13,0.0,19.1,11.3,19950.0,290655.0
7715,Panaderia Artesanal,70548.0,2,0.0,32.0,9.7,17550.0,157446.0
7716,Galletas y Brownies,77887.0,14,0.15,31.7,13.1,22650.0,947566.0
7717,Panaderia Artesanal,70047.0,12,0.05,17.4,4.5,9750.0,807134.0
7718,Panaderia Artesanal,29409.0,11,0.2,31.8,4.8,10200.0,267637.0
7719,Postres Individuales,51931.0,8,0.0,4.1,11.1,19650.0,434109.0
7720,Galletas y Brownies,78185.0,13,0.2,14.1,4.4,9600.0,822455.0
7721,Panaderia Artesanal,30653.0,4,0.05,31.7,7.2,13800.0,131425.0
7722,Bebidas,70602.0,14,0.05,9.5,8.0,15000.0,952583.0
7723,Panaderia Artesanal,5758.0,3,0.0,10.8,10.2,18300.0,34243.0
7724,Bebidas,5292.0,13,0.1,5.3,5.5,11250.0,72910.0
7725,Galletas y Brownies,65777.0,1,0.1,17.4,12.9,22350.0,81533.0
7726,Galletas y Brownies,65916.0,5,0.0,37.4,6.3,12450.0,343211.0
7727,Galletas y Brownies,68118.0,3,0.1,37.9,1.1,4650.0,188903.0
7728,Panaderia Artesanal,79402.0,4,0.0,39.0,1.5,5250.0,323530.0
7729,Tortas Personalizadas,14433.0,9,0.1,3.1,14.6,24900.0,142035.0
7730,Panaderia Artesanal,23559.0,11,0.2,44.7,9.5,17250.0,222481.0
7731,Panaderia Artesanal,77298.0,14,0.0,23.4,7.6,14400.0,1094205.0
7732,Postres Individuales,19179.0,7,0.05,39.5,13.1,22650.0,146943.0
7733,Postres Individuales,59578.0,11,0.0,40.9,10.9,19350.0,672881.0
7734,Panaderia Artesanal,47437.0,5,0.05,23.9,3.1,7650.0,232488.0
7735,Bebidas,11655.0,8,0.15,3.7,0.6,3900.0,83554.0
7736,Postres Individuales,27821.0,6,0.0,27.5,14.7,25050.0,188313.0
7737,Panaderia Artesanal,46630.0,10,0.0,16.0,9.6,17400.0,482439.0
7738,Tortas Personalizadas,73188.0,2,0.1,10.5,7.4,14100.0,145002.0
7739,Bebidas,61603.0,7,0.05,9.4,14.2,24300.0,433132.0
7740,Galletas y Brownies,54751.0,1,0.0,25.8,5.9,11850.0,65787.0
7741,Panaderia Artesanal,44683.0,3,0.0,6.0,11.0,19500.0,151411.0
7742,Panaderia Artesanal,28895.0,12,0.0,37.2,10.2,18300.0,364649.0
7743,Bebidas,14540.0,1,0.0,11.4,10.3,18450.0,31580.0
7744,Postres Individuales,37726.0,14,0.1,25.4,10.3,18450.0,495662.0
7745,Postres Individuales,7281.0,1,0.0,7.0,0.7,4050.0,12981.0
7746,Postres Individuales,21884.0,5,0.05,38.9,12.5,21750.0,124383.0
7747,Galletas y Brownies,39599.0,6,0.0,31.6,13.9,23850.0,260314.0
7748,Bebidas,38488.0,12,0.0,10.5,7.0,13500.0,477987.0
7749,Bebidas,8544.0,3,0.0,32.6,8.6,15900.0,39387.0
7750,Postres Individuales,52125.0,14,0.05,5.1,5.2,10800.0,704128.0
7751,Postres Individuales,48975.0,3,0.0,35.1,11.9,20850.0,169973.0
7752,Tortas Personalizadas,11248.0,3,0.2,22.8,11.2,19800.0,45403.0
7753,Tortas Personalizadas,80453.0,1,0.0,6.7,11.2,19800.0,97837.0
7754,Panaderia Artesanal,12951.0,5,0.0,25.4,11.2,19800.0,83718.0
7755,Panaderia Artesanal,73387.0,1,0.0,10.2,3.7,8550.0,81506.0
7756,Bebidas,5025.0,10,0.0,30.8,2.1,6150.0,56619.0
7757,Bebidas,75582.0,10,0.1,32.3,5.0,10500.0,690882.0
7758,Galletas y Brownies,6578.0,3,0.15,34.6,8.8,16200.0,33532.0
7759,Galletas y Brownies,65625.0,13,0.0,40.4,6.3,12450.0,861614.0
7760,Tortas Personalizadas,33935.0,6,0.05,30.0,4.1,9150.0,202637.0
7761,Panaderia Artesanal,64057.0,11,0.05,22.9,0.8,4200.0,672480.0
7762,Tortas Personalizadas,37140.0,6,0.2,38.7,2.3,6450.0,186655.0
7763,Tortas Personalizadas,10673.0,3,0.0,40.6,2.0,6000.0,39113.0
7764,Panaderia Artesanal,66401.0,9,0.0,35.5,14.4,24600.0,623646.0
7765,Galletas y Brownies,10700.0,8,0.05,42.5,11.8,20700.0,103487.0
7766,Panaderia Artesanal,78770.0,11,0.0,44.1,2.3,6450.0,873114.0
7767,Postres Individuales,9078.0,3,0.1,12.4,7.3,13950.0,37734.0
7768,Postres Individuales,43346.0,5,0.15,9.5,10.0,18000.0,201968.0
7769,Postres Individuales,62843.0,5,0.0,21.0,14.4,24600.0,340197.0
7770,Bebidas,36460.0,14,0.1,44.9,4.4,9600.0,468540.0
7771,Galletas y Brownies,22379.0,5,0.15,5.3,4.3,9450.0,104663.0
7772,Galletas y Brownies,65727.0,3,0.15,32.5,8.7,16050.0,183489.0
7773,Bebidas,67744.0,5,0.1,38.5,12.9,22350.0,326785.0
7774,Tortas Personalizadas,78816.0,5,0.1,44.8,4.6,9900.0,366438.0
7775,Postres Individuales,35093.0,4,0.0,28.5,2.3,6450.0,146019.0
7776,Postres Individuales,45500.0,4,0.15,18.0,4.4,9600.0,162603.0
7777,Tortas Personalizadas,34050.0,2,0.0,8.7,7.0,13500.0,82606.0
7778,Panaderia Artesanal,25567.0,9,0.0,44.2,5.7,11550.0,241417.0
7779,Panaderia Artesanal,65083.0,7,0.0,41.7,13.0,22500.0,477202.0
7780,Galletas y Brownies,32172.0,1,0.1,36.5,14.2,24300.0,52523.0
7781,Bebidas,39252.0,5,0.0,42.6,6.0,12000.0,207722.0
7782,Galletas y Brownies,37294.0,2,0.1,4.1,12.4,21600.0,87617.0
7783,Panaderia Artesanal,62013.0,10,0.05,29.0,1.5,5250.0,596705.0
7784,Tortas Personalizadas,78424.0,6,0.0,13.5,8.5,15750.0,487928.0
7785,Galletas y Brownies,58340.0,7,0.0,34.8,12.6,21900.0,428343.0
7786,Postres Individuales,42727.0,12,0.0,5.7,6.6,12900.0,524688.0
7787,Postres Individuales,67336.0,2,0.0,12.8,2.6,6900.0,141024.0
7788,Tortas Personalizadas,56278.0,11,0.0,38.5,4.6,9900.0,625450.0
7789,Panaderia Artesanal,9849.0,6,0.0,34.1,7.6,14400.0,72479.0
7790,Postres Individuales,12653.0,13,0.15,44.7,12.7,22050.0,162564.0
7791,Postres Individuales,8033.0,3,0.05,29.5,11.4,20100.0,42665.0
7792,Bebidas,41545.0,9,0.05,14.7,1.7,5550.0,362666.0
7793,Galletas y Brownies,71068.0,4,0.0,25.3,8.4,15600.0,300471.0
7794,Panaderia Artesanal,30047.0,3,0.0,42.6,13.1,22650.0,114891.0
7795,Galletas y Brownies,35733.0,13,0.1,29.9,8.9,16350.0,435417.0
7796,Panaderia Artesanal,77758.0,11,0.05,39.8,1.4,5100.0,817454.0
7797,Postres Individuales,71952.0,3,0.0,2.5,12.4,21600.0,235912.0
7798,Bebidas,58204.0,2,0.0,17.6,13.6,23400.0,138046.0
7799,Galletas y Brownies,26344.0,12,0.15,42.2,6.1,12150.0,281320.0
7800,Postres Individuales,14363.0,9,0.0,3.2,5.0,10500.0,141138.0
7801,Panaderia Artesanal,6285.0,8,0.0,24.1,8.4,15600.0,66094.0
7802,Galletas y Brownies,13561.0,5,0.0,16.6,14.8,25200.0,93670.0
7803,Galletas y Brownies,28408.0,14,0.1,29.6,12.6,21900.0,380864.0
7804,Postres Individuales,49143.0,14,0.1,8.6,12.3,21450.0,640044.0
7805,Galletas y Brownies,10120.0,13,0.0,29.9,3.3,7950.0,140216.0
7806,Bebidas,15898.0,9,0.0,44.6,13.5,23250.0,167137.0
7807,Bebidas,19486.0,13,0.0,13.3,8.6,15900.0,267553.0
7808,Postres Individuales,55559.0,2,0.0,21.6,13.8,23700.0,135065.0
7809,Panaderia Artesanal,54263.0,6,0.0,2.8,9.9,17850.0,344051.0
7810,Postres Individuales,49061.0,7,0.0,20.4,12.6,21900.0,365884.0
7811,Bebidas,25040.0,6,0.0,19.2,2.9,7350.0,157999.0
7812,Tortas Personalizadas,34690.0,3,0.1,26.1,10.7,19050.0,113889.0
7813,Tortas Personalizadas,12735.0,10,0.05,12.7,4.2,9300.0,133581.0
7814,Galletas y Brownies,23117.0,14,0.1,15.8,2.9,7350.0,298916.0
7815,Galletas y Brownies,76816.0,10,0.05,28.0,8.8,16200.0,748325.0
7816,Tortas Personalizadas,83375.0,10,0.2,41.0,9.2,16800.0,681253.0
7817,Bebidas,56813.0,9,0.2,11.7,7.6,14400.0,423668.0
7818,Galletas y Brownies,78346.0,14,0.0,31.0,1.8,5700.0,1100180.0
7819,Postres Individuales,56419.0,12,0.0,24.3,4.0,9000.0,685269.0
7820,Postres Individuales,7656.0,8,0.1,6.1,3.9,8850.0,66506.0
7821,Bebidas,84741.0,8,0.1,26.1,5.0,10500.0,621838.0
7822,Galletas y Brownies,12916.0,8,0.15,32.3,9.6,17400.0,105392.0
7823,Postres Individuales,59611.0,9,0.05,27.5,6.9,13350.0,524738.0
7824,Galletas y Brownies,25227.0,1,0.0,6.0,14.5,24750.0,50355.0
7825,Galletas y Brownies,36358.0,8,0.0,38.7,0.7,4050.0,294317.0
7826,Postres Individuales,56675.0,2,0.0,3.3,3.6,8400.0,119201.0
7827,Tortas Personalizadas,39919.0,4,0.15,11.8,8.8,16200.0,152561.0
7828,Postres Individuales,25044.0,1,0.2,28.3,13.3,22950.0,41538.0
7829,Bebidas,31756.0,12,0.0,11.0,1.0,4500.0,385555.0
7830,Panaderia Artesanal,32324.0,6,0.05,5.9,13.3,22950.0,207027.0
7831,Postres Individuales,81746.0,10,0.05,23.8,7.9,14850.0,790869.0
7832,Galletas y Brownies,68889.0,1,0.0,32.9,11.9,20850.0,90220.0
7833,Galletas y Brownies,41684.0,12,0.15,19.4,14.3,24450.0,452333.0
7834,Postres Individuales,20986.0,5,0.05,31.9,3.6,8400.0,108334.0
7835,Panaderia Artesanal,69881.0,9,0.0,38.9,9.0,16500.0,645299.0
7836,Postres Individuales,17575.0,1,0.0,43.2,13.3,22950.0,40188.0
7837,Panaderia Artesanal,21837.0,9,0.0,11.6,12.7,22050.0,218615.0
7838,Panaderia Artesanal,34281.0,4,0.0,27.8,8.1,15150.0,153865.0
7839,Bebidas,75428.0,3,0.0,13.1,14.3,24450.0,245692.0
7840,Galletas y Brownies,15543.0,8,0.0,39.4,10.8,19200.0,143154.0
7841,Galletas y Brownies,14779.0,6,0.05,40.2,8.1,15150.0,95894.0
7842,Panaderia Artesanal,44518.0,7,0.05,15.5,1.3,4950.0,300279.0
7843,Galletas y Brownies,27113.0,9,0.05,29.6,7.6,14400.0,246299.0
7844,Tortas Personalizadas,50498.0,5,0.1,40.1,6.6,12900.0,241657.0
7845,Panaderia Artesanal,41131.0,13,0.15,23.6,4.9,10350.0,466005.0
7846,Galletas y Brownies,39797.0,2,0.15,32.8,14.2,24300.0,93974.0
7847,Tortas Personalizadas,13958.0,3,0.0,36.3,13.9,23850.0,65197.0
7848,Bebidas,16284.0,3,0.0,39.4,5.4,11100.0,58575.0
7849,Galletas y Brownies,70686.0,4,0.0,23.9,6.8,13200.0,295063.0
7850,Tortas Personalizadas,75871.0,10,0.05,42.5,11.4,20100.0,741840.0
7851,Postres Individuales,23775.0,7,0.15,28.9,12.6,21900.0,165455.0
7852,Postres Individuales,14077.0,12,0.1,8.1,2.1,6150.0,158825.0
7853,Tortas Personalizadas,9273.0,10,0.05,28.1,7.6,14400.0,101760.0
7854,Panaderia Artesanal,53664.0,6,0.05,14.5,13.8,23700.0,327518.0
7855,Panaderia Artesanal,62228.0,3,0.05,17.7,10.1,18150.0,195146.0
7856,Galletas y Brownies,34825.0,14,0.2,36.7,8.4,15600.0,406659.0
7857,Postres Individuales,59374.0,7,0.1,43.8,10.9,19350.0,391513.0
7858,Panaderia Artesanal,62037.0,4,0.1,39.3,10.1,18150.0,244479.0
7859,Panaderia Artesanal,79827.0,10,0.05,15.7,14.2,24300.0,782353.0
7860,Postres Individuales,10190.0,11,0.0,21.2,13.7,23550.0,137147.0
7861,Bebidas,20383.0,11,0.0,44.3,6.3,12450.0,235056.0
7862,Panaderia Artesanal,10482.0,8,0.0,41.7,1.0,4500.0,87663.0
7863,Tortas Personalizadas,74440.0,7,0.0,44.0,5.3,10950.0,534023.0
7864,Galletas y Brownies,68407.0,7,0.2,20.3,3.4,8100.0,389407.0
7865,Panaderia Artesanal,50971.0,9,0.0,36.3,2.4,6600.0,466165.0
7866,Panaderia Artesanal,11693.0,8,0.0,39.4,13.4,23100.0,115340.0
7867,Bebidas,26865.0,12,0.0,3.4,10.8,19200.0,340210.0
7868,Tortas Personalizadas,28818.0,1,0.0,13.1,1.0,4500.0,33202.0
7869,Galletas y Brownies,49859.0,7,0.15,39.9,13.8,23700.0,319369.0
7870,Panaderia Artesanal,25644.0,3,0.0,18.4,13.6,23400.0,100792.0
7871,Galletas y Brownies,10837.0,12,0.2,13.6,14.3,24450.0,128130.0
7872,Postres Individuales,63461.0,4,0.0,13.4,12.5,21750.0,274492.0
7873,Panaderia Artesanal,28926.0,6,0.2,17.8,1.6,5400.0,143964.0
7874,Panaderia Artesanal,41190.0,5,0.05,12.1,9.5,17250.0,215183.0
7875,Postres Individuales,15213.0,8,0.05,1.6,1.7,5550.0,119767.0
7876,Bebidas,69204.0,2,0.0,9.0,10.8,19200.0,156003.0
7877,Panaderia Artesanal,50243.0,5,0.05,39.9,3.4,8100.0,245268.0
7878,Galletas y Brownies,77127.0,5,0.1,4.8,14.1,24150.0,369772.0
7879,Tortas Personalizadas,44638.0,3,0.0,19.5,14.0,24000.0,156539.0
7880,Galletas y Brownies,80314.0,14,0.0,21.4,9.1,16650.0,1139051.0
7881,Bebidas,76349.0,10,0.2,35.3,11.4,20100.0,632213.0
7882,Tortas Personalizadas,51117.0,13,0.0,12.5,12.9,22350.0,687133.0
7883,Galletas y Brownies,79711.0,5,0.15,15.0,6.1,12150.0,350848.0
7884,Galletas y Brownies,30847.0,4,0.1,2.1,8.9,16350.0,131001.0
7885,Postres Individuales,34251.0,11,0.0,40.8,3.1,7650.0,385299.0
7886,Bebidas,8638.0,5,0.0,31.3,14.8,25200.0,73721.0
7887,Postres Individuales,52136.0,10,0.2,12.9,14.0,24000.0,443028.0
7888,Tortas Personalizadas,62754.0,9,0.05,40.1,7.5,14250.0,548975.0
7889,Postres Individuales,66882.0,7,0.0,5.3,8.5,15750.0,481923.0
7890,Bebidas,16985.0,1,0.05,17.5,6.8,13200.0,28563.0
7891,Panaderia Artesanal,40533.0,3,0.0,26.0,0.5,3750.0,124819.0
7892,Panaderia Artesanal,19149.0,9,0.15,23.5,3.8,8700.0,157105.0
7893,Tortas Personalizadas,57970.0,4,0.0,30.0,2.0,6000.0,237263.0
7894,Panaderia Artesanal,17636.0,4,0.0,14.4,5.2,10800.0,81178.0
7895,Postres Individuales,77333.0,10,0.0,34.5,3.9,8850.0,780429.0
7896,Tortas Personalizadas,23451.0,6,0.0,19.1,11.5,20250.0,161948.0
7897,Bebidas,28312.0,3,0.05,7.0,7.8,14700.0,97036.0
7898,Tortas Personalizadas,73073.0,3,0.05,33.7,12.3,21450.0,230870.0
7899,Tortas Personalizadas,41677.0,9,0.1,41.2,9.7,17550.0,355329.0
7900,Galletas y Brownies,6920.0,13,0.05,17.4,10.0,18000.0,105000.0
7901,Galletas y Brownies,44567.0,5,0.0,27.1,13.2,22800.0,246436.0
7902,Tortas Personalizadas,11763.0,14,0.05,31.4,12.8,22200.0,179832.0
7903,Panaderia Artesanal,83828.0,7,0.15,37.7,1.4,5100.0,502704.0
7904,Galletas y Brownies,52049.0,5,0.0,10.1,8.9,16350.0,276157.0
7905,Bebidas,25523.0,6,0.0,26.3,6.5,12750.0,166818.0
7906,Postres Individuales,50097.0,8,0.05,33.7,9.2,16800.0,396841.0
7907,Galletas y Brownies,11149.0,8,0.0,10.2,13.0,22500.0,114750.0
7908,Tortas Personalizadas,68991.0,2,0.0,22.1,0.7,4050.0,142668.0
7909,Panaderia Artesanal,79026.0,11,0.1,21.7,0.7,4050.0,787270.0
7910,Postres Individuales,74956.0,9,0.15,38.0,1.4,5100.0,580094.0
7911,Galletas y Brownies,32341.0,10,0.05,35.3,13.2,22800.0,330444.0
7912,Panaderia Artesanal,31061.0,12,0.1,11.6,5.6,11400.0,347566.0
7913,Panaderia Artesanal,7807.0,12,0.0,11.6,5.9,11850.0,104669.0
7914,Panaderia Artesanal,57112.0,12,0.05,33.0,5.5,11250.0,661821.0
7915,Tortas Personalizadas,47792.0,14,0.05,33.7,3.8,8700.0,644329.0
7916,Bebidas,41748.0,6,0.0,9.3,1.1,4650.0,253495.0
7917,Panaderia Artesanal,77610.0,7,0.0,19.4,13.6,23400.0,569087.0
7918,Postres Individuales,18430.0,3,0.1,37.4,3.9,8850.0,56902.0
7919,Galletas y Brownies,5773.0,4,0.1,5.0,13.5,23250.0,42422.0
7920,Postres Individuales,10865.0,6,0.05,17.8,14.4,24600.0,86545.0
7921,Tortas Personalizadas,22870.0,7,0.0,29.5,8.9,16350.0,177119.0
7922,Tortas Personalizadas,7663.0,6,0.0,35.0,5.9,11850.0,56737.0
7923,Postres Individuales,45227.0,5,0.0,29.9,11.6,20400.0,245765.0
7924,Bebidas,30127.0,14,0.0,18.8,0.9,4350.0,425721.0
7925,Tortas Personalizadas,19439.0,12,0.1,44.6,14.0,24000.0,233991.0
7926,Tortas Personalizadas,65007.0,2,0.1,3.3,6.4,12600.0,130576.0
7927,Postres Individuales,21356.0,12,0.05,23.0,5.0,10500.0,252835.0
7928,Tortas Personalizadas,60008.0,7,0.15,23.7,2.3,6450.0,362863.0
7929,Bebidas,32941.0,5,0.0,11.9,14.3,24450.0,189727.0
7930,Bebidas,45946.0,12,0.1,25.8,12.3,21450.0,519437.0
7931,Bebidas,79709.0,9,0.0,11.1,11.0,19500.0,738251.0
7932,Galletas y Brownies,7988.0,13,0.0,20.8,14.0,24000.0,128418.0
7933,Bebidas,45021.0,11,0.0,20.3,14.4,24600.0,516745.0
7934,Bebidas,73354.0,4,0.2,35.1,4.4,9600.0,243021.0
7935,Galletas y Brownies,52038.0,14,0.0,42.5,11.9,20850.0,748206.0
7936,Panaderia Artesanal,27150.0,10,0.0,10.3,11.6,20400.0,293421.0
7937,Tortas Personalizadas,36814.0,12,0.05,44.6,8.6,15900.0,433987.0
7938,Bebidas,59421.0,2,0.0,42.4,2.7,7050.0,123588.0
7939,Tortas Personalizadas,76265.0,7,0.0,6.4,14.1,24150.0,558588.0
7940,Postres Individuales,8285.0,7,0.1,41.2,5.1,10650.0,63590.0
7941,Tortas Personalizadas,10723.0,1,0.0,26.1,8.9,16350.0,25941.0
7942,Galletas y Brownies,31004.0,11,0.15,39.7,0.8,4200.0,293425.0
7943,Tortas Personalizadas,23622.0,14,0.05,42.6,6.7,13050.0,329621.0
7944,Tortas Personalizadas,26194.0,13,0.0,38.9,9.4,17100.0,355558.0
7945,Tortas Personalizadas,22702.0,5,0.0,19.0,6.0,12000.0,123951.0
7946,Panaderia Artesanal,20666.0,3,0.05,29.2,7.4,14100.0,73915.0
7947,Panaderia Artesanal,15450.0,9,0.0,21.7,3.3,7950.0,147173.0
7948,Postres Individuales,79716.0,9,0.05,17.4,5.6,11400.0,692871.0
7949,Galletas y Brownies,16535.0,7,0.1,12.4,11.0,19500.0,121349.0
7950,Tortas Personalizadas,21352.0,12,0.1,20.7,14.6,24900.0,254066.0
7951,Tortas Personalizadas,24701.0,9,0.05,36.6,7.3,13950.0,224676.0
7952,Tortas Personalizadas,79641.0,12,0.15,38.2,10.4,18600.0,833785.0
7953,Tortas Personalizadas,65457.0,2,0.0,43.2,14.7,25050.0,155167.0
7954,Panaderia Artesanal,68176.0,11,0.0,14.1,11.7,20550.0,768262.0
7955,Postres Individuales,13381.0,10,0.1,29.8,0.6,3900.0,123663.0
7956,Bebidas,71905.0,8,0.0,31.7,14.1,24150.0,598315.0
7957,Galletas y Brownies,37655.0,10,0.05,9.8,13.1,22650.0,381237.0
7958,Tortas Personalizadas,26026.0,10,0.1,17.5,4.4,9600.0,239915.0
7959,Postres Individuales,51060.0,10,0.0,16.4,3.1,7650.0,517231.0
7960,Bebidas,70775.0,13,0.0,44.4,13.5,23250.0,945466.0
7961,Postres Individuales,67292.0,1,0.05,43.2,10.5,18750.0,83612.0
7962,Panaderia Artesanal,76200.0,3,0.1,37.2,3.9,8850.0,214685.0
7963,Bebidas,79251.0,8,0.0,22.1,10.9,19350.0,652522.0
7964,Postres Individuales,24050.0,11,0.05,13.0,9.2,16800.0,269134.0
7965,Panaderia Artesanal,38909.0,8,0.0,41.3,5.0,10500.0,322729.0
7966,Postres Individuales,6170.0,14,0.0,13.2,8.6,15900.0,100595.0
7967,Postres Individuales,75346.0,10,0.0,24.2,8.1,15150.0,770257.0
7968,Bebidas,17366.0,8,0.0,12.2,7.9,14850.0,157129.0
7969,Panaderia Artesanal,73918.0,11,0.1,43.7,8.0,15000.0,746186.0
7970,Tortas Personalizadas,31351.0,12,0.05,3.3,0.5,3750.0,359636.0
7971,Galletas y Brownies,34451.0,11,0.2,9.1,4.4,9600.0,313974.0
7972,Bebidas,8131.0,7,0.0,34.8,6.7,13050.0,71365.0
7973,Panaderia Artesanal,31150.0,2,0.2,8.1,2.3,6450.0,55897.0
7974,Postres Individuales,76069.0,3,0.05,44.1,11.4,20100.0,235095.0
7975,Panaderia Artesanal,7044.0,9,0.0,15.5,12.8,22200.0,86249.0
7976,Galletas y Brownies,37506.0,2,0.0,41.5,12.4,21600.0,92256.0
7977,Galletas y Brownies,7512.0,13,0.05,30.3,7.2,13800.0,106785.0
7978,Tortas Personalizadas,34674.0,7,0.1,29.1,10.5,18750.0,232406.0
7979,Tortas Personalizadas,18811.0,1,0.1,41.3,1.6,5400.0,21691.0
7980,Galletas y Brownies,25177.0,3,0.05,23.8,3.4,8100.0,81664.0
7981,Bebidas,75208.0,13,0.0,18.9,1.2,4800.0,985737.0
7982,Bebidas,39884.0,14,0.0,11.0,14.5,24750.0,584702.0
7983,Postres Individuales,26904.0,1,0.0,7.8,8.8,16200.0,43356.0
7984,Tortas Personalizadas,52147.0,6,0.0,35.9,3.0,7500.0,321103.0
7985,Postres Individuales,16369.0,4,0.1,7.1,10.8,19200.0,78473.0
7986,Tortas Personalizadas,25751.0,1,0.15,18.6,7.6,14400.0,34743.0
7987,Galletas y Brownies,48700.0,5,0.0,19.3,6.8,13200.0,257335.0
7988,Bebidas,24002.0,14,0.1,30.4,13.7,23550.0,325451.0
7989,Bebidas,59330.0,4,0.0,13.6,10.8,19200.0,257713.0
7990,Galletas y Brownies,44319.0,14,0.0,38.0,10.5,18750.0,640931.0
7991,Postres Individuales,66759.0,11,0.0,10.5,1.9,5850.0,739533.0
7992,Postres Individuales,80860.0,10,0.0,35.8,1.8,5700.0,814189.0
7993,Panaderia Artesanal,14264.0,14,0.0,38.5,10.1,18150.0,218212.0
7994,Tortas Personalizadas,31773.0,11,0.0,9.9,2.8,7200.0,357035.0
7995,Postres Individuales,30564.0,10,0.0,36.7,7.1,13650.0,322592.0
7996,Galletas y Brownies,17095.0,2,0.0,32.5,8.8,16200.0,49975.0
7997,Postres Individuales,69824.0,13,0.05,39.5,6.1,12150.0,871661.0
7998,Bebidas,65790.0,7,0.0,23.7,1.7,5550.0,465771.0
7999,Tortas Personalizadas,43754.0,12,0.2,11.7,11.3,19950.0,442852.0
8000,Panaderia Artesanal,48022.0,8,0.1,41.2,13.3,22950.0,369320.0
8001,Tortas Personalizadas,9764.0,4,0.15,35.9,2.8,7200.0,40558.0
8002,Bebidas,49441.0,9,0.05,2.4,12.9,22350.0,443263.0
8003,Bebidas,68307.0,3,0.05,42.4,11.9,20850.0,215322.0
8004,Bebidas,50906.0,13,0.0,42.8,8.7,16050.0,680124.0
8005,Bebidas,26225.0,6,0.1,17.0,9.1,16650.0,159919.0
8006,Galletas y Brownies,58404.0,11,0.0,1.9,9.9,17850.0,662464.0
8007,Panaderia Artesanal,33919.0,14,0.0,25.5,8.1,15150.0,488153.0
8008,Bebidas,48590.0,14,0.0,41.2,12.7,22050.0,703418.0
8009,Bebidas,44005.0,7,0.0,6.9,7.4,14100.0,319057.0
8010,Postres Individuales,35494.0,7,0.0,27.2,8.4,15600.0,263922.0
8011,Panaderia Artesanal,62510.0,6,0.2,33.3,1.0,4500.0,305018.0
8012,Tortas Personalizadas,75710.0,9,0.0,7.4,3.1,7650.0,690805.0
8013,Panaderia Artesanal,5417.0,1,0.15,23.8,13.6,23400.0,29402.0
8014,Panaderia Artesanal,79689.0,13,0.0,5.4,2.3,6450.0,1044302.0
8015,Panaderia Artesanal,45921.0,9,0.1,25.8,13.6,23400.0,397464.0
8016,Bebidas,61059.0,13,0.05,20.7,9.7,17550.0,771516.0
8017,Bebidas,73450.0,9,0.05,13.0,13.8,23700.0,649700.0
8018,Galletas y Brownies,42368.0,4,0.0,38.6,12.3,21450.0,191765.0
8019,Tortas Personalizadas,71798.0,13,0.05,18.1,13.0,22500.0,910477.0
8020,Postres Individuales,19210.0,12,0.0,31.9,8.1,15150.0,244856.0
8021,Panaderia Artesanal,17733.0,12,0.05,35.9,12.5,21750.0,224018.0
8022,Tortas Personalizadas,57598.0,5,0.05,9.3,7.2,13800.0,288420.0
8023,Tortas Personalizadas,74611.0,3,0.0,6.7,1.1,4650.0,230784.0
8024,Galletas y Brownies,76394.0,7,0.0,1.8,9.9,17850.0,550501.0
8025,Postres Individuales,56499.0,2,0.0,14.8,11.1,19650.0,134494.0
8026,Panaderia Artesanal,47039.0,8,0.15,37.0,2.0,6000.0,325776.0
8027,Postres Individuales,31511.0,9,0.1,35.1,12.3,21450.0,276442.0
8028,Galletas y Brownies,83400.0,6,0.0,39.4,1.6,5400.0,507676.0
8029,Bebidas,30576.0,9,0.0,34.6,6.9,13350.0,287723.0
8030,Tortas Personalizadas,64535.0,6,0.0,2.5,7.6,14400.0,402415.0
8031,Panaderia Artesanal,47559.0,3,0.0,18.3,1.0,4500.0,146140.0
8032,Bebidas,53681.0,10,0.1,1.8,1.5,5250.0,488068.0
8033,Galletas y Brownies,36478.0,3,0.1,3.1,7.0,13500.0,114204.0
8034,Postres Individuales,82186.0,2,0.1,22.3,5.0,10500.0,159072.0
8035,Tortas Personalizadas,50735.0,5,0.15,17.2,12.3,21450.0,238996.0
8036,Panaderia Artesanal,80023.0,13,0.05,25.8,6.5,12750.0,997960.0
8037,Bebidas,5607.0,14,0.05,4.4,2.0,6000.0,82552.0
8038,Bebidas,50814.0,4,0.1,27.1,2.8,7200.0,188596.0
8039,Tortas Personalizadas,62375.0,12,0.05,4.3,10.3,18450.0,728583.0
8040,Postres Individuales,64606.0,6,0.15,19.9,14.3,24450.0,353251.0
8041,Galletas y Brownies,77398.0,5,0.1,16.8,13.1,22650.0,371506.0
8042,Postres Individuales,5352.0,6,0.0,11.2,2.4,6600.0,39301.0
8043,Postres Individuales,5026.0,4,0.15,15.1,0.7,4050.0,22058.0
8044,Postres Individuales,42781.0,14,0.05,1.5,0.9,4350.0,573900.0
8045,Tortas Personalizadas,7343.0,13,0.0,15.6,8.5,15750.0,111794.0
8046,Tortas Personalizadas,82963.0,3,0.1,4.9,7.5,14250.0,237793.0
8047,Galletas y Brownies,22765.0,1,0.0,41.6,0.7,4050.0,27156.0
8048,Postres Individuales,42813.0,5,0.1,4.7,1.3,4950.0,198268.0
8049,Tortas Personalizadas,9891.0,6,0.2,43.0,15.0,25500.0,70852.0
8050,Galletas y Brownies,46764.0,5,0.0,22.9,14.5,24750.0,259370.0
8051,Galletas y Brownies,35396.0,5,0.15,23.8,2.3,6450.0,157215.0
8052,Postres Individuales,8573.0,12,0.1,35.8,2.9,7350.0,101520.0
8053,Panaderia Artesanal,31810.0,6,0.05,31.7,13.6,23400.0,206977.0
8054,Postres Individuales,36315.0,4,0.0,11.8,7.9,14850.0,162458.0
8055,Panaderia Artesanal,84194.0,14,0.0,2.6,14.4,24600.0,1198504.0
8056,Galletas y Brownies,21631.0,12,0.0,35.4,8.0,15000.0,273276.0
8057,Tortas Personalizadas,48582.0,4,0.0,7.1,8.9,16350.0,209152.0
8058,Bebidas,83985.0,11,0.05,27.5,3.7,8550.0,886241.0
8059,Galletas y Brownies,68362.0,13,0.1,42.5,13.2,22800.0,821646.0
8060,Tortas Personalizadas,84469.0,8,0.2,25.4,12.5,21750.0,563816.0
8061,Galletas y Brownies,82464.0,11,0.0,13.9,5.4,11100.0,917196.0
8062,Postres Individuales,44163.0,8,0.0,9.3,9.4,17100.0,370712.0
8063,Panaderia Artesanal,60710.0,12,0.1,2.7,5.5,11250.0,665743.0
8064,Galletas y Brownies,13835.0,3,0.0,28.6,7.2,13800.0,55506.0
8065,Tortas Personalizadas,40292.0,7,0.15,25.8,12.9,22350.0,258199.0
8066,Postres Individuales,69721.0,5,0.1,21.6,6.5,12750.0,325502.0
8067,Bebidas,45427.0,5,0.1,9.9,12.7,22050.0,223839.0
8068,Postres Individuales,61216.0,12,0.0,11.8,14.4,24600.0,760857.0
8069,Panaderia Artesanal,64660.0,13,0.0,43.2,6.5,12750.0,853501.0
8070,Postres Individuales,25278.0,3,0.0,2.4,13.2,22800.0,98454.0
8071,Bebidas,75056.0,2,0.0,17.3,4.9,10350.0,159869.0
8072,Tortas Personalizadas,41786.0,13,0.1,3.2,0.5,3750.0,492371.0
8073,Galletas y Brownies,21815.0,3,0.0,9.8,1.7,5550.0,72584.0
8074,Panaderia Artesanal,74233.0,7,0.05,42.1,11.2,19800.0,513452.0
8075,Bebidas,38426.0,3,0.1,8.0,2.0,6000.0,109162.0
8076,Panaderia Artesanal,65025.0,11,0.0,27.6,14.1,24150.0,736807.0
8077,Postres Individuales,48843.0,13,0.05,16.6,13.1,22650.0,625037.0
8078,Panaderia Artesanal,35550.0,2,0.1,29.0,8.0,15000.0,78812.0
8079,Bebidas,69790.0,4,0.0,38.6,8.9,16350.0,296069.0
8080,Galletas y Brownies,51758.0,12,0.0,14.0,10.6,18900.0,640791.0
8081,Galletas y Brownies,36245.0,5,0.05,4.9,11.1,19650.0,192881.0
8082,Panaderia Artesanal,13768.0,13,0.05,10.4,7.6,14400.0,184227.0
8083,Tortas Personalizadas,76636.0,7,0.05,20.6,5.0,10500.0,518773.0
8084,Panaderia Artesanal,7838.0,1,0.0,23.9,13.7,23550.0,31115.0
8085,Postres Individuales,74055.0,14,0.0,42.5,1.2,4800.0,1040154.0
8086,Galletas y Brownies,33797.0,8,0.0,2.2,5.7,11550.0,279214.0
8087,Galletas y Brownies,56147.0,10,0.0,34.5,10.2,18300.0,580392.0
8088,Galletas y Brownies,78776.0,3,0.05,4.7,13.4,23100.0,244707.0
8089,Tortas Personalizadas,17137.0,14,0.05,4.9,1.6,5400.0,231679.0
8090,Tortas Personalizadas,50356.0,11,0.05,30.0,10.1,18150.0,544288.0
8091,Bebidas,66155.0,6,0.0,41.0,7.6,14400.0,413805.0
8092,Panaderia Artesanal,65607.0,4,0.0,14.0,10.5,18750.0,280147.0
8093,Panaderia Artesanal,47051.0,14,0.1,13.2,5.1,10650.0,600379.0
8094,Postres Individuales,54979.0,5,0.05,28.4,10.8,19200.0,280113.0
8095,Galletas y Brownies,65602.0,10,0.15,35.3,3.1,7650.0,565119.0
8096,Tortas Personalizadas,72282.0,12,0.0,39.3,11.7,20550.0,886491.0
8097,Postres Individuales,65945.0,6,0.05,12.4,11.4,20100.0,395611.0
8098,Postres Individuales,33320.0,2,0.1,33.7,14.2,24300.0,83106.0
8099,Tortas Personalizadas,84738.0,13,0.2,14.9,3.0,7500.0,889290.0
8100,Panaderia Artesanal,39760.0,3,0.2,25.2,11.0,19500.0,113803.0
8101,Galletas y Brownies,6957.0,8,0.2,9.8,5.2,10800.0,54219.0
8102,Panaderia Artesanal,34009.0,8,0.15,7.9,4.6,9900.0,242337.0
8103,Postres Individuales,15223.0,1,0.05,42.2,6.3,12450.0,26589.0
8104,Galletas y Brownies,14715.0,10,0.0,25.3,4.6,9900.0,156153.0
8105,Bebidas,27523.0,8,0.05,1.7,4.1,9150.0,220590.0
8106,Postres Individuales,9270.0,11,0.0,36.0,11.6,20400.0,122882.0
8107,Panaderia Artesanal,60081.0,2,0.0,31.6,10.6,18900.0,136508.0
8108,Panaderia Artesanal,10919.0,10,0.05,15.7,2.1,6150.0,108030.0
8109,Panaderia Artesanal,21263.0,10,0.1,21.7,8.6,15900.0,207105.0
8110,Tortas Personalizadas,12432.0,13,0.05,21.1,5.3,10950.0,165800.0
8111,Postres Individuales,10053.0,8,0.0,13.5,14.6,24900.0,102085.0
8112,Galletas y Brownies,26420.0,12,0.05,44.2,6.7,13050.0,312338.0
8113,Panaderia Artesanal,50752.0,10,0.15,25.2,1.1,4650.0,438085.0
8114,Panaderia Artesanal,82175.0,5,0.1,40.5,5.3,10950.0,379514.0
8115,Tortas Personalizadas,75045.0,1,0.05,27.0,5.0,10500.0,80579.0
8116,Galletas y Brownies,75075.0,8,0.05,31.5,0.6,3900.0,572284.0
8117,Postres Individuales,19085.0,12,0.15,2.8,7.6,14400.0,209882.0
8118,Bebidas,26193.0,5,0.0,23.8,13.6,23400.0,151841.0
8119,Tortas Personalizadas,11111.0,1,0.0,32.9,12.1,21150.0,32098.0
8120,Postres Individuales,67277.0,4,0.0,6.8,10.4,18600.0,288392.0
8121,Bebidas,10585.0,13,0.0,31.0,5.5,11250.0,148962.0
8122,Panaderia Artesanal,49536.0,1,0.0,5.2,3.9,8850.0,58706.0
8123,Panaderia Artesanal,24830.0,13,0.05,36.6,5.5,11250.0,316982.0
8124,Galletas y Brownies,24476.0,9,0.0,44.0,2.3,6450.0,228360.0
8125,Bebidas,84258.0,10,0.0,28.8,1.9,5850.0,849032.0
8126,Panaderia Artesanal,65542.0,2,0.0,4.9,8.8,16200.0,145125.0
8127,Panaderia Artesanal,71955.0,8,0.15,27.0,12.3,21450.0,509959.0
8128,Galletas y Brownies,50759.0,4,0.05,33.7,1.9,5850.0,201593.0
8129,Postres Individuales,74681.0,9,0.0,42.1,5.4,11100.0,683776.0
8130,Panaderia Artesanal,56639.0,2,0.0,3.5,2.3,6450.0,120781.0
8131,Tortas Personalizadas,80694.0,12,0.0,35.2,5.0,10500.0,977035.0
8132,Tortas Personalizadas,27507.0,3,0.05,7.3,12.5,21750.0,101657.0
8133,Postres Individuales,52626.0,2,0.05,35.9,1.0,4500.0,101340.0
8134,Bebidas,60211.0,10,0.15,40.2,9.9,17850.0,530108.0
8135,Galletas y Brownies,36435.0,14,0.05,39.0,1.4,5100.0,489213.0
8136,Tortas Personalizadas,75377.0,5,0.15,29.9,6.7,13050.0,332978.0
8137,Tortas Personalizadas,83384.0,11,0.0,23.3,7.4,14100.0,932862.0
8138,Postres Individuales,44502.0,1,0.15,39.5,6.3,12450.0,48591.0
8139,Bebidas,36251.0,12,0.1,24.1,9.7,17550.0,409416.0
8140,Bebidas,42755.0,3,0.0,9.8,14.6,24900.0,153557.0
8141,Postres Individuales,73219.0,1,0.0,42.5,4.4,9600.0,83198.0
8142,Tortas Personalizadas,56637.0,10,0.05,17.7,9.3,16950.0,557124.0
8143,Galletas y Brownies,8582.0,14,0.0,28.7,5.6,11400.0,131489.0
8144,Tortas Personalizadas,48374.0,8,0.1,10.2,15.0,25500.0,374465.0
8145,Bebidas,6384.0,12,0.1,6.3,14.3,24450.0,94951.0
8146,Tortas Personalizadas,67283.0,4,0.0,25.5,1.9,5850.0,273852.0
8147,Galletas y Brownies,31265.0,3,0.0,25.6,14.6,24900.0,118460.0
8148,Panaderia Artesanal,42761.0,8,0.2,17.6,11.2,19800.0,291562.0
8149,Tortas Personalizadas,68894.0,13,0.0,15.1,14.9,25350.0,921813.0
8150,Postres Individuales,8716.0,9,0.0,17.8,11.7,20550.0,99156.0
8151,Panaderia Artesanal,17683.0,8,0.0,36.1,2.4,6600.0,149167.0
8152,Postres Individuales,36837.0,6,0.2,17.1,11.4,20100.0,196799.0
8153,Postres Individuales,23394.0,14,0.1,41.6,11.0,19500.0,313445.0
8154,Postres Individuales,32032.0,3,0.0,6.4,2.9,7350.0,103991.0
8155,Tortas Personalizadas,84854.0,8,0.0,42.0,11.4,20100.0,701093.0
8156,Bebidas,71033.0,13,0.0,31.5,10.3,18450.0,942752.0
8157,Panaderia Artesanal,75712.0,5,0.0,16.5,14.9,25350.0,401766.0
8158,Galletas y Brownies,79964.0,5,0.1,1.8,9.5,17250.0,377371.0
8159,Bebidas,32275.0,12,0.0,36.4,6.5,12750.0,403239.0
8160,Tortas Personalizadas,28766.0,9,0.05,43.7,14.3,24450.0,269409.0
8161,Postres Individuales,23725.0,1,0.05,44.2,9.6,17400.0,39209.0
8162,Galletas y Brownies,71409.0,7,0.0,19.9,5.6,11400.0,508326.0
8163,Panaderia Artesanal,59364.0,8,0.2,4.6,0.8,4200.0,383997.0
8164,Bebidas,23894.0,11,0.0,15.1,11.5,20250.0,282403.0
8165,Bebidas,35160.0,10,0.0,15.0,2.2,6300.0,358613.0
8166,Galletas y Brownies,45537.0,3,0.15,6.0,13.9,23850.0,139986.0
8167,Tortas Personalizadas,47251.0,8,0.0,24.3,14.4,24600.0,402887.0
8168,Panaderia Artesanal,76098.0,1,0.0,27.8,3.9,8850.0,85778.0
8169,Galletas y Brownies,35445.0,8,0.0,33.2,2.1,6150.0,286983.0
8170,Postres Individuales,77682.0,7,0.0,3.7,9.1,16650.0,562141.0
8171,Panaderia Artesanal,40309.0,4,0.2,13.5,3.6,8400.0,138011.0
8172,Bebidas,64710.0,11,0.0,17.0,8.4,15600.0,728869.0
8173,Galletas y Brownies,79420.0,7,0.0,40.3,6.5,12750.0,569316.0
8174,Bebidas,77606.0,10,0.1,40.7,12.0,21000.0,720038.0
8175,Bebidas,9556.0,14,0.0,12.8,15.0,25500.0,159011.0
8176,Bebidas,21456.0,11,0.15,22.7,7.1,13650.0,213530.0
8177,Tortas Personalizadas,43152.0,7,0.0,20.0,10.4,18600.0,321971.0
8178,Bebidas,39524.0,13,0.0,24.4,5.5,11250.0,525713.0
8179,Postres Individuales,56271.0,10,0.0,13.9,13.0,22500.0,584694.0
8180,Postres Individuales,80577.0,13,0.0,21.6,1.0,4500.0,1054000.0
8181,Panaderia Artesanal,13992.0,12,0.0,7.8,7.7,14550.0,182174.0
8182,Bebidas,41149.0,1,0.0,32.4,3.1,7650.0,49405.0
8183,Bebidas,20393.0,3,0.05,17.6,3.1,7650.0,64047.0
8184,Galletas y Brownies,76529.0,7,0.0,25.1,8.2,15300.0,550331.0
8185,Tortas Personalizadas,82166.0,11,0.0,27.8,5.0,10500.0,912664.0
8186,Panaderia Artesanal,43296.0,13,0.0,37.9,7.2,13800.0,575002.0
8187,Bebidas,13321.0,5,0.05,5.1,4.9,10350.0,73330.0
8188,Galletas y Brownies,67824.0,9,0.0,22.5,7.1,13650.0,623266.0
8189,Tortas Personalizadas,60771.0,7,0.0,40.4,4.6,9900.0,436735.0
8190,Panaderia Artesanal,33374.0,3,0.15,15.8,12.2,21300.0,105448.0
8191,Panaderia Artesanal,75993.0,1,0.0,20.8,8.6,15900.0,92621.0
8192,Bebidas,83067.0,5,0.0,5.2,2.8,7200.0,421423.0
8193,Panaderia Artesanal,49628.0,14,0.0,34.2,0.6,3900.0,698675.0
8194,Galletas y Brownies,50258.0,13,0.0,5.2,0.8,4200.0,655908.0
8195,Panaderia Artesanal,28801.0,10,0.1,28.9,6.6,12900.0,273107.0
8196,Postres Individuales,51760.0,13,0.0,17.8,5.1,10650.0,685747.0
8197,Galletas y Brownies,40171.0,5,0.0,16.2,4.3,9450.0,208560.0
8198,Tortas Personalizadas,29175.0,7,0.0,27.0,9.5,17250.0,222342.0
8199,Tortas Personalizadas,10375.0,14,0.2,26.2,12.3,21450.0,140043.0
8200,Bebidas,25217.0,1,0.0,19.1,1.4,5100.0,29086.0
8201,Bebidas,20828.0,10,0.05,13.6,2.1,6150.0,206206.0
8202,Postres Individuales,48363.0,2,0.0,23.6,5.8,11700.0,108476.0
8203,Tortas Personalizadas,53134.0,11,0.05,13.1,6.9,13350.0,568429.0
8204,Tortas Personalizadas,53686.0,6,0.05,6.0,6.2,12300.0,317869.0
8205,Tortas Personalizadas,36054.0,8,0.0,36.3,9.8,17700.0,305714.0
8206,Tortas Personalizadas,38698.0,4,0.0,32.1,1.8,5700.0,158665.0
8207,Panaderia Artesanal,71739.0,3,0.0,5.2,7.7,14550.0,228894.0
8208,Galletas y Brownies,43099.0,3,0.0,8.6,12.3,21450.0,153953.0
8209,Galletas y Brownies,84022.0,3,0.0,5.9,14.0,24000.0,273926.0
8210,Postres Individuales,40169.0,2,0.0,35.9,8.6,15900.0,96502.0
8211,Panaderia Artesanal,56966.0,1,0.0,35.1,2.5,6750.0,63590.0
8212,Tortas Personalizadas,9029.0,5,0.0,19.2,11.0,19500.0,64420.0
8213,Tortas Personalizadas,57267.0,10,0.05,37.2,12.0,21000.0,563840.0
8214,Bebidas,73114.0,5,0.0,43.9,3.3,7950.0,370921.0
8215,Bebidas,80397.0,5,0.0,43.7,10.3,18450.0,420854.0
8216,Postres Individuales,84786.0,4,0.05,44.2,14.0,24000.0,345211.0
8217,Tortas Personalizadas,27574.0,3,0.05,38.3,10.9,19350.0,98065.0
8218,Postres Individuales,51030.0,12,0.15,10.9,6.5,12750.0,532136.0
8219,Panaderia Artesanal,41057.0,3,0.1,4.0,6.9,13350.0,124970.0
8220,Galletas y Brownies,50105.0,2,0.1,36.8,1.7,5550.0,95645.0
8221,Tortas Personalizadas,17596.0,5,0.0,14.9,8.1,15150.0,103407.0
8222,Panaderia Artesanal,73492.0,4,0.05,16.2,12.1,21150.0,301175.0
8223,Tortas Personalizadas,77766.0,6,0.05,4.7,14.7,25050.0,468325.0
8224,Bebidas,40973.0,2,0.1,32.6,6.3,12450.0,85020.0
8225,Postres Individuales,27434.0,2,0.0,20.2,6.8,13200.0,69353.0
8226,Bebidas,16267.0,8,0.05,10.4,1.3,4950.0,131360.0
8227,Galletas y Brownies,59701.0,6,0.05,29.9,11.7,20550.0,361402.0
8228,Bebidas,29979.0,3,0.0,44.1,10.9,19350.0,105159.0
8229,Tortas Personalizadas,77763.0,5,0.05,23.2,6.3,12450.0,380548.0
8230,Bebidas,58681.0,3,0.0,27.9,10.8,19200.0,194925.0
8231,Tortas Personalizadas,56655.0,11,0.05,8.6,9.5,17250.0,608713.0
8232,Galletas y Brownies,49752.0,2,0.05,8.5,11.7,20550.0,112733.0
8233,Bebidas,8662.0,3,0.0,21.4,5.1,10650.0,35495.0
8234,Postres Individuales,79554.0,1,0.1,38.2,9.9,17850.0,89395.0
8235,Postres Individuales,55235.0,14,0.15,41.0,9.6,17400.0,675007.0
8236,Postres Individuales,84525.0,7,0.0,29.4,1.8,5700.0,597345.0
8237,Bebidas,47989.0,6,0.0,17.2,4.6,9900.0,296505.0
8238,Bebidas,61809.0,5,0.05,34.1,13.0,22500.0,314235.0
8239,Bebidas,9497.0,6,0.0,14.2,2.8,7200.0,63420.0
8240,Tortas Personalizadas,55539.0,8,0.0,11.1,6.0,12000.0,455561.0
8241,Galletas y Brownies,66172.0,3,0.1,36.1,3.8,8700.0,188011.0
8242,Postres Individuales,67281.0,3,0.2,34.2,2.5,6750.0,166407.0
8243,Tortas Personalizadas,66609.0,12,0.0,39.9,2.5,6750.0,806289.0
8244,Postres Individuales,23103.0,5,0.0,26.6,5.5,11250.0,126660.0
8245,Tortas Personalizadas,83032.0,5,0.05,40.5,12.2,21300.0,415101.0
8246,Bebidas,84615.0,14,0.05,2.7,14.5,24750.0,1150691.0
8247,Postres Individuales,11048.0,11,0.1,12.5,8.8,16200.0,124878.0
8248,Bebidas,79916.0,1,0.0,36.5,9.7,17550.0,98974.0
8249,Postres Individuales,28156.0,4,0.05,19.9,11.8,20700.0,128758.0
8250,Panaderia Artesanal,60143.0,9,0.0,11.9,10.1,18150.0,558409.0
8251,Tortas Personalizadas,32049.0,8,0.05,36.1,12.8,22200.0,268102.0
8252,Panaderia Artesanal,82420.0,3,0.0,37.3,13.3,22950.0,267217.0
8253,Tortas Personalizadas,13120.0,5,0.15,21.3,9.6,17400.0,75465.0
8254,Galletas y Brownies,44820.0,5,0.05,21.8,8.2,15300.0,230269.0
8255,Postres Individuales,39244.0,7,0.15,35.5,6.2,12300.0,244155.0
8256,Galletas y Brownies,31082.0,8,0.0,35.1,7.2,13800.0,261992.0
8257,Galletas y Brownies,56643.0,9,0.05,39.2,5.5,11250.0,493869.0
8258,Tortas Personalizadas,15484.0,7,0.2,29.6,6.7,13050.0,99059.0
8259,Panaderia Artesanal,62333.0,2,0.15,9.6,13.5,23250.0,131270.0
8260,Bebidas,83447.0,8,0.15,25.4,14.6,24900.0,592095.0
8261,Tortas Personalizadas,69365.0,8,0.0,18.1,5.7,11550.0,563405.0
8262,Bebidas,73801.0,11,0.0,2.7,3.7,8550.0,821458.0
8263,Galletas y Brownies,33771.0,13,0.0,10.0,1.6,5400.0,444745.0
8264,Bebidas,30991.0,14,0.0,10.4,12.6,21900.0,453991.0
8265,Panaderia Artesanal,46364.0,2,0.0,5.1,13.1,22650.0,117714.0
8266,Tortas Personalizadas,8658.0,13,0.05,21.2,7.0,13500.0,121468.0
8267,Panaderia Artesanal,80629.0,6,0.1,23.6,8.4,15600.0,450512.0
8268,Panaderia Artesanal,16503.0,13,0.05,16.3,11.2,19800.0,223981.0
8269,Tortas Personalizadas,77241.0,10,0.1,19.4,5.9,11850.0,708913.0
8270,Panaderia Artesanal,11687.0,1,0.0,25.4,3.4,8100.0,20648.0
8271,Postres Individuales,70810.0,11,0.1,6.7,2.2,6300.0,705083.0
8272,Postres Individuales,17157.0,7,0.0,26.0,3.9,8850.0,127843.0
8273,Postres Individuales,8051.0,10,0.0,32.4,9.9,17850.0,95434.0
8274,Bebidas,62559.0,2,0.0,39.6,5.5,11250.0,136055.0
8275,Panaderia Artesanal,27421.0,5,0.15,14.6,13.1,22650.0,136256.0
8276,Tortas Personalizadas,62160.0,14,0.2,34.0,1.8,5700.0,702043.0
8277,Tortas Personalizadas,49407.0,7,0.0,27.9,6.5,12750.0,359811.0
8278,Bebidas,13705.0,10,0.0,23.4,4.2,9300.0,146124.0
8279,Tortas Personalizadas,79570.0,11,0.05,41.5,13.4,23100.0,852690.0
8280,Postres Individuales,41185.0,9,0.05,28.5,12.2,21300.0,373352.0
8281,Panaderia Artesanal,63756.0,14,0.05,17.4,14.8,25200.0,873495.0
8282,Tortas Personalizadas,45082.0,1,0.0,32.5,2.2,6300.0,52750.0
8283,Tortas Personalizadas,53349.0,9,0.1,43.3,11.8,20700.0,451807.0
8284,Galletas y Brownies,29222.0,11,0.0,41.4,2.3,6450.0,328641.0
8285,Galletas y Brownies,21029.0,5,0.0,44.1,2.7,7050.0,110458.0
8286,Galletas y Brownies,48406.0,6,0.0,5.6,1.1,4650.0,293693.0
8287,Panaderia Artesanal,40218.0,14,0.15,20.8,7.2,13800.0,494268.0
8288,Postres Individuales,36209.0,8,0.0,20.3,2.3,6450.0,299011.0
8289,Postres Individuales,58805.0,11,0.1,18.2,5.6,11400.0,592428.0
8290,Postres Individuales,60241.0,14,0.0,9.3,4.5,9750.0,854851.0
8291,Panaderia Artesanal,8674.0,2,0.0,37.7,14.7,25050.0,43420.0
8292,Panaderia Artesanal,32100.0,12,0.2,30.8,10.0,18000.0,325414.0
8293,Galletas y Brownies,37941.0,7,0.0,27.9,6.5,12750.0,278206.0
8294,Tortas Personalizadas,12751.0,12,0.15,20.9,13.2,22800.0,153630.0
8295,Bebidas,23872.0,4,0.15,18.4,1.4,5100.0,87188.0
8296,Bebidas,9131.0,9,0.05,35.7,5.3,10950.0,91039.0
8297,Tortas Personalizadas,84699.0,6,0.0,24.4,8.0,15000.0,521793.0
8298,Galletas y Brownies,63925.0,7,0.1,27.9,1.3,4950.0,408983.0
8299,Tortas Personalizadas,11996.0,11,0.15,5.9,2.6,6900.0,120181.0
8300,Tortas Personalizadas,6620.0,6,0.2,22.0,13.5,23250.0,57244.0
8301,Bebidas,62543.0,11,0.1,7.2,3.1,7650.0,626328.0
8302,Galletas y Brownies,40135.0,8,0.0,3.8,13.9,23850.0,346613.0
8303,Panaderia Artesanal,67944.0,6,0.05,31.5,1.9,5850.0,395311.0
8304,Bebidas,78878.0,7,0.0,13.5,13.4,23100.0,575673.0
8305,Panaderia Artesanal,52944.0,8,0.0,43.5,7.1,13650.0,437549.0
8306,Galletas y Brownies,19969.0,1,0.05,27.8,8.8,16200.0,35168.0
8307,Tortas Personalizadas,67576.0,10,0.1,29.6,4.6,9900.0,619358.0
8308,Postres Individuales,81465.0,12,0.05,10.1,4.5,9750.0,940138.0
8309,Postres Individuales,51419.0,4,0.1,7.1,7.6,14400.0,200415.0
8310,Galletas y Brownies,59560.0,6,0.0,24.4,5.7,11550.0,369896.0
8311,Postres Individuales,31998.0,1,0.0,41.8,1.6,5400.0,36397.0
8312,Panaderia Artesanal,35522.0,4,0.0,3.9,5.6,11400.0,152519.0
8313,Postres Individuales,63772.0,6,0.0,23.6,4.2,9300.0,390102.0
8314,Galletas y Brownies,79222.0,7,0.0,10.1,12.8,22200.0,579789.0
8315,Galletas y Brownies,55319.0,13,0.15,35.5,12.7,22050.0,632738.0
8316,Panaderia Artesanal,68188.0,6,0.05,31.2,2.6,6900.0,396611.0
8317,Postres Individuales,18731.0,11,0.0,5.7,11.1,19650.0,224250.0
8318,Postres Individuales,21957.0,4,0.0,28.3,7.0,13500.0,100597.0
8319,Tortas Personalizadas,47563.0,12,0.05,44.3,13.1,22650.0,563105.0
8320,Bebidas,19124.0,13,0.0,24.5,4.5,9750.0,257089.0
8321,Galletas y Brownies,55800.0,7,0.05,13.9,1.8,5700.0,376886.0
8322,Tortas Personalizadas,28332.0,10,0.0,8.1,12.1,21150.0,304952.0
8323,Galletas y Brownies,68323.0,14,0.0,44.5,13.1,22650.0,979243.0
8324,Tortas Personalizadas,69649.0,2,0.1,26.0,12.7,22050.0,146223.0
8325,Bebidas,42103.0,6,0.05,17.8,5.3,10950.0,250654.0
8326,Tortas Personalizadas,19465.0,5,0.0,10.8,0.9,4350.0,103015.0
8327,Galletas y Brownies,56742.0,2,0.2,42.8,2.5,6750.0,99251.0
8328,Postres Individuales,84423.0,9,0.0,28.8,13.8,23700.0,784549.0
8329,Galletas y Brownies,54807.0,13,0.0,4.0,5.8,11700.0,724700.0
8330,Panaderia Artesanal,7862.0,7,0.1,4.1,13.3,22950.0,72030.0
8331,Panaderia Artesanal,6384.0,14,0.1,42.4,14.7,25050.0,104483.0
8332,Panaderia Artesanal,30629.0,3,0.0,32.4,6.2,12300.0,104071.0
8333,Panaderia Artesanal,20663.0,7,0.05,6.0,11.8,20700.0,158367.0
8334,Bebidas,70044.0,11,0.0,28.6,3.0,7500.0,779501.0
8335,Postres Individuales,72584.0,11,0.2,19.7,6.1,12150.0,649971.0
8336,Postres Individuales,25690.0,6,0.05,35.8,10.7,19050.0,163966.0
8337,Galletas y Brownies,31052.0,7,0.0,13.4,3.5,8250.0,222680.0
8338,Tortas Personalizadas,23900.0,4,0.0,18.2,5.1,10650.0,107867.0
8339,Galletas y Brownies,77671.0,13,0.05,8.8,8.7,16050.0,975103.0
8340,Galletas y Brownies,45212.0,13,0.05,12.5,10.5,18750.0,574752.0
8341,Galletas y Brownies,57491.0,10,0.1,9.7,5.7,11550.0,528103.0
8342,Galletas y Brownies,38239.0,13,0.15,2.6,6.0,12000.0,433470.0
8343,Postres Individuales,55481.0,8,0.0,3.5,2.1,6150.0,449224.0
8344,Tortas Personalizadas,35868.0,8,0.1,37.8,14.8,25200.0,284381.0
8345,Galletas y Brownies,32174.0,7,0.05,36.5,9.4,17100.0,229462.0
8346,Postres Individuales,55758.0,13,0.0,7.6,8.2,15300.0,741403.0
8347,Galletas y Brownies,52285.0,7,0.05,30.6,3.6,8400.0,355068.0
8348,Panaderia Artesanal,28482.0,10,0.0,33.9,7.6,14400.0,298033.0
8349,Galletas y Brownies,16948.0,13,0.0,3.7,7.0,13500.0,232076.0
8350,Galletas y Brownies,34486.0,13,0.1,5.4,4.2,9300.0,412630.0
8351,Bebidas,38216.0,8,0.05,26.0,7.0,13500.0,304351.0
8352,Panaderia Artesanal,55295.0,1,0.15,17.8,3.5,8250.0,54623.0
8353,Tortas Personalizadas,78162.0,6,0.0,31.9,10.8,19200.0,488074.0
8354,Galletas y Brownies,7895.0,2,0.0,25.8,13.7,23550.0,38931.0
8355,Tortas Personalizadas,24493.0,1,0.0,2.8,0.5,3750.0,29562.0
8356,Panaderia Artesanal,20497.0,12,0.0,31.2,8.6,15900.0,261515.0
8357,Galletas y Brownies,45184.0,10,0.2,10.4,11.1,19650.0,381212.0
8358,Bebidas,39376.0,7,0.0,15.1,13.7,23550.0,301502.0
8359,Postres Individuales,63323.0,6,0.05,33.5,5.7,11550.0,376532.0
8360,Bebidas,24393.0,5,0.05,35.0,13.7,23550.0,138173.0
8361,Bebidas,52560.0,5,0.1,16.5,12.5,21750.0,260332.0
8362,Postres Individuales,75709.0,9,0.05,5.4,8.1,15150.0,661002.0
8363,Postres Individuales,77854.0,9,0.05,35.0,4.2,9300.0,676020.0
8364,Postres Individuales,81703.0,12,0.1,39.4,10.0,18000.0,903054.0
8365,Galletas y Brownies,66861.0,12,0.0,43.4,4.3,9450.0,812696.0
8366,Tortas Personalizadas,77479.0,6,0.2,15.3,5.6,11400.0,383254.0
8367,Tortas Personalizadas,23762.0,13,0.1,6.9,7.3,13950.0,289164.0
8368,Postres Individuales,20806.0,3,0.0,42.3,7.7,14550.0,76099.0
8369,Bebidas,5519.0,7,0.1,18.9,3.2,7800.0,41631.0
8370,Panaderia Artesanal,61548.0,4,0.1,5.6,10.6,18900.0,239424.0
8371,Postres Individuales,79997.0,5,0.15,23.2,14.9,25350.0,365362.0
8372,Bebidas,19955.0,7,0.0,9.8,4.0,9000.0,149083.0
8373,Bebidas,55955.0,12,0.1,17.0,8.5,15750.0,616665.0
8374,Galletas y Brownies,64717.0,7,0.0,15.4,7.1,13650.0,464189.0
8375,Galletas y Brownies,79209.0,10,0.0,44.4,5.0,10500.0,804398.0
8376,Tortas Personalizadas,56749.0,8,0.1,29.3,6.6,12900.0,420965.0
8377,Tortas Personalizadas,82623.0,1,0.1,22.9,11.1,19650.0,93075.0
8378,Panaderia Artesanal,32574.0,5,0.05,23.8,6.5,12750.0,167960.0
8379,Panaderia Artesanal,32994.0,12,0.05,27.8,7.8,14700.0,392636.0
8380,Panaderia Artesanal,48441.0,9,0.1,39.5,7.4,14100.0,403910.0
8381,Panaderia Artesanal,35680.0,7,0.15,7.9,8.6,15900.0,226301.0
8382,Bebidas,5114.0,11,0.0,27.6,4.7,10050.0,65541.0
8383,Bebidas,63542.0,12,0.0,15.5,7.9,14850.0,779331.0
8384,Tortas Personalizadas,65137.0,13,0.1,26.4,2.5,6750.0,771329.0
8385,Galletas y Brownies,64758.0,2,0.0,24.0,11.3,19950.0,149546.0
8386,Galletas y Brownies,32602.0,1,0.0,2.8,2.1,6150.0,39375.0
8387,Postres Individuales,46783.0,8,0.05,26.8,11.9,20850.0,375456.0
8388,Bebidas,33798.0,9,0.05,32.4,12.5,21750.0,310585.0
8389,Panaderia Artesanal,6283.0,10,0.0,12.2,0.8,4200.0,67049.0
8390,Panaderia Artesanal,49996.0,5,0.15,6.1,12.5,21750.0,232488.0
8391,Postres Individuales,14901.0,14,0.0,10.7,9.9,17850.0,226915.0
8392,Galletas y Brownies,11403.0,11,0.0,29.2,1.9,5850.0,132432.0
8393,Panaderia Artesanal,65440.0,6,0.0,21.9,15.0,25500.0,419101.0
8394,Galletas y Brownies,5760.0,2,0.0,39.1,9.4,17100.0,27193.0
8395,Postres Individuales,81721.0,11,0.05,13.9,6.3,12450.0,865511.0
8396,Galletas y Brownies,46220.0,5,0.0,17.4,13.3,22950.0,253366.0
8397,Galletas y Brownies,83641.0,12,0.1,24.5,1.1,4650.0,908415.0
8398,Galletas y Brownies,9640.0,4,0.1,21.5,10.9,19350.0,54375.0
8399,Panaderia Artesanal,51682.0,8,0.0,25.3,2.6,6900.0,422109.0
8400,Tortas Personalizadas,32946.0,8,0.0,15.1,8.5,15750.0,279593.0
8401,Bebidas,72479.0,14,0.0,8.8,1.9,5850.0,1022467.0
8402,Galletas y Brownies,33898.0,5,0.05,36.4,10.3,18450.0,181380.0
8403,Galletas y Brownies,25839.0,11,0.0,3.2,7.2,13800.0,297143.0
8404,Galletas y Brownies,73604.0,8,0.1,17.6,0.6,3900.0,534006.0
8405,Tortas Personalizadas,34972.0,6,0.0,5.3,1.5,5250.0,214811.0
8406,Postres Individuales,6347.0,10,0.15,33.5,10.7,19050.0,73820.0
8407,Panaderia Artesanal,36223.0,6,0.05,17.4,6.3,12450.0,219734.0
8408,Tortas Personalizadas,57362.0,13,0.1,2.8,10.2,18300.0,690229.0
8409,Galletas y Brownies,25349.0,13,0.05,4.8,6.2,12300.0,325278.0
8410,Tortas Personalizadas,39559.0,4,0.05,10.1,5.7,11550.0,162094.0
8411,Tortas Personalizadas,9537.0,10,0.05,35.7,12.9,22350.0,115657.0
8412,Tortas Personalizadas,52047.0,12,0.1,36.3,12.9,22350.0,583820.0
8413,Postres Individuales,65504.0,11,0.05,44.9,13.8,23700.0,707499.0
8414,Bebidas,38065.0,3,0.1,12.0,12.4,21600.0,123315.0
8415,Panaderia Artesanal,38619.0,9,0.0,4.1,2.3,6450.0,354996.0
8416,Postres Individuales,12063.0,5,0.0,13.8,1.5,5250.0,66192.0
8417,Postres Individuales,21155.0,10,0.0,9.3,1.3,4950.0,216625.0
8418,Bebidas,17374.0,10,0.1,32.4,14.7,25050.0,180666.0
8419,Postres Individuales,43535.0,4,0.0,43.7,7.8,14700.0,189222.0
8420,Tortas Personalizadas,47340.0,6,0.1,13.4,2.2,6300.0,262804.0
8421,Tortas Personalizadas,80915.0,14,0.0,15.8,8.4,15600.0,1146842.0
8422,Galletas y Brownies,10859.0,4,0.0,16.8,10.8,19200.0,63568.0
8423,Postres Individuales,52989.0,6,0.0,38.8,1.9,5850.0,321929.0
8424,Galletas y Brownies,47120.0,10,0.0,26.6,5.5,11250.0,485332.0
8425,Panaderia Artesanal,46299.0,8,0.05,43.9,3.2,7800.0,359462.0
8426,Tortas Personalizadas,74853.0,8,0.0,28.8,14.6,24900.0,625674.0
8427,Panaderia Artesanal,21443.0,12,0.0,32.2,5.1,10650.0,267873.0
8428,Bebidas,8262.0,6,0.15,5.4,10.5,18750.0,62867.0
8429,Tortas Personalizadas,58782.0,1,0.0,42.9,13.8,23700.0,84788.0
8430,Panaderia Artesanal,32613.0,13,0.0,28.8,13.0,22500.0,447211.0
8431,Bebidas,6407.0,1,0.1,24.1,6.2,12300.0,16729.0
8432,Panaderia Artesanal,25110.0,14,0.0,18.4,5.0,10500.0,360799.0
8433,Bebidas,29746.0,3,0.0,4.9,12.2,21300.0,111046.0
8434,Bebidas,54347.0,2,0.0,7.3,3.5,8250.0,117132.0
8435,Tortas Personalizadas,18807.0,1,0.0,2.0,10.9,19350.0,39547.0
8436,Galletas y Brownies,38044.0,1,0.0,44.9,12.6,21900.0,59756.0
8437,Bebidas,43598.0,12,0.0,35.7,12.8,22200.0,546065.0
8438,Bebidas,41739.0,12,0.0,36.2,0.6,3900.0,504794.0
8439,Tortas Personalizadas,82915.0,12,0.0,33.3,7.7,14550.0,1010174.0
8440,Galletas y Brownies,8640.0,6,0.0,22.6,5.7,11550.0,63913.0
8441,Postres Individuales,81077.0,7,0.0,5.3,14.7,25050.0,593791.0
8442,Postres Individuales,51555.0,8,0.0,4.6,8.4,15600.0,428626.0
8443,Galletas y Brownies,68658.0,3,0.0,41.4,6.7,13050.0,221162.0
8444,Panaderia Artesanal,39431.0,1,0.05,1.5,4.0,9000.0,49406.0
8445,Tortas Personalizadas,41307.0,5,0.15,31.9,12.8,22200.0,199393.0
8446,Galletas y Brownies,75346.0,8,0.1,28.8,5.1,10650.0,553047.0
8447,Postres Individuales,76675.0,12,0.1,23.3,12.5,21750.0,851129.0
8448,Bebidas,24095.0,11,0.05,43.9,13.4,23100.0,276074.0
8449,Postres Individuales,20939.0,14,0.05,10.1,1.3,4950.0,282505.0
8450,Bebidas,44699.0,11,0.0,35.7,7.9,14850.0,509480.0
8451,Tortas Personalizadas,77022.0,4,0.0,30.9,6.6,12900.0,322829.0
8452,Bebidas,30788.0,2,0.0,43.9,6.2,12300.0,73664.0
8453,Galletas y Brownies,57161.0,9,0.0,42.1,5.9,11850.0,526403.0
8454,Bebidas,61652.0,12,0.15,7.1,8.2,15300.0,642445.0
8455,Panaderia Artesanal,67294.0,13,0.15,14.9,2.4,6600.0,750269.0
8456,Galletas y Brownies,50114.0,9,0.0,38.5,13.1,22650.0,474426.0
8457,Tortas Personalizadas,37196.0,3,0.05,11.4,8.6,15900.0,121672.0
8458,Galletas y Brownies,82361.0,7,0.0,18.0,5.5,11250.0,586111.0
8459,Panaderia Artesanal,53906.0,13,0.05,28.7,4.0,9000.0,675654.0
8460,Tortas Personalizadas,63285.0,1,0.05,26.0,9.4,17100.0,76826.0
8461,Postres Individuales,32599.0,8,0.0,29.4,11.9,20850.0,280483.0
8462,Panaderia Artesanal,58596.0,8,0.05,32.5,6.9,13350.0,459268.0
8463,Tortas Personalizadas,25624.0,13,0.05,33.2,14.8,25200.0,339999.0
8464,Bebidas,24608.0,3,0.05,33.6,8.3,15450.0,85748.0
8465,Galletas y Brownies,62178.0,12,0.0,44.6,14.7,25050.0,773028.0
8466,Tortas Personalizadas,46712.0,5,0.2,17.0,14.5,24750.0,212938.0
8467,Galletas y Brownies,59662.0,4,0.1,3.4,9.2,16800.0,232322.0
8468,Bebidas,26555.0,7,0.05,16.7,8.9,16350.0,193039.0
8469,Tortas Personalizadas,52898.0,11,0.0,41.2,2.0,6000.0,584771.0
8470,Postres Individuales,40515.0,7,0.0,5.1,14.0,24000.0,307147.0
8471,Panaderia Artesanal,52757.0,11,0.1,29.6,12.1,21150.0,543445.0
8472,Tortas Personalizadas,28270.0,8,0.0,19.9,7.8,14700.0,242020.0
8473,Bebidas,62236.0,5,0.0,41.6,4.9,10350.0,320234.0
8474,Tortas Personalizadas,69474.0,13,0.0,41.9,12.7,22050.0,926014.0
8475,Galletas y Brownies,25793.0,11,0.0,35.7,4.7,10050.0,294728.0
8476,Tortas Personalizadas,29050.0,5,0.0,5.8,8.4,15600.0,160957.0
8477,Postres Individuales,57892.0,8,0.0,2.6,3.4,8100.0,472575.0
8478,Tortas Personalizadas,60647.0,5,0.0,7.4,12.2,21300.0,322694.0
8479,Panaderia Artesanal,61328.0,13,0.15,15.5,11.4,20100.0,696420.0
8480,Tortas Personalizadas,59616.0,14,0.0,12.0,4.7,10050.0,844834.0
8481,Galletas y Brownies,36425.0,13,0.0,17.6,2.2,6300.0,478733.0
8482,Tortas Personalizadas,36588.0,1,0.1,7.7,3.1,7650.0,40434.0
8483,Postres Individuales,25385.0,11,0.0,34.2,9.4,17100.0,298053.0
8484,Bebidas,17547.0,3,0.0,38.3,2.7,7050.0,54979.0
8485,Tortas Personalizadas,60406.0,2,0.0,22.7,5.1,10650.0,134986.0
8486,Tortas Personalizadas,12455.0,12,0.1,43.1,12.7,22050.0,157537.0
8487,Panaderia Artesanal,80023.0,10,0.05,6.7,1.7,5550.0,765901.0
8488,Postres Individuales,71135.0,5,0.0,6.1,8.9,16350.0,371469.0
8489,Bebidas,73600.0,13,0.05,10.2,6.3,12450.0,922040.0
8490,Galletas y Brownies,77534.0,8,0.15,44.2,2.2,6300.0,532928.0
8491,Tortas Personalizadas,37688.0,9,0.0,19.6,7.9,14850.0,354266.0
8492,Bebidas,72736.0,9,0.05,41.7,8.0,15000.0,636952.0
8493,Galletas y Brownies,17645.0,1,0.0,10.3,6.0,12000.0,28977.0
8494,Postres Individuales,6731.0,1,0.05,38.3,1.3,4950.0,11717.0
8495,Postres Individuales,67791.0,1,0.05,15.0,3.5,8250.0,71786.0
8496,Bebidas,10984.0,1,0.1,33.4,6.4,12600.0,23045.0
8497,Galletas y Brownies,84082.0,9,0.05,43.9,4.5,9750.0,729642.0
8498,Postres Individuales,58984.0,1,0.05,42.1,2.8,7200.0,66163.0
8499,Bebidas,65276.0,7,0.0,37.7,7.6,14400.0,471556.0
8500,Postres Individuales,24664.0,6,0.0,3.7,6.3,12450.0,163873.0
8501,Postres Individuales,58909.0,9,0.05,27.9,10.1,18150.0,522670.0
8502,Postres Individuales,8458.0,11,0.0,37.8,8.6,15900.0,109280.0
8503,Panaderia Artesanal,72026.0,9,0.0,18.9,3.0,7500.0,654440.0
8504,Galletas y Brownies,18570.0,4,0.0,33.3,10.5,18750.0,92709.0
8505,Bebidas,60789.0,9,0.0,7.5,7.2,13800.0,562513.0
8506,Bebidas,22958.0,14,0.0,9.2,2.1,6150.0,325883.0
8507,Galletas y Brownies,10476.0,13,0.1,29.5,0.8,4200.0,125658.0
8508,Galletas y Brownies,43519.0,14,0.0,20.5,9.6,17400.0,626633.0
8509,Galletas y Brownies,18543.0,6,0.05,11.0,9.5,17250.0,122836.0
8510,Galletas y Brownies,63356.0,5,0.0,13.8,12.4,21600.0,340064.0
8511,Tortas Personalizadas,24005.0,9,0.1,28.4,11.6,20400.0,216669.0
8512,Bebidas,32398.0,7,0.0,33.1,13.2,22800.0,247830.0
8513,Tortas Personalizadas,50395.0,9,0.15,10.5,4.7,10050.0,396791.0
8514,Postres Individuales,27797.0,5,0.0,43.1,6.5,12750.0,150998.0
8515,Postres Individuales,35239.0,4,0.05,1.9,1.4,5100.0,139465.0
8516,Bebidas,70250.0,10,0.0,32.0,6.5,12750.0,715114.0
8517,Postres Individuales,19337.0,3,0.1,14.2,3.7,8550.0,61959.0
8518,Galletas y Brownies,11576.0,5,0.0,22.3,12.2,21300.0,76140.0
8519,Tortas Personalizadas,31269.0,9,0.0,26.3,10.0,18000.0,298905.0
8520,Galletas y Brownies,38950.0,3,0.0,25.9,11.8,20700.0,139803.0
8521,Postres Individuales,48413.0,1,0.1,35.3,9.1,16650.0,60100.0
8522,Tortas Personalizadas,34794.0,2,0.0,37.3,9.2,16800.0,82883.0
8523,Galletas y Brownies,68193.0,10,0.05,4.7,3.9,8850.0,655632.0
8524,Bebidas,8146.0,5,0.2,32.1,10.2,18300.0,52449.0
8525,Galletas y Brownies,39541.0,3,0.0,18.9,2.6,6900.0,123874.0
8526,Postres Individuales,35580.0,6,0.2,37.1,4.5,9750.0,179743.0
8527,Tortas Personalizadas,56806.0,11,0.0,28.0,3.1,7650.0,633408.0
8528,Bebidas,82302.0,8,0.1,1.9,14.3,24450.0,617475.0
8529,Tortas Personalizadas,45830.0,6,0.2,30.5,13.5,23250.0,241242.0
8530,Bebidas,83950.0,10,0.2,41.8,13.2,22800.0,691767.0
8531,Tortas Personalizadas,29180.0,9,0.0,5.1,14.4,24600.0,286202.0
8532,Postres Individuales,7469.0,6,0.15,23.0,9.4,17100.0,55550.0
8533,Bebidas,18253.0,14,0.0,28.7,13.5,23250.0,279226.0
8534,Panaderia Artesanal,36610.0,5,0.0,10.0,4.7,10050.0,194985.0
8535,Tortas Personalizadas,30307.0,4,0.0,29.8,6.1,12150.0,130510.0
8536,Tortas Personalizadas,12764.0,2,0.0,3.7,7.3,13950.0,40196.0
8537,Galletas y Brownies,39613.0,6,0.1,40.9,1.8,5700.0,218832.0
8538,Bebidas,32049.0,2,0.0,34.7,12.5,21750.0,85612.0
8539,Panaderia Artesanal,14810.0,5,0.2,42.4,2.2,6300.0,66426.0
8540,Postres Individuales,28689.0,1,0.05,19.7,12.1,21150.0,50552.0
8541,Galletas y Brownies,75915.0,3,0.15,3.0,13.9,23850.0,217384.0
8542,Panaderia Artesanal,29164.0,10,0.1,16.4,8.7,16050.0,278687.0
8543,Bebidas,62116.0,5,0.1,23.9,2.9,7350.0,287765.0
8544,Panaderia Artesanal,53964.0,13,0.0,42.2,6.8,13200.0,715086.0
8545,Tortas Personalizadas,39174.0,13,0.05,39.9,2.5,6750.0,491648.0
8546,Tortas Personalizadas,24122.0,7,0.0,27.3,2.2,6300.0,178357.0
8547,Galletas y Brownies,34521.0,8,0.0,33.2,11.5,20250.0,300911.0
8548,Bebidas,52369.0,7,0.0,43.0,6.2,12300.0,378825.0
8549,Bebidas,33060.0,7,0.05,38.5,0.5,3750.0,226444.0
8550,Panaderia Artesanal,22192.0,11,0.0,30.2,1.2,4800.0,248327.0
8551,Galletas y Brownies,14317.0,2,0.0,25.0,12.4,21600.0,49120.0
8552,Bebidas,75381.0,6,0.0,22.2,9.5,17250.0,466367.0
8553,Tortas Personalizadas,40225.0,5,0.0,34.4,12.7,22050.0,223469.0
8554,Panaderia Artesanal,55017.0,11,0.05,36.7,4.5,9750.0,584338.0
8555,Postres Individuales,44233.0,9,0.05,11.0,5.1,10650.0,388950.0
8556,Tortas Personalizadas,74805.0,12,0.2,22.1,9.4,17100.0,735412.0
8557,Galletas y Brownies,48755.0,10,0.0,35.0,10.1,18150.0,505876.0
8558,Bebidas,43463.0,11,0.0,30.9,0.9,4350.0,482753.0
8559,Tortas Personalizadas,78968.0,4,0.0,27.2,13.7,23550.0,336302.0
8560,Postres Individuales,62575.0,12,0.15,15.6,12.1,21150.0,657694.0
8561,Postres Individuales,13924.0,7,0.0,28.0,2.4,6600.0,104326.0
8562,Galletas y Brownies,19216.0,11,0.0,28.1,0.6,3900.0,213022.0
8563,Tortas Personalizadas,67970.0,8,0.0,20.3,11.7,20550.0,565155.0
8564,Panaderia Artesanal,71868.0,14,0.0,43.3,13.6,23400.0,1028839.0
8565,Tortas Personalizadas,48615.0,6,0.0,29.9,5.2,10800.0,302037.0
8566,Postres Individuales,49356.0,3,0.1,38.5,5.2,10800.0,144464.0
8567,Galletas y Brownies,55555.0,11,0.05,7.1,8.0,15000.0,596825.0
8568,Galletas y Brownies,40129.0,5,0.0,34.4,10.3,18450.0,219924.0
8569,Panaderia Artesanal,59416.0,1,0.0,27.7,9.9,17850.0,76965.0
8570,Galletas y Brownies,13679.0,14,0.0,14.9,11.4,20100.0,212292.0
8571,Galletas y Brownies,81902.0,13,0.1,7.4,2.2,6300.0,963557.0
8572,Galletas y Brownies,65012.0,8,0.1,18.0,8.0,15000.0,480827.0
8573,Galletas y Brownies,55494.0,12,0.15,20.7,7.8,14700.0,578393.0
8574,Galletas y Brownies,30306.0,12,0.0,7.6,14.3,24450.0,387814.0
8575,Postres Individuales,17876.0,12,0.05,30.7,13.8,23700.0,227857.0
8576,Tortas Personalizadas,37747.0,11,0.2,14.9,11.4,20100.0,351293.0
8577,Bebidas,57926.0,2,0.05,36.6,13.2,22800.0,131509.0
8578,Galletas y Brownies,55697.0,13,0.0,29.7,11.3,19950.0,743062.0
8579,Bebidas,35611.0,10,0.05,15.0,10.9,19350.0,356727.0
8580,Bebidas,54063.0,7,0.05,17.2,3.6,8400.0,366571.0
8581,Postres Individuales,70100.0,9,0.0,42.5,9.5,17250.0,648537.0
8582,Galletas y Brownies,7103.0,1,0.0,42.7,13.8,23700.0,30894.0
8583,Bebidas,41050.0,13,0.05,19.7,11.4,20100.0,530831.0
8584,Galletas y Brownies,65684.0,4,0.1,31.0,9.3,16950.0,252894.0
8585,Panaderia Artesanal,48692.0,7,0.2,44.1,4.2,9300.0,281292.0
8586,Panaderia Artesanal,57118.0,14,0.0,44.7,10.3,18450.0,819512.0
8587,Panaderia Artesanal,46334.0,9,0.1,4.6,5.5,11250.0,386158.0
8588,Bebidas,84350.0,2,0.0,25.6,1.4,5100.0,171885.0
8589,Panaderia Artesanal,9370.0,2,0.2,33.1,4.0,9000.0,25200.0
8590,Postres Individuales,44284.0,6,0.0,9.6,6.1,12150.0,277256.0
8591,Postres Individuales,12313.0,3,0.0,37.3,15.0,25500.0,64388.0
8592,Bebidas,17783.0,4,0.0,21.9,11.5,20250.0,92781.0
8593,Galletas y Brownies,35643.0,3,0.05,23.2,4.6,9900.0,114833.0
8594,Tortas Personalizadas,17443.0,13,0.0,13.4,11.6,20400.0,246318.0
8595,Galletas y Brownies,82095.0,1,0.1,14.6,5.7,11550.0,85418.0
8596,Galletas y Brownies,80743.0,14,0.0,5.2,9.3,16950.0,1146176.0
8597,Galletas y Brownies,31889.0,14,0.0,42.0,11.6,20400.0,466240.0
8598,Galletas y Brownies,56180.0,6,0.0,18.1,11.2,19800.0,356652.0
8599,Tortas Personalizadas,47700.0,11,0.0,8.6,2.5,6750.0,528287.0
8600,Panaderia Artesanal,70247.0,11,0.0,7.7,12.5,21750.0,795481.0
8601,Galletas y Brownies,55196.0,13,0.05,19.2,13.9,23850.0,706083.0
8602,Postres Individuales,5020.0,2,0.0,29.0,3.9,8850.0,22758.0
8603,Bebidas,66054.0,2,0.0,35.3,5.3,10950.0,143526.0
8604,Bebidas,64748.0,7,0.05,41.7,14.1,24150.0,452102.0
8605,Postres Individuales,45778.0,5,0.0,29.2,14.8,25200.0,255137.0
8606,Galletas y Brownies,77234.0,8,0.05,19.8,7.1,13650.0,600327.0
8607,Tortas Personalizadas,77676.0,14,0.2,19.9,1.0,4500.0,873834.0
8608,Panaderia Artesanal,46913.0,2,0.0,26.5,14.0,24000.0,117654.0
8609,Bebidas,53639.0,13,0.1,24.9,0.9,4350.0,633510.0
8610,Panaderia Artesanal,84722.0,10,0.1,29.4,5.3,10950.0,773982.0
8611,Tortas Personalizadas,28906.0,8,0.0,23.4,1.8,5700.0,240392.0
8612,Bebidas,30969.0,7,0.05,4.1,7.9,14850.0,220032.0
8613,Panaderia Artesanal,19622.0,13,0.0,23.3,1.0,4500.0,260194.0
8614,Tortas Personalizadas,76669.0,10,0.0,2.5,3.8,8700.0,775618.0
8615,Panaderia Artesanal,64559.0,14,0.1,9.4,7.2,13800.0,825579.0
8616,Galletas y Brownies,13451.0,8,0.1,18.4,1.6,5400.0,101071.0
8617,Tortas Personalizadas,83541.0,11,0.15,25.5,7.5,14250.0,796640.0
8618,Panaderia Artesanal,63477.0,3,0.05,9.5,4.3,9450.0,189911.0
8619,Galletas y Brownies,73042.0,8,0.0,13.5,4.4,9600.0,594872.0
8620,Galletas y Brownies,8852.0,6,0.1,17.8,14.1,24150.0,71867.0
8621,Tortas Personalizadas,45397.0,2,0.05,10.1,10.5,18750.0,103849.0
8622,Postres Individuales,60888.0,6,0.05,44.9,14.0,24000.0,369997.0
8623,Bebidas,48436.0,5,0.1,36.5,8.8,16200.0,232396.0
8624,Tortas Personalizadas,58332.0,3,0.15,36.8,13.7,23550.0,173809.0
8625,Galletas y Brownies,70430.0,1,0.0,26.2,12.6,21900.0,91858.0
8626,Galletas y Brownies,34947.0,7,0.0,43.3,15.0,25500.0,268719.0
8627,Tortas Personalizadas,72893.0,2,0.05,33.4,7.8,14700.0,152324.0
8628,Postres Individuales,18033.0,1,0.05,15.9,10.6,18900.0,33687.0
8629,Bebidas,26671.0,1,0.05,28.1,2.8,7200.0,33226.0
8630,Panaderia Artesanal,8468.0,7,0.0,25.2,14.1,24150.0,84035.0
8631,Tortas Personalizadas,34154.0,12,0.0,26.7,6.3,12450.0,423460.0
8632,Bebidas,35393.0,1,0.0,37.1,13.8,23700.0,58434.0
8633,Bebidas,69422.0,9,0.05,23.7,2.0,6000.0,598629.0
8634,Galletas y Brownies,57250.0,6,0.0,33.2,8.0,15000.0,358690.0
8635,Panaderia Artesanal,39938.0,4,0.05,12.4,0.5,3750.0,155240.0
8636,Tortas Personalizadas,57169.0,12,0.2,42.0,6.5,12750.0,559809.0
8637,Galletas y Brownies,9223.0,4,0.0,5.3,1.7,5550.0,44369.0
8638,Galletas y Brownies,19422.0,13,0.0,44.7,7.0,13500.0,265293.0
8639,Postres Individuales,55156.0,12,0.0,29.0,8.6,15900.0,679979.0
8640,Bebidas,56309.0,14,0.0,21.9,12.9,22350.0,808649.0
8641,Tortas Personalizadas,66931.0,5,0.0,15.0,4.8,10200.0,346359.0
8642,Tortas Personalizadas,37240.0,2,0.0,19.1,8.7,16050.0,90519.0
8643,Tortas Personalizadas,62804.0,5,0.05,35.5,1.5,5250.0,303769.0
8644,Galletas y Brownies,59718.0,2,0.0,7.6,13.7,23550.0,147154.0
8645,Postres Individuales,82071.0,12,0.1,12.5,7.1,13650.0,899000.0
8646,Panaderia Artesanal,22210.0,4,0.15,6.9,4.2,9300.0,85718.0
8647,Galletas y Brownies,49134.0,10,0.0,20.1,7.2,13800.0,506756.0
8648,Panaderia Artesanal,53141.0,11,0.1,18.3,7.5,14250.0,541667.0
8649,Postres Individuales,84892.0,14,0.0,29.7,11.3,19950.0,1208347.0
8650,Bebidas,21095.0,5,0.0,44.8,14.6,24900.0,129748.0
8651,Tortas Personalizadas,46857.0,6,0.05,40.3,3.2,7800.0,275207.0
8652,Panaderia Artesanal,32695.0,6,0.0,39.8,1.3,4950.0,202547.0
8653,Galletas y Brownies,47071.0,9,0.0,29.6,10.0,18000.0,442900.0
8654,Panaderia Artesanal,23570.0,4,0.0,13.3,13.3,22950.0,116467.0
8655,Bebidas,8809.0,13,0.15,18.2,8.7,16050.0,113060.0
8656,Tortas Personalizadas,50805.0,14,0.0,12.4,1.7,5550.0,716814.0
8657,Panaderia Artesanal,31868.0,5,0.1,7.4,6.6,12900.0,157034.0
8658,Bebidas,19555.0,6,0.1,20.5,10.0,18000.0,124332.0
8659,Galletas y Brownies,30915.0,4,0.0,40.5,5.3,10950.0,134252.0
8660,Postres Individuales,8942.0,6,0.0,33.9,12.8,22200.0,77675.0
8661,Galletas y Brownies,81035.0,2,0.0,44.3,3.8,8700.0,169942.0
8662,Tortas Personalizadas,51492.0,12,0.0,10.0,5.8,11700.0,631424.0
8663,Galletas y Brownies,70181.0,13,0.0,23.3,13.8,23700.0,936586.0
8664,Galletas y Brownies,38849.0,7,0.0,36.0,8.8,16200.0,289717.0
8665,Galletas y Brownies,77265.0,3,0.0,21.5,0.6,3900.0,237653.0
8666,Galletas y Brownies,43665.0,14,0.0,16.9,4.0,9000.0,619180.0
8667,Tortas Personalizadas,50916.0,10,0.05,37.0,11.4,20100.0,502293.0
8668,Bebidas,44344.0,4,0.0,20.2,1.3,4950.0,184842.0
8669,Panaderia Artesanal,63662.0,9,0.15,41.2,14.9,25350.0,514857.0
8670,Postres Individuales,50332.0,12,0.0,13.2,13.5,23250.0,627766.0
8671,Panaderia Artesanal,26728.0,13,0.05,40.5,3.7,8550.0,338674.0
8672,Panaderia Artesanal,16643.0,5,0.15,13.6,13.5,23250.0,91776.0
8673,Postres Individuales,53490.0,9,0.0,14.1,10.6,18900.0,499878.0
8674,Tortas Personalizadas,44134.0,10,0.05,19.8,6.7,13050.0,431612.0
8675,Postres Individuales,12678.0,13,0.0,23.9,3.3,7950.0,173931.0
8676,Tortas Personalizadas,36649.0,10,0.15,19.7,3.4,8100.0,320251.0
8677,Panaderia Artesanal,46182.0,10,0.05,39.0,9.1,16650.0,457991.0
8678,Tortas Personalizadas,71151.0,12,0.0,36.1,6.5,12750.0,863533.0
8679,Bebidas,11088.0,10,0.1,15.0,9.1,16650.0,117363.0
8680,Postres Individuales,32880.0,6,0.05,23.8,5.3,10950.0,197437.0
8681,Bebidas,70812.0,8,0.0,20.2,3.8,8700.0,575140.0
8682,Panaderia Artesanal,56874.0,5,0.1,3.9,12.6,21900.0,279338.0
8683,Postres Individuales,28197.0,5,0.05,34.0,13.8,23700.0,157321.0
8684,Panaderia Artesanal,72627.0,3,0.0,9.4,10.7,19050.0,241775.0
8685,Bebidas,44463.0,7,0.15,42.1,2.8,7200.0,271214.0
8686,Panaderia Artesanal,44868.0,2,0.0,18.8,1.8,5700.0,94808.0
8687,Postres Individuales,83127.0,11,0.05,28.6,8.3,15450.0,881474.0
8688,Postres Individuales,80769.0,12,0.0,37.1,8.5,15750.0,985559.0
8689,Panaderia Artesanal,33683.0,3,0.15,9.3,9.8,17700.0,103698.0
8690,Postres Individuales,16246.0,2,0.05,25.0,13.6,23400.0,52089.0
8691,Postres Individuales,31053.0,13,0.05,11.8,9.9,17850.0,400718.0
8692,Panaderia Artesanal,7439.0,8,0.2,23.7,13.8,23700.0,72317.0
8693,Bebidas,6661.0,4,0.0,26.7,2.2,6300.0,31156.0
8694,Postres Individuales,36642.0,10,0.0,8.9,10.8,19200.0,384467.0
8695,Postres Individuales,80282.0,8,0.05,26.8,13.9,23850.0,634304.0
8696,Postres Individuales,74709.0,8,0.0,21.3,7.2,13800.0,612340.0
8697,Postres Individuales,45915.0,8,0.0,24.2,14.5,24750.0,394052.0
8698,Panaderia Artesanal,50218.0,8,0.05,40.9,8.5,15750.0,402289.0
8699,Bebidas,5475.0,8,0.05,22.5,14.2,24300.0,65600.0
8700,Bebidas,22240.0,12,0.0,22.2,11.4,20100.0,284206.0
8701,Tortas Personalizadas,6982.0,9,0.15,22.0,7.1,13650.0,64515.0
8702,Postres Individuales,65363.0,2,0.05,28.6,1.0,4500.0,133359.0
8703,Postres Individuales,16652.0,9,0.15,17.5,10.0,18000.0,145132.0
8704,Tortas Personalizadas,74524.0,8,0.15,36.4,4.2,9300.0,518563.0
8705,Bebidas,56466.0,11,0.0,13.9,4.7,10050.0,632362.0
8706,Galletas y Brownies,23353.0,10,0.05,14.5,0.8,4200.0,224010.0
8707,Galletas y Brownies,17618.0,1,0.0,27.1,8.6,15900.0,32403.0
8708,Bebidas,55210.0,14,0.1,12.8,4.7,10050.0,709122.0
8709,Postres Individuales,77067.0,5,0.1,5.4,14.7,25050.0,370861.0
8710,Galletas y Brownies,62469.0,11,0.0,10.4,11.4,20100.0,707842.0
8711,Panaderia Artesanal,32884.0,2,0.15,41.2,5.7,11550.0,67479.0
8712,Panaderia Artesanal,51991.0,10,0.05,2.0,4.8,10200.0,500694.0
8713,Tortas Personalizadas,29861.0,5,0.15,7.3,10.9,19350.0,149482.0
8714,Bebidas,84932.0,13,0.0,34.5,4.2,9300.0,1111359.0
8715,Bebidas,64907.0,8,0.15,44.1,7.0,13500.0,454881.0
8716,Galletas y Brownies,54151.0,9,0.05,31.4,2.8,7200.0,468760.0
8717,Postres Individuales,38861.0,9,0.05,41.6,4.2,9300.0,343080.0
8718,Bebidas,54452.0,1,0.1,38.7,1.9,5850.0,55075.0
8719,Galletas y Brownies,32329.0,7,0.05,22.4,6.7,13050.0,230247.0
8720,Galletas y Brownies,7309.0,12,0.05,16.0,13.9,23850.0,110493.0
8721,Bebidas,36607.0,11,0.0,29.0,2.0,6000.0,410327.0
8722,Galletas y Brownies,79438.0,8,0.1,24.7,6.8,13200.0,585937.0
8723,Tortas Personalizadas,55104.0,10,0.05,2.6,4.8,10200.0,532756.0
8724,Tortas Personalizadas,11716.0,3,0.1,43.1,5.8,11700.0,42655.0
8725,Bebidas,75799.0,13,0.0,26.3,11.7,20550.0,1007238.0
8726,Postres Individuales,26510.0,6,0.0,39.5,6.8,13200.0,172296.0
8727,Tortas Personalizadas,24502.0,11,0.0,33.5,9.9,17850.0,289724.0
8728,Tortas Personalizadas,28767.0,3,0.1,16.3,14.6,24900.0,104944.0
8729,Bebidas,51176.0,9,0.0,40.7,9.4,17100.0,478216.0
8730,Panaderia Artesanal,48575.0,13,0.0,35.9,5.4,11100.0,641369.0
8731,Galletas y Brownies,44313.0,3,0.05,20.2,6.3,12450.0,138481.0
8732,Tortas Personalizadas,62403.0,2,0.0,38.1,10.6,18900.0,145141.0
8733,Panaderia Artesanal,30323.0,9,0.15,13.3,10.6,18900.0,249130.0
8734,Postres Individuales,67565.0,11,0.05,30.7,5.8,11700.0,719297.0
8735,Panaderia Artesanal,19026.0,13,0.2,6.5,11.0,19500.0,216169.0
8736,Bebidas,67610.0,14,0.0,39.2,8.5,15750.0,961408.0
8737,Postres Individuales,58105.0,8,0.0,33.2,14.7,25050.0,488785.0
8738,Postres Individuales,59657.0,8,0.0,8.1,13.7,23550.0,498989.0
8739,Panaderia Artesanal,43524.0,2,0.1,2.4,12.4,21600.0,102108.0
8740,Bebidas,58360.0,6,0.0,18.5,1.0,4500.0,355175.0
8741,Tortas Personalizadas,11384.0,13,0.0,30.9,6.0,12000.0,158749.0
8742,Panaderia Artesanal,73124.0,13,0.15,13.8,8.8,16200.0,823432.0
8743,Tortas Personalizadas,9444.0,5,0.0,43.8,8.1,15150.0,64525.0
8744,Panaderia Artesanal,16899.0,14,0.1,42.2,11.6,20400.0,232953.0
8745,Tortas Personalizadas,51143.0,12,0.1,27.5,13.7,23550.0,577038.0
8746,Panaderia Artesanal,64153.0,2,0.0,15.2,11.9,20850.0,148850.0
8747,Postres Individuales,11100.0,5,0.05,40.5,3.7,8550.0,62501.0
8748,Galletas y Brownies,78661.0,4,0.05,36.5,7.5,14250.0,311966.0
8749,Postres Individuales,82889.0,9,0.0,5.2,6.2,12300.0,756843.0
8750,Tortas Personalizadas,53476.0,12,0.0,22.2,11.6,20400.0,661992.0
8751,Bebidas,43499.0,1,0.1,44.2,13.5,23250.0,63469.0
8752,Postres Individuales,64312.0,6,0.0,21.2,4.7,10050.0,395268.0
8753,Galletas y Brownies,31269.0,7,0.05,42.1,7.6,14400.0,222034.0
8754,Tortas Personalizadas,44461.0,12,0.05,44.0,11.1,19650.0,526755.0
8755,Postres Individuales,78292.0,6,0.0,18.4,1.2,4800.0,473728.0
8756,Panaderia Artesanal,81452.0,5,0.15,43.5,14.5,24750.0,369896.0
8757,Bebidas,79166.0,12,0.0,7.5,12.1,21150.0,971429.0
8758,Tortas Personalizadas,25996.0,4,0.0,8.5,8.4,15600.0,121555.0
8759,Postres Individuales,23598.0,5,0.05,13.5,11.8,20700.0,131724.0
8760,Tortas Personalizadas,28813.0,9,0.0,21.8,12.6,21900.0,280803.0
8761,Panaderia Artesanal,40305.0,5,0.05,9.4,7.7,14550.0,206677.0
8762,Galletas y Brownies,30133.0,10,0.15,16.3,6.9,13350.0,269807.0
8763,Postres Individuales,34937.0,8,0.0,6.0,12.6,21900.0,303501.0
8764,Tortas Personalizadas,54651.0,7,0.0,20.2,13.0,22500.0,405027.0
8765,Tortas Personalizadas,66002.0,4,0.0,37.5,2.3,6450.0,268417.0
8766,Tortas Personalizadas,63845.0,10,0.1,27.4,13.7,23550.0,596388.0
8767,Galletas y Brownies,70154.0,5,0.0,36.7,4.5,9750.0,362439.0
8768,Tortas Personalizadas,7575.0,7,0.0,7.4,10.2,18300.0,69502.0
8769,Bebidas,8819.0,6,0.05,18.9,10.8,19200.0,69246.0
8770,Bebidas,68151.0,13,0.0,3.2,4.6,9900.0,894240.0
8771,Tortas Personalizadas,47646.0,3,0.0,17.6,4.9,10350.0,153334.0
8772,Bebidas,51251.0,10,0.15,28.2,10.7,19050.0,455096.0
8773,Postres Individuales,9207.0,3,0.0,26.2,3.0,7500.0,35608.0
8774,Bebidas,25425.0,2,0.0,4.1,12.9,22350.0,73036.0
8775,Tortas Personalizadas,56068.0,14,0.0,4.2,3.7,8550.0,791451.0
8776,Panaderia Artesanal,73735.0,3,0.15,14.8,5.6,11400.0,198584.0
8777,Postres Individuales,78359.0,11,0.0,35.1,4.4,9600.0,870635.0
8778,Galletas y Brownies,45034.0,10,0.0,2.4,4.1,9150.0,460981.0
8779,Tortas Personalizadas,48638.0,13,0.0,28.3,14.7,25050.0,656464.0
8780,Galletas y Brownies,71644.0,1,0.2,9.5,4.2,9300.0,63767.0
8781,Panaderia Artesanal,48010.0,13,0.0,42.6,8.9,16350.0,641765.0
8782,Galletas y Brownies,46349.0,9,0.0,20.2,11.3,19950.0,437817.0
8783,Tortas Personalizadas,77407.0,2,0.05,3.6,1.1,4650.0,150781.0
8784,Tortas Personalizadas,68195.0,12,0.0,32.5,13.3,22950.0,839414.0
8785,Panaderia Artesanal,77726.0,13,0.1,22.6,2.7,7050.0,915757.0
8786,Tortas Personalizadas,22460.0,3,0.1,39.8,9.0,16500.0,77136.0
8787,Panaderia Artesanal,46950.0,5,0.0,29.9,9.8,17700.0,253342.0
8788,Panaderia Artesanal,72398.0,10,0.05,31.6,9.6,17400.0,707846.0
8789,Tortas Personalizadas,13892.0,12,0.0,34.9,11.1,19650.0,186823.0
8790,Bebidas,68573.0,4,0.0,19.8,14.0,24000.0,299302.0
8791,Panaderia Artesanal,19638.0,13,0.1,36.0,13.9,23850.0,251232.0
8792,Tortas Personalizadas,69650.0,5,0.0,3.7,8.9,16350.0,362953.0
8793,Bebidas,53960.0,6,0.0,34.8,5.9,11850.0,337270.0
8794,Panaderia Artesanal,20459.0,5,0.0,29.2,5.2,10800.0,111130.0
8795,Bebidas,42868.0,10,0.15,26.1,13.4,23100.0,386337.0
8796,Postres Individuales,59552.0,1,0.15,15.3,12.9,22350.0,73542.0
8797,Postres Individuales,55708.0,6,0.0,6.5,4.8,10200.0,345011.0
8798,Bebidas,39180.0,9,0.0,29.7,2.7,7050.0,358295.0
8799,Panaderia Artesanal,76949.0,3,0.2,22.0,13.0,22500.0,209509.0
8800,Tortas Personalizadas,46541.0,2,0.05,11.0,9.3,16950.0,103675.0
8801,Galletas y Brownies,45469.0,6,0.0,3.4,5.0,10500.0,283763.0
8802,Tortas Personalizadas,9980.0,12,0.1,24.9,9.4,17100.0,127521.0
8803,Galletas y Brownies,78770.0,14,0.0,7.0,1.5,5250.0,1108546.0
8804,Galletas y Brownies,19169.0,3,0.05,41.9,3.3,7950.0,60129.0
8805,Panaderia Artesanal,47268.0,4,0.15,8.1,8.4,15600.0,177716.0
8806,Bebidas,69285.0,6,0.0,2.9,8.3,15450.0,430879.0
8807,Tortas Personalizadas,22236.0,12,0.05,12.9,4.1,9150.0,263692.0
8808,Bebidas,47190.0,13,0.05,9.1,14.7,25050.0,609969.0
8809,Postres Individuales,24255.0,12,0.2,35.9,6.5,12750.0,243189.0
8810,Panaderia Artesanal,65776.0,6,0.0,14.1,10.8,19200.0,414518.0
8811,Panaderia Artesanal,50147.0,12,0.15,12.2,4.2,9300.0,522652.0
8812,Postres Individuales,73478.0,2,0.0,44.8,6.7,13050.0,160539.0
8813,Tortas Personalizadas,76565.0,13,0.0,8.0,12.6,21900.0,1019511.0
8814,Postres Individuales,56899.0,13,0.0,5.2,12.8,22200.0,762202.0
8815,Tortas Personalizadas,63031.0,3,0.15,14.8,2.5,6750.0,170018.0
8816,Galletas y Brownies,48938.0,13,0.0,19.1,5.6,11400.0,645140.0
8817,Panaderia Artesanal,35754.0,9,0.15,34.6,3.4,8100.0,282973.0
8818,Tortas Personalizadas,56849.0,2,0.0,43.1,13.4,23100.0,133007.0
8819,Bebidas,77663.0,3,0.1,34.7,11.4,20100.0,230306.0
8820,Bebidas,38334.0,9,0.0,33.1,8.7,16050.0,359316.0
8821,Panaderia Artesanal,30153.0,4,0.0,44.6,9.9,17850.0,139690.0
8822,Postres Individuales,36075.0,1,0.05,34.8,13.8,23700.0,57364.0
8823,Postres Individuales,39832.0,11,0.05,7.6,4.9,10350.0,426746.0
8824,Tortas Personalizadas,10885.0,13,0.0,21.6,0.7,4050.0,144622.0
8825,Postres Individuales,44875.0,2,0.05,23.4,0.9,4350.0,92343.0
8826,Panaderia Artesanal,44545.0,3,0.0,14.8,1.2,4800.0,138128.0
8827,Tortas Personalizadas,52076.0,9,0.05,8.6,2.4,6600.0,450559.0
8828,Galletas y Brownies,34026.0,9,0.0,32.5,8.8,16200.0,320204.0
8829,Postres Individuales,54049.0,11,0.0,13.6,14.7,25050.0,618240.0
8830,Postres Individuales,75257.0,6,0.15,28.7,6.6,12900.0,395178.0
8831,Tortas Personalizadas,81438.0,14,0.0,15.5,10.8,19200.0,1159341.0
8832,Bebidas,51689.0,11,0.1,23.5,12.0,21000.0,532313.0
8833,Postres Individuales,8407.0,6,0.0,16.2,12.1,21150.0,68325.0
8834,Panaderia Artesanal,82539.0,3,0.0,19.4,6.9,13350.0,260359.0
8835,Postres Individuales,61469.0,5,0.0,33.3,8.5,15750.0,319690.0
8836,Galletas y Brownies,31877.0,11,0.0,39.9,5.3,10950.0,362861.0
8837,Postres Individuales,16773.0,4,0.0,23.6,10.5,18750.0,85542.0
8838,Bebidas,16473.0,10,0.0,28.0,6.1,12150.0,174895.0
8839,Postres Individuales,18420.0,10,0.0,39.1,5.0,10500.0,194330.0
8840,Tortas Personalizadas,8646.0,12,0.0,7.7,9.6,17400.0,122629.0
8841,Postres Individuales,77172.0,9,0.15,8.6,5.4,11100.0,601074.0
8842,Bebidas,48261.0,9,0.0,17.1,6.4,12600.0,447054.0
8843,Tortas Personalizadas,60997.0,1,0.05,14.9,10.8,19200.0,78426.0
8844,Panaderia Artesanal,71249.0,8,0.0,44.4,12.9,22350.0,591471.0
8845,Tortas Personalizadas,68323.0,9,0.1,26.0,6.8,13200.0,565267.0
8846,Galletas y Brownies,75608.0,5,0.0,24.3,8.1,15150.0,391879.0
8847,Tortas Personalizadas,82380.0,4,0.0,26.7,11.3,19950.0,350715.0
8848,Panaderia Artesanal,40126.0,10,0.0,39.6,3.8,8700.0,410278.0
8849,Postres Individuales,81027.0,4,0.0,12.1,6.5,12750.0,337662.0
8850,Tortas Personalizadas,62863.0,2,0.15,23.7,12.3,21450.0,126411.0
8851,Tortas Personalizadas,10653.0,9,0.0,13.3,13.5,23250.0,121637.0
8852,Tortas Personalizadas,59543.0,5,0.15,35.5,9.9,17850.0,272484.0
8853,Tortas Personalizadas,59937.0,11,0.15,35.3,6.2,12300.0,571120.0
8854,Panaderia Artesanal,77469.0,3,0.0,43.1,9.3,16950.0,250130.0
8855,Bebidas,34835.0,6,0.0,20.9,3.1,7650.0,215258.0
8856,Bebidas,51793.0,9,0.15,8.4,0.9,4350.0,398201.0
8857,Tortas Personalizadas,5975.0,9,0.0,40.5,1.6,5400.0,59776.0
8858,Panaderia Artesanal,31566.0,12,0.1,40.2,2.1,6150.0,347403.0
8859,Panaderia Artesanal,9979.0,13,0.15,11.7,3.8,8700.0,119831.0
8860,Tortas Personalizadas,46750.0,5,0.1,13.5,7.2,13800.0,225570.0
8861,Galletas y Brownies,70396.0,8,0.1,15.1,3.9,8850.0,516913.0
8862,Tortas Personalizadas,21515.0,4,0.1,21.2,9.0,16500.0,94098.0
8863,Galletas y Brownies,47195.0,5,0.05,37.6,15.0,25500.0,249568.0
8864,Tortas Personalizadas,21321.0,7,0.0,7.8,7.7,14550.0,165777.0
8865,Galletas y Brownies,14655.0,7,0.0,32.0,11.5,20250.0,122320.0
8866,Galletas y Brownies,45880.0,13,0.1,16.8,4.7,10050.0,548471.0
8867,Tortas Personalizadas,11332.0,7,0.15,10.0,14.5,24750.0,89218.0
8868,Galletas y Brownies,51988.0,8,0.05,16.2,4.1,9150.0,403411.0
8869,Postres Individuales,7507.0,11,0.05,24.7,9.2,16800.0,95174.0
8870,Bebidas,13537.0,5,0.0,41.6,14.8,25200.0,93834.0
8871,Panaderia Artesanal,49000.0,1,0.15,28.8,12.2,21300.0,64164.0
8872,Galletas y Brownies,52313.0,11,0.0,27.9,14.9,25350.0,602373.0
8873,Galletas y Brownies,7319.0,9,0.05,6.2,6.0,12000.0,74909.0
8874,Panaderia Artesanal,50870.0,9,0.15,5.0,1.6,5400.0,394344.0
8875,Galletas y Brownies,72080.0,7,0.0,7.1,4.0,9000.0,515276.0
8876,Panaderia Artesanal,62785.0,12,0.2,5.7,14.4,24600.0,627552.0
8877,Tortas Personalizadas,15495.0,6,0.2,26.6,5.9,11850.0,88124.0
8878,Postres Individuales,52398.0,13,0.15,21.2,2.3,6450.0,586235.0
8879,Postres Individuales,58780.0,13,0.0,1.7,9.1,16650.0,780811.0
8880,Bebidas,7978.0,5,0.0,16.8,7.8,14700.0,55954.0
8881,Galletas y Brownies,73428.0,5,0.1,7.0,1.4,5100.0,335938.0
8882,Bebidas,77501.0,3,0.0,44.5,7.1,13650.0,246534.0
8883,Tortas Personalizadas,73036.0,10,0.0,21.5,9.7,17550.0,746678.0
8884,Postres Individuales,70971.0,1,0.15,20.0,3.9,8850.0,68896.0
8885,Tortas Personalizadas,64597.0,6,0.05,29.5,2.3,6450.0,373917.0
8886,Tortas Personalizadas,55675.0,8,0.0,17.0,13.0,22500.0,468288.0
8887,Galletas y Brownies,59290.0,14,0.0,32.6,9.6,17400.0,847746.0
8888,Tortas Personalizadas,69512.0,2,0.1,40.9,2.8,7200.0,132064.0
8889,Postres Individuales,58000.0,8,0.15,23.2,9.6,17400.0,411600.0
8890,Bebidas,31218.0,8,0.0,18.2,11.2,19800.0,270214.0
8891,Postres Individuales,35077.0,10,0.0,24.2,9.2,16800.0,364934.0
8892,Galletas y Brownies,76765.0,8,0.05,27.8,2.2,6300.0,587527.0
8893,Postres Individuales,6370.0,10,0.0,38.4,2.3,6450.0,69891.0
8894,Panaderia Artesanal,60906.0,3,0.0,18.7,1.2,4800.0,189373.0
8895,Bebidas,81382.0,10,0.05,3.7,3.9,8850.0,784131.0
8896,Panaderia Artesanal,61498.0,8,0.0,28.9,1.4,5100.0,494882.0
8897,Panaderia Artesanal,84513.0,11,0.05,44.4,12.2,21300.0,909174.0
8898,Galletas y Brownies,60004.0,12,0.1,38.7,0.7,4050.0,650758.0
8899,Tortas Personalizadas,7749.0,12,0.0,34.5,8.9,16350.0,107855.0
8900,Panaderia Artesanal,71161.0,14,0.15,9.2,12.2,21300.0,864624.0
8901,Postres Individuales,27770.0,4,0.1,34.1,13.5,23250.0,122246.0
8902,Tortas Personalizadas,40685.0,3,0.05,5.0,6.4,12600.0,128044.0
8903,Postres Individuales,29967.0,11,0.0,23.0,9.5,17250.0,349195.0
8904,Postres Individuales,26484.0,9,0.15,17.6,14.3,24450.0,228276.0
8905,Tortas Personalizadas,39512.0,8,0.15,40.9,10.2,18300.0,288639.0
8906,Tortas Personalizadas,35300.0,10,0.0,8.5,13.6,23400.0,379236.0
8907,Postres Individuales,55667.0,13,0.05,35.8,10.4,18600.0,709435.0
8908,Galletas y Brownies,70052.0,13,0.0,3.6,1.5,5250.0,918876.0
8909,Bebidas,28767.0,2,0.0,32.0,3.4,8100.0,66188.0
8910,Bebidas,22098.0,13,0.0,14.3,14.1,24150.0,310817.0
8911,Galletas y Brownies,58352.0,13,0.0,44.0,12.7,22050.0,782160.0
8912,Tortas Personalizadas,58626.0,13,0.0,30.7,6.6,12900.0,773925.0
8913,Postres Individuales,77090.0,14,0.0,14.9,2.8,7200.0,1087378.0
8914,Bebidas,6276.0,8,0.15,11.7,2.8,7200.0,49559.0
8915,Postres Individuales,73243.0,11,0.1,29.3,13.6,23400.0,747669.0
8916,Galletas y Brownies,46680.0,11,0.2,13.4,2.9,7350.0,415631.0
8917,Postres Individuales,54704.0,3,0.0,9.6,6.1,12150.0,176953.0
8918,Galletas y Brownies,12310.0,10,0.05,29.7,13.6,23400.0,138931.0
8919,Tortas Personalizadas,39609.0,12,0.1,33.0,1.0,4500.0,433210.0
8920,Galletas y Brownies,23184.0,14,0.05,11.9,9.6,17400.0,325542.0
8921,Galletas y Brownies,25338.0,6,0.0,24.8,5.6,11400.0,163376.0
8922,Bebidas,45328.0,5,0.0,30.4,2.1,6150.0,232568.0
8923,Postres Individuales,69996.0,8,0.15,42.5,8.7,16050.0,489912.0
8924,Bebidas,64502.0,9,0.0,36.4,7.5,14250.0,593723.0
8925,Panaderia Artesanal,52280.0,11,0.0,19.8,1.9,5850.0,579638.0
8926,Galletas y Brownies,48153.0,7,0.0,38.2,4.4,9600.0,345354.0
8927,Panaderia Artesanal,39184.0,6,0.15,20.7,11.2,19800.0,218270.0
8928,Bebidas,82817.0,6,0.0,7.2,11.5,20250.0,515683.0
8929,Postres Individuales,49815.0,1,0.05,16.3,9.2,16800.0,62933.0
8930,Bebidas,25317.0,5,0.0,36.5,2.1,6150.0,131637.0
8931,Postres Individuales,23407.0,14,0.05,43.1,12.9,22350.0,334471.0
8932,Postres Individuales,53908.0,8,0.05,44.3,3.0,7500.0,417480.0
8933,Tortas Personalizadas,46826.0,6,0.0,29.3,11.0,19500.0,299025.0
8934,Galletas y Brownies,5616.0,12,0.2,22.3,1.1,4650.0,57946.0
8935,Bebidas,71405.0,1,0.1,8.5,5.3,10950.0,72439.0
8936,Postres Individuales,61330.0,5,0.0,6.0,7.4,14100.0,320983.0
8937,Bebidas,57946.0,13,0.0,24.1,0.9,4350.0,757260.0
8938,Bebidas,10502.0,11,0.0,33.2,3.0,7500.0,121626.0
8939,Postres Individuales,33964.0,12,0.15,15.6,5.1,10650.0,360232.0
8940,Panaderia Artesanal,79831.0,5,0.0,30.8,14.7,25050.0,423812.0
8941,Galletas y Brownies,74007.0,12,0.0,26.3,11.8,20700.0,909455.0
8942,Galletas y Brownies,27843.0,3,0.0,42.4,12.7,22050.0,105071.0
8943,Tortas Personalizadas,17565.0,8,0.0,10.6,10.2,18300.0,157106.0
8944,Tortas Personalizadas,40927.0,9,0.0,27.2,4.7,10050.0,378669.0
8945,Tortas Personalizadas,33466.0,6,0.05,19.5,10.8,19200.0,209190.0
8946,Galletas y Brownies,59578.0,6,0.0,12.9,10.3,18450.0,376959.0
8947,Panaderia Artesanal,82315.0,2,0.15,17.0,9.3,16950.0,156426.0
8948,Galletas y Brownies,34040.0,10,0.15,14.3,4.8,10200.0,299148.0
8949,Galletas y Brownies,9978.0,2,0.0,24.5,4.3,9450.0,30943.0
8950,Galletas y Brownies,76809.0,6,0.05,25.8,5.4,11100.0,449118.0
8951,Galletas y Brownies,8036.0,12,0.05,39.2,5.0,10500.0,102370.0
8952,Panaderia Artesanal,81221.0,8,0.05,35.5,1.6,5400.0,623040.0
8953,Tortas Personalizadas,58166.0,2,0.0,14.7,12.1,21150.0,138850.0
8954,Bebidas,80335.0,9,0.0,42.0,5.9,11850.0,738592.0
8955,Tortas Personalizadas,20973.0,13,0.15,39.3,10.7,19050.0,250122.0
8956,Tortas Personalizadas,8256.0,12,0.0,28.7,4.6,9900.0,108784.0
8957,Bebidas,44057.0,14,0.05,2.3,9.2,16800.0,601716.0
8958,Galletas y Brownies,41050.0,9,0.05,10.6,1.0,4500.0,355044.0
8959,Panaderia Artesanal,31519.0,14,0.0,35.8,2.0,6000.0,447795.0
8960,Panaderia Artesanal,81613.0,4,0.1,21.2,5.8,11700.0,306252.0
8961,Tortas Personalizadas,70807.0,4,0.15,7.0,4.4,9600.0,252038.0
8962,Bebidas,57927.0,4,0.0,19.3,5.6,11400.0,242551.0
8963,Postres Individuales,18029.0,11,0.15,10.7,14.0,24000.0,193143.0
8964,Galletas y Brownies,63746.0,5,0.0,40.3,1.6,5400.0,322762.0
8965,Tortas Personalizadas,63161.0,8,0.1,40.2,7.2,13800.0,467365.0
8966,Panaderia Artesanal,39005.0,2,0.05,18.3,3.4,8100.0,83544.0
8967,Bebidas,78983.0,11,0.05,7.5,5.7,11550.0,836468.0
8968,Bebidas,18358.0,5,0.0,17.1,10.3,18450.0,109210.0
8969,Tortas Personalizadas,26387.0,14,0.0,7.1,14.6,24900.0,392014.0
8970,Postres Individuales,10058.0,2,0.15,14.7,10.6,18900.0,37472.0
8971,Panaderia Artesanal,68636.0,11,0.0,35.0,13.3,22950.0,775358.0
8972,Tortas Personalizadas,54741.0,11,0.05,14.2,2.6,6900.0,576611.0
8973,Postres Individuales,30195.0,8,0.15,25.2,3.1,7650.0,213843.0
8974,Bebidas,18105.0,1,0.0,6.7,13.2,22800.0,40569.0
8975,Galletas y Brownies,8212.0,7,0.0,16.6,9.3,16950.0,74996.0
8976,Panaderia Artesanal,18340.0,3,0.15,3.2,12.0,21000.0,67329.0
8977,Panaderia Artesanal,41263.0,4,0.15,25.3,3.7,8550.0,150157.0
8978,Postres Individuales,24774.0,14,0.0,16.6,5.6,11400.0,360043.0
8979,Tortas Personalizadas,25719.0,8,0.05,39.4,1.7,5550.0,202981.0
8980,Bebidas,75046.0,3,0.2,18.6,13.5,23250.0,203021.0
8981,Postres Individuales,46211.0,12,0.0,25.8,14.4,24600.0,577446.0
8982,Galletas y Brownies,63340.0,13,0.0,44.0,12.9,22350.0,845734.0
8983,Galletas y Brownies,7857.0,13,0.05,29.5,6.8,13200.0,108979.0
8984,Galletas y Brownies,34213.0,7,0.0,23.3,5.4,11100.0,249723.0
8985,Postres Individuales,43334.0,12,0.05,5.8,7.2,13800.0,510649.0
8986,Bebidas,19913.0,1,0.1,37.2,9.7,17550.0,36745.0
8987,Panaderia Artesanal,14615.0,9,0.0,29.4,6.8,13200.0,144310.0
8988,Tortas Personalizadas,74624.0,13,0.15,6.2,6.6,12900.0,837344.0
8989,Panaderia Artesanal,80155.0,6,0.0,12.2,6.8,13200.0,493381.0
8990,Bebidas,11305.0,3,0.0,24.9,11.3,19950.0,54137.0
8991,Panaderia Artesanal,32921.0,7,0.0,3.5,11.9,20850.0,250648.0
8992,Postres Individuales,81663.0,13,0.1,32.7,13.1,22650.0,979728.0
8993,Galletas y Brownies,11653.0,5,0.0,11.4,4.0,9000.0,67247.0
8994,Bebidas,56491.0,8,0.0,22.8,2.8,7200.0,457795.0
8995,Bebidas,82778.0,8,0.2,12.0,5.5,11250.0,543197.0
8996,Panaderia Artesanal,83258.0,12,0.2,22.8,6.6,12900.0,812881.0
8997,Postres Individuales,42698.0,9,0.0,9.8,10.7,19050.0,403913.0
8998,Panaderia Artesanal,18020.0,6,0.0,27.3,11.5,20250.0,125611.0
8999,Panaderia Artesanal,21167.0,4,0.05,41.1,14.8,25200.0,105562.0
9000,Bebidas,76168.0,13,0.05,36.6,6.0,12000.0,951590.0
9001,Panaderia Artesanal,77935.0,2,0.15,12.0,6.3,12450.0,140690.0
9002,Galletas y Brownies,53630.0,3,0.0,23.2,8.4,15600.0,176358.0
9003,Panaderia Artesanal,66294.0,5,0.0,19.9,12.4,21600.0,352859.0
9004,Galletas y Brownies,64195.0,8,0.05,43.5,10.1,18150.0,507909.0
9005,Bebidas,57946.0,12,0.05,36.2,8.8,16200.0,675928.0
9006,Postres Individuales,71182.0,10,0.1,6.2,9.9,17850.0,657264.0
9007,Galletas y Brownies,59833.0,2,0.15,8.8,7.2,13800.0,114493.0
9008,Postres Individuales,47720.0,5,0.05,32.0,11.5,20250.0,247292.0
9009,Postres Individuales,23957.0,14,0.0,8.5,1.6,5400.0,342524.0
9010,Galletas y Brownies,64511.0,9,0.05,42.8,7.9,14850.0,566417.0
9011,Bebidas,42875.0,2,0.0,44.7,12.2,21300.0,106183.0
9012,Tortas Personalizadas,28583.0,8,0.0,35.4,4.9,10350.0,238739.0
9013,Postres Individuales,69156.0,3,0.2,2.7,12.7,22050.0,189004.0
9014,Postres Individuales,60737.0,8,0.05,22.5,11.9,20850.0,484194.0
9015,Bebidas,79987.0,4,0.0,19.2,8.9,16350.0,338072.0
9016,Bebidas,18235.0,4,0.0,36.3,4.2,9300.0,82072.0
9017,Panaderia Artesanal,56935.0,12,0.0,14.0,13.0,22500.0,706413.0
9018,Bebidas,24539.0,7,0.0,18.3,0.9,4350.0,177329.0
9019,Postres Individuales,77287.0,5,0.1,5.6,9.1,16650.0,364335.0
9020,Galletas y Brownies,12960.0,4,0.05,16.4,11.8,20700.0,70969.0
9021,Tortas Personalizadas,57493.0,7,0.0,43.9,7.5,14250.0,417852.0
9022,Panaderia Artesanal,68287.0,12,0.0,42.5,2.0,6000.0,826241.0
9023,Galletas y Brownies,33393.0,3,0.0,34.1,12.6,21900.0,123294.0
9024,Tortas Personalizadas,81331.0,9,0.0,41.0,13.7,23550.0,758631.0
9025,Tortas Personalizadas,73058.0,14,0.0,10.7,8.7,16050.0,1037625.0
9026,Tortas Personalizadas,28569.0,13,0.1,28.5,11.9,20850.0,357079.0
9027,Galletas y Brownies,5603.0,5,0.1,23.2,9.4,17100.0,42604.0
9028,Panaderia Artesanal,28733.0,12,0.2,19.9,8.8,16200.0,291955.0
9029,Panaderia Artesanal,27505.0,3,0.05,15.6,2.4,6600.0,84158.0
9030,Tortas Personalizadas,76197.0,2,0.05,39.2,6.8,13200.0,158391.0
9031,Galletas y Brownies,82370.0,7,0.0,22.6,10.3,18450.0,594259.0
9032,Tortas Personalizadas,10635.0,12,0.0,33.0,7.1,13650.0,141027.0
9033,Bebidas,42704.0,7,0.05,32.2,9.5,17250.0,299054.0
9034,Panaderia Artesanal,48867.0,12,0.0,7.4,13.5,23250.0,609811.0
9035,Postres Individuales,12433.0,13,0.1,3.6,5.8,11700.0,155813.0
9036,Tortas Personalizadas,35200.0,5,0.0,38.0,12.5,21750.0,197500.0
9037,Bebidas,30367.0,4,0.2,22.8,0.9,4350.0,101539.0
9038,Panaderia Artesanal,47885.0,13,0.0,36.7,12.9,22350.0,643470.0
9039,Galletas y Brownies,57895.0,11,0.0,14.4,2.0,6000.0,641438.0
9040,Panaderia Artesanal,61279.0,2,0.15,39.0,5.2,10800.0,114305.0
9041,Galletas y Brownies,15940.0,2,0.0,37.6,7.9,14850.0,45724.0
9042,Galletas y Brownies,70036.0,7,0.15,18.1,9.9,17850.0,434749.0
9043,Tortas Personalizadas,59283.0,10,0.0,19.4,14.3,24450.0,617070.0
9044,Tortas Personalizadas,76126.0,7,0.05,16.8,5.0,10500.0,518126.0
9045,Panaderia Artesanal,40947.0,4,0.0,3.0,1.7,5550.0,169462.0
9046,Bebidas,76511.0,14,0.0,31.4,7.2,13800.0,1085447.0
9047,Panaderia Artesanal,74262.0,4,0.1,13.4,5.5,11250.0,278446.0
9048,Postres Individuales,40073.0,4,0.0,40.0,9.2,16800.0,174761.0
9049,Galletas y Brownies,35491.0,11,0.0,40.5,13.9,23850.0,414082.0
9050,Galletas y Brownies,79625.0,2,0.1,32.9,9.8,17700.0,158021.0
9051,Tortas Personalizadas,62213.0,13,0.15,9.4,8.9,16350.0,703099.0
9052,Bebidas,79260.0,13,0.0,5.4,4.1,9150.0,1040385.0
9053,Tortas Personalizadas,68758.0,9,0.0,37.0,4.3,9450.0,626555.0
9054,Postres Individuales,53744.0,1,0.1,40.3,6.8,13200.0,58356.0
9055,Panaderia Artesanal,14268.0,8,0.1,16.8,13.4,23100.0,124699.0
9056,Panaderia Artesanal,28318.0,6,0.2,16.9,8.9,16350.0,152510.0
9057,Bebidas,82507.0,13,0.0,18.5,7.7,14550.0,1086459.0
9058,Tortas Personalizadas,30554.0,10,0.05,37.5,8.4,15600.0,303906.0
9059,Tortas Personalizadas,12460.0,7,0.0,32.3,12.6,21900.0,108358.0
9060,Postres Individuales,61604.0,12,0.0,6.8,10.3,18450.0,758451.0
9061,Panaderia Artesanal,63720.0,5,0.0,29.1,13.9,23850.0,341944.0
9062,Tortas Personalizadas,27837.0,6,0.0,1.9,8.9,16350.0,184573.0
9063,Bebidas,28814.0,6,0.05,32.4,3.3,7950.0,171357.0
9064,Panaderia Artesanal,42511.0,13,0.0,34.8,0.8,4200.0,554582.0
9065,Postres Individuales,6743.0,9,0.15,37.0,5.1,10650.0,64739.0
9066,Bebidas,68146.0,10,0.1,28.7,1.4,5100.0,618989.0
9067,Galletas y Brownies,30367.0,13,0.0,9.4,6.4,12600.0,409378.0
9068,Postres Individuales,73301.0,4,0.15,36.0,3.2,7800.0,256878.0
9069,Bebidas,69210.0,12,0.2,40.6,6.4,12600.0,676599.0
9070,Tortas Personalizadas,57912.0,11,0.05,29.1,6.3,12450.0,619754.0
9071,Galletas y Brownies,30990.0,12,0.0,13.5,4.5,9750.0,383942.0
9072,Postres Individuales,46305.0,13,0.0,9.3,10.0,18000.0,617973.0
9073,Tortas Personalizadas,40586.0,5,0.0,11.6,6.8,13200.0,215202.0
9074,Galletas y Brownies,32111.0,4,0.0,2.2,13.5,23250.0,150341.0
9075,Panaderia Artesanal,72851.0,1,0.0,1.9,1.6,5400.0,79217.0
9076,Tortas Personalizadas,43681.0,10,0.05,14.4,6.5,12750.0,426574.0
9077,Bebidas,71618.0,6,0.0,41.6,11.8,20700.0,451166.0
9078,Postres Individuales,13417.0,5,0.0,28.5,7.7,14550.0,82859.0
9079,Galletas y Brownies,16282.0,4,0.0,18.3,14.5,24750.0,92682.0
9080,Tortas Personalizadas,83186.0,6,0.0,2.0,3.0,7500.0,504967.0
9081,Panaderia Artesanal,52021.0,12,0.0,44.6,5.1,10650.0,636655.0
9082,Postres Individuales,45782.0,5,0.0,21.3,2.2,6300.0,234863.0
9083,Postres Individuales,46852.0,3,0.1,44.6,4.1,9150.0,138528.0
9084,Tortas Personalizadas,22222.0,2,0.05,32.8,10.3,18450.0,62247.0
9085,Panaderia Artesanal,62496.0,13,0.0,3.7,7.6,14400.0,828275.0
9086,Galletas y Brownies,11782.0,6,0.15,38.9,2.8,7200.0,66169.0
9087,Tortas Personalizadas,50866.0,4,0.1,24.6,7.4,14100.0,196924.0
9088,Galletas y Brownies,50662.0,11,0.0,21.2,12.8,22200.0,580095.0
9089,Postres Individuales,78135.0,13,0.0,34.5,6.9,13350.0,1028262.0
9090,Galletas y Brownies,47095.0,10,0.0,35.2,0.7,4050.0,476020.0
9091,Panaderia Artesanal,15965.0,3,0.0,36.1,1.3,4950.0,55549.0
9092,Bebidas,50820.0,14,0.0,34.6,6.9,13350.0,723892.0
9093,Panaderia Artesanal,12306.0,8,0.05,29.4,9.1,16650.0,109107.0
9094,Galletas y Brownies,21304.0,12,0.15,30.9,13.4,23100.0,239525.0
9095,Tortas Personalizadas,7489.0,9,0.0,38.8,14.7,25050.0,94676.0
9096,Postres Individuales,46063.0,7,0.0,31.5,14.7,25050.0,347197.0
9097,Bebidas,11763.0,2,0.0,5.9,8.6,15900.0,41860.0
9098,Tortas Personalizadas,42552.0,8,0.15,29.6,1.0,4500.0,295013.0
9099,Tortas Personalizadas,79636.0,11,0.0,8.9,3.6,8400.0,885063.0
9100,Panaderia Artesanal,62581.0,13,0.0,2.1,6.8,13200.0,829591.0
9101,Galletas y Brownies,11193.0,13,0.0,10.8,13.3,22950.0,167338.0
9102,Panaderia Artesanal,22937.0,11,0.05,8.2,0.8,4200.0,241251.0
9103,Galletas y Brownies,58893.0,5,0.0,5.9,7.9,14850.0,308261.0
9104,Panaderia Artesanal,76576.0,11,0.1,10.9,10.0,18000.0,775803.0
9105,Tortas Personalizadas,7633.0,10,0.0,26.0,4.7,10050.0,86792.0
9106,Postres Individuales,69996.0,7,0.0,8.1,5.1,10650.0,501778.0
9107,Galletas y Brownies,49945.0,5,0.0,13.7,6.1,12150.0,262461.0
9108,Bebidas,48687.0,2,0.15,38.5,4.5,9750.0,93277.0
9109,Bebidas,81625.0,12,0.0,40.1,6.8,13200.0,992620.0
9110,Tortas Personalizadas,64812.0,12,0.1,16.0,2.8,7200.0,708116.0
9111,Panaderia Artesanal,73010.0,12,0.0,40.6,3.4,8100.0,884690.0
9112,Panaderia Artesanal,33320.0,4,0.0,27.0,1.0,4500.0,139722.0
9113,Tortas Personalizadas,49349.0,13,0.1,11.3,6.5,12750.0,590967.0
9114,Bebidas,54232.0,11,0.0,34.3,10.8,19200.0,616901.0
9115,Bebidas,30727.0,5,0.0,41.6,7.8,14700.0,172297.0
9116,Panaderia Artesanal,50620.0,6,0.0,30.2,8.2,15300.0,318578.0
9117,Galletas y Brownies,23932.0,5,0.0,10.3,7.0,13500.0,134668.0
9118,Postres Individuales,16470.0,10,0.0,5.2,9.0,16500.0,181358.0
9119,Galletas y Brownies,34918.0,11,0.0,11.5,3.8,8700.0,392426.0
9120,Bebidas,64143.0,1,0.0,16.2,3.5,8250.0,72206.0
9121,Galletas y Brownies,78295.0,1,0.0,16.0,14.2,24300.0,103792.0
9122,Postres Individuales,41617.0,3,0.05,23.2,7.0,13500.0,131903.0
9123,Galletas y Brownies,56426.0,9,0.0,23.5,12.5,21750.0,527038.0
9124,Galletas y Brownies,13243.0,11,0.05,22.0,13.8,23700.0,161395.0
9125,Galletas y Brownies,77357.0,2,0.0,16.5,9.4,17100.0,173950.0
9126,Galletas y Brownies,50488.0,10,0.1,6.1,4.8,10200.0,465658.0
9127,Tortas Personalizadas,67427.0,5,0.05,19.7,10.4,18600.0,335511.0
9128,Bebidas,68555.0,9,0.05,44.4,6.7,13050.0,598150.0
9129,Postres Individuales,25518.0,7,0.05,29.9,14.6,24900.0,192972.0
9130,Bebidas,47334.0,11,0.0,20.6,12.3,21450.0,539329.0
9131,Tortas Personalizadas,81838.0,8,0.0,5.1,12.3,21450.0,676060.0
9132,Tortas Personalizadas,12171.0,2,0.05,10.8,9.0,16500.0,41463.0
9133,Tortas Personalizadas,59644.0,5,0.0,26.5,0.6,3900.0,300686.0
9134,Tortas Personalizadas,81981.0,9,0.0,23.2,12.6,21900.0,758891.0
9135,Galletas y Brownies,29046.0,1,0.0,2.3,0.9,4350.0,32937.0
9136,Bebidas,73916.0,1,0.0,5.3,2.3,6450.0,77691.0
9137,Panaderia Artesanal,79693.0,10,0.05,17.0,12.7,22050.0,782368.0
9138,Postres Individuales,64767.0,8,0.0,7.6,3.7,8550.0,527959.0
9139,Tortas Personalizadas,23506.0,2,0.0,43.2,12.7,22050.0,69328.0
9140,Bebidas,31720.0,9,0.15,3.0,3.9,8850.0,250502.0
9141,Tortas Personalizadas,7865.0,10,0.0,43.9,11.7,20550.0,97276.0
9142,Tortas Personalizadas,71516.0,9,0.0,30.1,8.4,15600.0,658072.0
9143,Tortas Personalizadas,72969.0,4,0.1,19.2,10.2,18300.0,282646.0
9144,Tortas Personalizadas,55617.0,2,0.0,25.0,12.7,22050.0,132300.0
9145,Tortas Personalizadas,33202.0,3,0.15,19.3,14.8,25200.0,109758.0
9146,Postres Individuales,11145.0,10,0.0,26.4,1.7,5550.0,117082.0
9147,Bebidas,65245.0,1,0.0,8.1,10.4,18600.0,88798.0
9148,Tortas Personalizadas,63122.0,3,0.0,6.7,14.4,24600.0,213072.0
9149,Tortas Personalizadas,78008.0,5,0.05,24.5,5.9,11850.0,380693.0
9150,Tortas Personalizadas,63443.0,3,0.15,4.6,5.3,10950.0,169976.0
9151,Tortas Personalizadas,71296.0,3,0.1,14.2,10.4,18600.0,210108.0
9152,Galletas y Brownies,64676.0,10,0.05,41.8,6.3,12450.0,630380.0
9153,Galletas y Brownies,55455.0,6,0.0,39.6,3.6,8400.0,341990.0
9154,Panaderia Artesanal,39157.0,3,0.15,37.7,2.8,7200.0,109274.0
9155,Tortas Personalizadas,77169.0,3,0.1,23.6,3.3,7950.0,216996.0
9156,Panaderia Artesanal,57077.0,9,0.0,2.7,10.7,19050.0,532233.0
9157,Postres Individuales,36868.0,2,0.1,6.8,13.8,23700.0,91115.0
9158,Panaderia Artesanal,11678.0,1,0.15,41.5,12.2,21300.0,29825.0
9159,Bebidas,28256.0,10,0.05,37.9,7.0,13500.0,282912.0
9160,Galletas y Brownies,48498.0,8,0.0,17.9,8.2,15300.0,404804.0
9161,Galletas y Brownies,27051.0,13,0.2,33.2,9.5,17250.0,300075.0
9162,Tortas Personalizadas,22699.0,14,0.0,38.7,8.9,16350.0,333827.0
9163,Tortas Personalizadas,47191.0,3,0.05,28.5,14.5,24750.0,161059.0
9164,Postres Individuales,18586.0,7,0.0,38.6,13.4,23100.0,151531.0
9165,Postres Individuales,69033.0,2,0.15,12.1,1.1,4650.0,123103.0
9166,Bebidas,43749.0,11,0.0,21.6,12.6,21900.0,503557.0
9167,Tortas Personalizadas,50909.0,11,0.05,26.7,2.2,6300.0,537251.0
9168,Tortas Personalizadas,16791.0,12,0.0,29.0,10.5,18750.0,218592.0
9169,Postres Individuales,30966.0,8,0.05,44.4,4.6,9900.0,245126.0
9170,Postres Individuales,37807.0,9,0.15,38.3,11.7,20550.0,309879.0
9171,Postres Individuales,69657.0,8,0.15,3.9,0.6,3900.0,476626.0
9172,Galletas y Brownies,66613.0,8,0.0,8.9,6.0,12000.0,542955.0
9173,Panaderia Artesanal,22838.0,8,0.0,30.1,0.8,4200.0,188167.0
9174,Panaderia Artesanal,54294.0,14,0.0,12.0,14.3,24450.0,786017.0
9175,Tortas Personalizadas,24477.0,7,0.0,8.4,0.7,4050.0,178537.0
9176,Galletas y Brownies,84060.0,2,0.1,30.5,2.8,7200.0,157504.0
9177,Postres Individuales,81170.0,8,0.1,24.8,8.3,15450.0,599972.0
9178,Tortas Personalizadas,50061.0,5,0.0,36.5,9.9,17850.0,269595.0
9179,Galletas y Brownies,60912.0,6,0.0,15.4,11.1,19650.0,386701.0
9180,Bebidas,69114.0,4,0.05,15.8,4.1,9150.0,272346.0
9181,Galletas y Brownies,62680.0,1,0.0,8.0,4.9,10350.0,74112.0
9182,Tortas Personalizadas,60986.0,13,0.0,29.9,4.0,9000.0,800818.0
9183,Panaderia Artesanal,81684.0,5,0.0,32.3,4.0,9000.0,417591.0
9184,Postres Individuales,52716.0,3,0.0,7.5,11.8,20700.0,177538.0
9185,Bebidas,55904.0,9,0.0,12.6,14.2,24300.0,528445.0
9186,Galletas y Brownies,72942.0,4,0.15,8.2,9.1,16650.0,266274.0
9187,Tortas Personalizadas,58591.0,10,0.0,34.0,2.8,7200.0,598316.0
9188,Tortas Personalizadas,63635.0,2,0.1,10.6,1.4,5100.0,121861.0
9189,Postres Individuales,23733.0,4,0.05,8.1,4.0,9000.0,96612.0
9190,Tortas Personalizadas,34701.0,3,0.05,4.5,3.1,7650.0,105005.0
9191,Tortas Personalizadas,16784.0,3,0.0,37.7,8.9,16350.0,68936.0
9192,Postres Individuales,45461.0,5,0.0,6.9,10.6,18900.0,247047.0
9193,Bebidas,41458.0,1,0.0,2.8,0.6,3900.0,45520.0
9194,Panaderia Artesanal,84773.0,5,0.05,4.3,6.9,13350.0,415942.0
9195,Panaderia Artesanal,53897.0,8,0.1,17.5,9.5,17250.0,403866.0
9196,Galletas y Brownies,67916.0,10,0.15,27.5,3.3,7950.0,582282.0
9197,Bebidas,31721.0,12,0.0,18.8,13.6,23400.0,402660.0
9198,Galletas y Brownies,71524.0,9,0.0,21.3,8.5,15750.0,659148.0
9199,Panaderia Artesanal,54207.0,12,0.0,41.5,5.5,11250.0,662059.0
9200,Postres Individuales,60759.0,1,0.0,34.5,0.8,4200.0,64536.0
9201,Tortas Personalizadas,28554.0,14,0.0,16.3,7.5,14250.0,412078.0
9202,Panaderia Artesanal,48891.0,2,0.1,8.2,5.4,11100.0,98298.0
9203,Bebidas,55723.0,2,0.0,34.1,14.6,24900.0,136534.0
9204,Panaderia Artesanal,52128.0,6,0.15,26.4,6.0,12000.0,278220.0
9205,Bebidas,78215.0,1,0.0,43.4,13.9,23850.0,101448.0
9206,Bebidas,76862.0,11,0.0,41.0,10.4,18600.0,863532.0
9207,Bebidas,82679.0,1,0.05,26.0,1.6,5400.0,85147.0
9208,Galletas y Brownies,58394.0,2,0.0,4.5,14.0,24000.0,141155.0
9209,Postres Individuales,82753.0,12,0.15,2.8,2.9,7350.0,850858.0
9210,Panaderia Artesanal,71598.0,13,0.1,37.9,7.0,13500.0,851717.0
9211,Postres Individuales,26667.0,4,0.05,31.9,13.9,23850.0,122168.0
9212,Tortas Personalizadas,39195.0,2,0.2,25.9,12.5,21750.0,84017.0
9213,Panaderia Artesanal,24071.0,4,0.0,31.5,7.6,14400.0,110449.0
9214,Postres Individuales,5336.0,3,0.0,25.0,3.5,8250.0,24223.0
9215,Postres Individuales,20044.0,3,0.15,26.7,7.9,14850.0,64652.0
9216,Tortas Personalizadas,5325.0,9,0.0,11.3,8.4,15600.0,64493.0
9217,Bebidas,62587.0,8,0.0,21.3,15.0,25500.0,524310.0
9218,Panaderia Artesanal,39043.0,12,0.0,2.0,12.4,21600.0,487571.0
9219,Panaderia Artesanal,30006.0,12,0.0,30.6,13.0,22500.0,382296.0
9220,Tortas Personalizadas,65938.0,10,0.05,16.0,14.8,25200.0,650722.0
9221,Bebidas,71599.0,9,0.0,30.1,8.1,15150.0,657563.0
9222,Panaderia Artesanal,83024.0,1,0.0,41.8,9.0,16500.0,100154.0
9223,Panaderia Artesanal,56361.0,12,0.0,27.2,7.1,13650.0,689921.0
9224,Panaderia Artesanal,41922.0,5,0.0,15.8,2.3,6450.0,217485.0
9225,Bebidas,29421.0,12,0.15,10.5,8.1,15150.0,315723.0
9226,Tortas Personalizadas,22785.0,12,0.05,12.4,8.9,16350.0,275915.0
9227,Panaderia Artesanal,22034.0,4,0.0,44.4,3.9,8850.0,95262.0
9228,Postres Individuales,37735.0,11,0.0,28.3,11.9,20850.0,434183.0
9229,Bebidas,84343.0,14,0.0,20.7,2.3,6450.0,1186730.0
9230,Galletas y Brownies,5068.0,9,0.0,11.5,7.8,14700.0,59623.0
9231,Tortas Personalizadas,20776.0,14,0.1,35.1,10.1,18150.0,281101.0
9232,Postres Individuales,20071.0,3,0.0,18.4,1.3,4950.0,66340.0
9233,Panaderia Artesanal,62370.0,5,0.0,14.6,12.2,21300.0,330783.0
9234,Galletas y Brownies,33199.0,8,0.1,11.2,4.9,10350.0,247601.0
9235,Tortas Personalizadas,41581.0,10,0.1,9.6,10.9,19350.0,391030.0
9236,Bebidas,16890.0,5,0.05,13.4,2.1,6150.0,85333.0
9237,Galletas y Brownies,37400.0,9,0.05,28.8,9.5,17250.0,338703.0
9238,Galletas y Brownies,13256.0,2,0.0,11.9,8.6,15900.0,42951.0
9239,Postres Individuales,47643.0,6,0.0,4.1,2.7,7050.0,293164.0
9240,Tortas Personalizadas,12835.0,5,0.05,17.1,9.6,17400.0,78202.0
9241,Postres Individuales,68241.0,9,0.0,26.9,10.5,18750.0,631881.0
9242,Postres Individuales,50328.0,7,0.0,4.1,7.7,14550.0,368138.0
9243,Panaderia Artesanal,62917.0,8,0.1,21.2,8.9,16350.0,470160.0
9244,Bebidas,38481.0,7,0.05,3.8,13.4,23100.0,280445.0
9245,Galletas y Brownies,35519.0,13,0.0,34.9,10.6,18900.0,479229.0
9246,Tortas Personalizadas,12857.0,10,0.0,39.4,13.6,23400.0,151520.0
9247,Bebidas,46908.0,10,0.05,43.4,8.5,15750.0,459455.0
9248,Bebidas,46160.0,5,0.0,31.6,3.0,7500.0,237030.0
9249,Tortas Personalizadas,42448.0,11,0.0,29.0,4.1,9150.0,474941.0
9250,Bebidas,64241.0,13,0.1,31.7,3.1,7650.0,760014.0
9251,Panaderia Artesanal,71600.0,14,0.0,38.7,5.4,11100.0,1014119.0
9252,Bebidas,65063.0,5,0.0,36.6,7.4,14100.0,341183.0
9253,Panaderia Artesanal,16509.0,13,0.0,20.6,4.2,9300.0,220566.0
9254,Galletas y Brownies,54765.0,11,0.1,29.8,7.4,14100.0,555856.0
9255,Galletas y Brownies,11426.0,4,0.1,8.5,5.8,11700.0,57501.0
9256,Postres Individuales,60570.0,2,0.1,31.7,8.6,15900.0,125797.0
9257,Panaderia Artesanal,35547.0,14,0.0,33.3,6.7,13050.0,510394.0
9258,Galletas y Brownies,15600.0,9,0.1,36.4,6.8,13200.0,140738.0
9259,Bebidas,73964.0,10,0.15,37.1,7.6,14400.0,641825.0
9260,Tortas Personalizadas,54121.0,10,0.0,20.6,14.8,25200.0,564792.0
9261,Tortas Personalizadas,33378.0,12,0.0,40.8,8.6,15900.0,416351.0
9262,Panaderia Artesanal,7458.0,10,0.1,44.2,11.0,19500.0,87060.0
9263,Postres Individuales,47985.0,10,0.15,44.0,6.5,12750.0,421697.0
9264,Bebidas,78858.0,3,0.2,27.0,5.2,10800.0,201194.0
9265,Panaderia Artesanal,52710.0,11,0.0,25.8,13.8,23700.0,602252.0
9266,Tortas Personalizadas,82732.0,11,0.2,21.4,11.3,19950.0,748493.0
9267,Panaderia Artesanal,15916.0,3,0.0,14.5,8.9,16350.0,65597.0
9268,Bebidas,50464.0,3,0.0,16.0,5.4,11100.0,163742.0
9269,Galletas y Brownies,68850.0,8,0.2,10.9,4.2,9300.0,450940.0
9270,Bebidas,47043.0,6,0.15,43.1,4.2,9300.0,250016.0
9271,Galletas y Brownies,12285.0,1,0.05,28.5,7.8,14700.0,27040.0
9272,Galletas y Brownies,51631.0,12,0.15,42.1,13.2,22800.0,549397.0
9273,Galletas y Brownies,53939.0,13,0.05,18.3,13.3,22950.0,691749.0
9274,Panaderia Artesanal,63297.0,14,0.0,14.5,11.3,19950.0,907373.0
9275,Tortas Personalizadas,65897.0,3,0.15,7.3,8.4,15600.0,183191.0
9276,Panaderia Artesanal,66662.0,4,0.2,14.6,3.9,8850.0,219636.0
9277,Tortas Personalizadas,58076.0,13,0.0,40.2,7.4,14100.0,772341.0
9278,Bebidas,22265.0,2,0.0,26.8,10.6,18900.0,62225.0
9279,Postres Individuales,37339.0,6,0.0,21.2,9.1,16650.0,238527.0
9280,Bebidas,67090.0,10,0.1,26.2,8.0,15000.0,620283.0
9281,Panaderia Artesanal,81274.0,12,0.1,40.3,6.7,13050.0,890810.0
9282,Panaderia Artesanal,11316.0,1,0.2,9.9,11.4,20100.0,29987.0
9283,Tortas Personalizadas,47843.0,1,0.0,43.5,12.7,22050.0,68012.0
9284,Panaderia Artesanal,30002.0,8,0.1,30.5,11.0,19500.0,236750.0
9285,Galletas y Brownies,23032.0,4,0.15,38.7,14.1,24150.0,104698.0
9286,Panaderia Artesanal,45465.0,1,0.0,24.4,11.8,20700.0,66131.0
9287,Tortas Personalizadas,53487.0,7,0.05,11.8,7.0,13500.0,368305.0
9288,Tortas Personalizadas,5782.0,9,0.05,26.2,9.4,17100.0,65239.0
9289,Galletas y Brownies,67417.0,10,0.1,4.5,7.8,14700.0,622617.0
9290,Tortas Personalizadas,70591.0,7,0.05,38.6,8.4,15600.0,486730.0
9291,Postres Individuales,82241.0,1,0.1,29.8,13.5,23250.0,96715.0
9292,Bebidas,19451.0,1,0.0,13.8,4.9,10350.0,29003.0
9293,Panaderia Artesanal,52564.0,12,0.0,13.4,0.7,4050.0,634884.0
9294,Postres Individuales,39130.0,1,0.1,40.8,10.6,18900.0,53727.0
9295,Panaderia Artesanal,31786.0,8,0.0,38.1,3.1,7650.0,259849.0
9296,Postres Individuales,50251.0,7,0.0,34.7,2.7,7050.0,356000.0
9297,Panaderia Artesanal,67591.0,14,0.0,19.5,14.9,25350.0,971197.0
9298,Galletas y Brownies,6844.0,3,0.0,39.5,4.4,9600.0,28986.0
9299,Tortas Personalizadas,82552.0,3,0.1,12.2,3.5,8250.0,232114.0
9300,Tortas Personalizadas,69791.0,12,0.1,2.6,3.3,7950.0,760285.0
9301,Galletas y Brownies,65092.0,3,0.05,20.3,6.5,12750.0,194487.0
9302,Postres Individuales,65831.0,2,0.1,41.5,6.4,12600.0,130639.0
9303,Bebidas,36125.0,14,0.0,26.3,9.7,17550.0,524322.0
9304,Postres Individuales,65130.0,14,0.0,11.5,2.0,6000.0,920510.0
9305,Tortas Personalizadas,35942.0,4,0.15,29.8,9.7,17550.0,142755.0
9306,Bebidas,76897.0,7,0.0,33.9,7.1,13650.0,551131.0
9307,Panaderia Artesanal,19178.0,9,0.0,25.4,3.5,8250.0,179412.0
9308,Bebidas,28388.0,3,0.1,38.2,11.8,20700.0,97358.0
9309,Postres Individuales,49107.0,10,0.0,27.3,7.4,14100.0,505797.0
9310,Galletas y Brownies,30537.0,7,0.0,5.7,10.9,19350.0,232209.0
9311,Panaderia Artesanal,38939.0,12,0.0,36.7,13.8,23700.0,490175.0
9312,Postres Individuales,44394.0,4,0.2,7.9,5.6,11400.0,155217.0
9313,Panaderia Artesanal,73508.0,1,0.0,39.9,13.5,23250.0,95081.0
9314,Bebidas,46855.0,5,0.0,24.2,3.4,8100.0,242362.0
9315,Tortas Personalizadas,33997.0,8,0.1,33.3,3.7,8550.0,254859.0
9316,Postres Individuales,24819.0,3,0.15,43.8,10.1,18150.0,83012.0
9317,Galletas y Brownies,37694.0,10,0.05,20.3,2.0,6000.0,365601.0
9318,Bebidas,46259.0,4,0.0,21.5,7.1,13650.0,202025.0
9319,Postres Individuales,64689.0,3,0.0,37.4,3.6,8400.0,203237.0
9320,Galletas y Brownies,14684.0,10,0.0,6.3,8.8,16200.0,162837.0
9321,Postres Individuales,22729.0,14,0.05,2.7,12.2,21300.0,322054.0
9322,Bebidas,35372.0,14,0.05,27.8,1.1,4650.0,474168.0
9323,Postres Individuales,33832.0,8,0.0,8.8,6.5,12750.0,280144.0
9324,Panaderia Artesanal,36340.0,10,0.05,12.6,11.1,19650.0,365262.0
9325,Bebidas,68482.0,8,0.05,44.0,5.5,11250.0,532198.0
9326,Postres Individuales,30932.0,14,0.15,29.9,1.1,4650.0,372278.0
9327,Tortas Personalizadas,45152.0,4,0.05,38.7,9.1,16650.0,186737.0
9328,Postres Individuales,54913.0,11,0.05,40.6,2.2,6300.0,580171.0
9329,Panaderia Artesanal,23574.0,2,0.1,6.8,5.9,11850.0,54000.0
9330,Galletas y Brownies,62496.0,12,0.0,41.9,14.9,25350.0,774272.0
9331,Galletas y Brownies,48769.0,3,0.0,39.2,6.3,12450.0,158784.0
9332,Galletas y Brownies,40742.0,3,0.1,3.5,12.7,22050.0,133405.0
9333,Tortas Personalizadas,69783.0,4,0.0,44.0,13.0,22500.0,301021.0
9334,Panaderia Artesanal,24480.0,11,0.0,21.4,4.3,9450.0,277859.0
9335,Bebidas,75654.0,13,0.15,43.9,9.1,16650.0,852044.0
9336,Galletas y Brownies,49884.0,2,0.05,37.3,14.2,24300.0,118500.0
9337,Panaderia Artesanal,53734.0,2,0.1,20.6,9.3,16950.0,114355.0
9338,Postres Individuales,75005.0,3,0.1,23.8,12.3,21450.0,224575.0
9339,Tortas Personalizadas,70407.0,12,0.0,13.5,7.2,13800.0,859337.0
9340,Panaderia Artesanal,53125.0,1,0.05,22.7,10.9,19350.0,69706.0
9341,Panaderia Artesanal,65255.0,8,0.2,6.2,0.8,4200.0,422098.0
9342,Bebidas,39666.0,6,0.0,41.0,11.9,20850.0,256303.0
9343,Panaderia Artesanal,48790.0,3,0.1,32.5,10.2,18300.0,148551.0
9344,Bebidas,9966.0,1,0.05,36.5,5.7,11550.0,20969.0
9345,Tortas Personalizadas,12189.0,3,0.0,24.6,6.5,12750.0,49458.0
9346,Tortas Personalizadas,71354.0,1,0.0,7.0,5.2,10800.0,83511.0
9347,Postres Individuales,9774.0,3,0.0,24.9,8.1,15150.0,43759.0
9348,Bebidas,18552.0,4,0.0,15.8,2.1,6150.0,77558.0
9349,Bebidas,68667.0,6,0.05,1.9,12.8,22200.0,414359.0
9350,Galletas y Brownies,5092.0,7,0.2,28.3,7.4,14100.0,39811.0
9351,Galletas y Brownies,27592.0,7,0.0,38.6,1.1,4650.0,197188.0
9352,Postres Individuales,51723.0,9,0.0,32.4,8.5,15750.0,478710.0
9353,Tortas Personalizadas,52636.0,8,0.05,11.2,14.0,24000.0,426911.0
9354,Galletas y Brownies,67172.0,13,0.2,37.1,1.8,5700.0,702461.0
9355,Panaderia Artesanal,45474.0,4,0.05,15.0,2.3,6450.0,179306.0
9356,Tortas Personalizadas,45752.0,6,0.1,11.0,6.1,12150.0,258940.0
9357,Panaderia Artesanal,63025.0,11,0.1,43.3,11.2,19800.0,641204.0
9358,Bebidas,44890.0,1,0.05,2.2,9.3,16950.0,61794.0
9359,Tortas Personalizadas,53679.0,8,0.0,8.8,7.1,13650.0,444063.0
9360,Postres Individuales,76822.0,6,0.0,21.8,14.9,25350.0,485550.0
9361,Bebidas,37116.0,2,0.0,8.8,3.2,7800.0,80071.0
9362,Bebidas,35810.0,8,0.0,8.8,12.4,21600.0,306464.0
9363,Panaderia Artesanal,5284.0,4,0.0,29.1,2.3,6450.0,24942.0
9364,Bebidas,54074.0,9,0.05,37.1,3.1,7650.0,469544.0
9365,Galletas y Brownies,7382.0,4,0.0,30.3,4.8,10200.0,40091.0
9366,Tortas Personalizadas,45332.0,1,0.0,5.9,13.2,22800.0,69980.0
9367,Galletas y Brownies,69339.0,7,0.1,40.4,6.9,13350.0,451412.0
9368,Panaderia Artesanal,48994.0,10,0.0,41.6,6.2,12300.0,503512.0
9369,Panaderia Artesanal,26571.0,5,0.0,13.7,7.6,14400.0,147859.0
9370,Tortas Personalizadas,67893.0,10,0.2,25.6,9.6,17400.0,561016.0
9371,Bebidas,26577.0,11,0.0,22.6,6.6,12900.0,304948.0
9372,Postres Individuales,63643.0,12,0.0,30.6,14.5,24750.0,789542.0
9373,Panaderia Artesanal,53821.0,5,0.0,44.0,2.5,6750.0,274924.0
9374,Tortas Personalizadas,18600.0,4,0.1,44.4,7.4,14100.0,80944.0
9375,Postres Individuales,77411.0,6,0.05,23.6,6.5,12750.0,454218.0
9376,Bebidas,21051.0,1,0.0,5.5,10.5,18750.0,40902.0
9377,Panaderia Artesanal,84167.0,3,0.05,16.0,14.5,24750.0,263845.0
9378,Tortas Personalizadas,5585.0,11,0.0,19.5,4.7,10050.0,74075.0
9379,Tortas Personalizadas,26079.0,12,0.0,24.8,14.4,24600.0,341434.0
9380,Tortas Personalizadas,20989.0,7,0.05,43.3,12.5,21750.0,158973.0
9381,Panaderia Artesanal,6119.0,11,0.0,12.9,12.3,21450.0,89484.0
9382,Postres Individuales,63589.0,8,0.0,24.8,1.6,5400.0,516009.0
9383,Tortas Personalizadas,60474.0,12,0.0,14.2,14.1,24150.0,749000.0
9384,Bebidas,68388.0,9,0.15,41.5,12.7,22050.0,546139.0
9385,Tortas Personalizadas,25536.0,1,0.2,44.6,10.4,18600.0,38117.0
9386,Postres Individuales,40547.0,4,0.05,39.4,2.4,6600.0,159763.0
9387,Panaderia Artesanal,57729.0,2,0.15,16.2,6.6,12900.0,110854.0
9388,Tortas Personalizadas,40181.0,2,0.05,13.6,12.7,22050.0,96864.0
9389,Tortas Personalizadas,60786.0,1,0.15,20.3,6.8,13200.0,64526.0
9390,Bebidas,55718.0,5,0.0,34.0,6.8,13200.0,290273.0
9391,Bebidas,14172.0,2,0.05,1.9,4.4,9600.0,36527.0
9392,Tortas Personalizadas,67483.0,4,0.1,44.8,1.2,4800.0,247832.0
9393,Tortas Personalizadas,62654.0,9,0.15,39.9,7.9,14850.0,494472.0
9394,Bebidas,57467.0,11,0.0,2.5,11.7,20550.0,653359.0
9395,Postres Individuales,17407.0,3,0.0,18.1,2.6,6900.0,59517.0
9396,Galletas y Brownies,26440.0,8,0.15,31.4,13.5,23250.0,204285.0
9397,Galletas y Brownies,36454.0,10,0.05,12.0,8.6,15900.0,361320.0
9398,Tortas Personalizadas,27394.0,13,0.2,7.7,12.3,21450.0,307752.0
9399,Bebidas,23225.0,6,0.1,28.9,10.2,18300.0,144332.0
9400,Panaderia Artesanal,69429.0,10,0.1,40.8,2.5,6750.0,631439.0
9401,Panaderia Artesanal,56059.0,5,0.0,43.1,13.6,23400.0,302884.0
9402,Galletas y Brownies,50238.0,2,0.0,1.9,10.9,19350.0,117429.0
9403,Postres Individuales,23076.0,11,0.05,39.5,1.0,4500.0,243912.0
9404,Galletas y Brownies,78446.0,13,0.15,25.9,8.9,16350.0,885612.0
9405,Tortas Personalizadas,20295.0,3,0.1,11.8,7.5,14250.0,67319.0
9406,Postres Individuales,68596.0,8,0.0,28.3,13.0,22500.0,570226.0
9407,Panaderia Artesanal,82334.0,12,0.1,44.8,2.3,6450.0,895267.0
9408,Bebidas,63167.0,12,0.05,13.5,9.1,16650.0,736758.0
9409,Bebidas,84429.0,9,0.15,13.5,5.0,10500.0,655769.0
9410,Tortas Personalizadas,57084.0,11,0.0,31.9,4.1,9150.0,638009.0
9411,Galletas y Brownies,22397.0,11,0.0,3.4,0.8,4200.0,250909.0
9412,Tortas Personalizadas,21306.0,7,0.0,37.2,5.3,10950.0,160905.0
9413,Bebidas,30965.0,1,0.0,29.9,6.2,12300.0,45313.0
9414,Panaderia Artesanal,5570.0,12,0.2,38.1,7.0,13500.0,67297.0
9415,Bebidas,59536.0,12,0.0,11.5,11.2,19800.0,733876.0
9416,Postres Individuales,26493.0,13,0.15,38.4,6.4,12600.0,302036.0
9417,Bebidas,70215.0,13,0.2,21.0,3.3,7950.0,741608.0
9418,Bebidas,33734.0,6,0.0,7.3,6.3,12450.0,217404.0
9419,Postres Individuales,43397.0,7,0.15,40.7,1.5,5250.0,265362.0
9420,Galletas y Brownies,82255.0,12,0.0,32.2,14.6,24900.0,1012243.0
9421,Bebidas,24374.0,6,0.1,8.8,1.5,5250.0,136695.0
9422,Tortas Personalizadas,62700.0,10,0.0,12.2,3.4,8100.0,635066.0
9423,Bebidas,65409.0,11,0.2,13.2,6.7,13050.0,589182.0
9424,Tortas Personalizadas,22680.0,13,0.05,43.4,14.0,24000.0,305331.0
9425,Postres Individuales,45080.0,2,0.15,40.0,3.1,7650.0,83148.0
9426,Bebidas,33016.0,13,0.05,16.6,6.3,12450.0,419640.0
9427,Postres Individuales,66752.0,9,0.05,21.8,14.8,25200.0,595478.0
9428,Postres Individuales,54799.0,3,0.0,13.9,9.2,16800.0,182003.0
9429,Galletas y Brownies,43079.0,6,0.0,33.8,9.4,17100.0,277055.0
9430,Bebidas,67349.0,6,0.0,8.5,14.6,24900.0,430922.0
9431,Tortas Personalizadas,23812.0,8,0.15,16.2,7.8,14700.0,177004.0
9432,Tortas Personalizadas,65290.0,13,0.0,27.9,0.5,3750.0,855241.0
9433,Bebidas,74230.0,4,0.2,39.7,0.9,4350.0,242028.0
9434,Galletas y Brownies,75290.0,6,0.15,29.1,10.4,18600.0,405219.0
9435,Galletas y Brownies,67694.0,1,0.0,42.4,3.6,8400.0,77590.0
9436,Galletas y Brownies,37641.0,9,0.0,42.0,7.4,14100.0,352358.0
9437,Tortas Personalizadas,83545.0,12,0.15,32.7,8.5,15750.0,871386.0
9438,Postres Individuales,35367.0,9,0.0,13.6,10.2,18300.0,334494.0
9439,Galletas y Brownies,56090.0,7,0.0,31.2,1.7,5550.0,400462.0
9440,Tortas Personalizadas,17886.0,11,0.0,9.9,11.5,20250.0,216706.0
9441,Tortas Personalizadas,83436.0,13,0.2,16.0,13.8,23700.0,888730.0
9442,Postres Individuales,61319.0,1,0.05,34.5,4.2,9300.0,71232.0
9443,Bebidas,65270.0,3,0.0,38.5,6.0,12000.0,208365.0
9444,Bebidas,10262.0,12,0.0,19.6,11.3,19950.0,142768.0
9445,Galletas y Brownies,66073.0,5,0.0,24.3,4.1,9150.0,339209.0
9446,Galletas y Brownies,66978.0,4,0.0,18.3,8.4,15600.0,285133.0
9447,Postres Individuales,58742.0,5,0.15,22.3,10.1,18150.0,267966.0
9448,Galletas y Brownies,28353.0,7,0.05,23.8,13.2,22800.0,214546.0
9449,Postres Individuales,44175.0,9,0.1,31.6,5.5,11250.0,368419.0
9450,Tortas Personalizadas,13835.0,1,0.0,34.1,7.6,14400.0,26540.0
9451,Galletas y Brownies,42727.0,5,0.05,43.9,3.2,7800.0,211298.0
9452,Tortas Personalizadas,24506.0,3,0.0,20.5,5.0,10500.0,84665.0
9453,Panaderia Artesanal,32928.0,3,0.1,5.1,1.9,5850.0,93301.0
9454,Postres Individuales,18008.0,11,0.1,31.4,3.4,8100.0,184394.0
9455,Panaderia Artesanal,23404.0,2,0.0,23.2,5.5,11250.0,56817.0
9456,Galletas y Brownies,11125.0,6,0.0,38.1,6.7,13050.0,79254.0
9457,Tortas Personalizadas,78592.0,14,0.1,7.9,10.7,19050.0,1008230.0
9458,Galletas y Brownies,47433.0,6,0.0,29.6,7.1,13650.0,300283.0
9459,Panaderia Artesanal,36739.0,3,0.05,21.5,1.2,4800.0,109129.0
9460,Galletas y Brownies,47802.0,1,0.05,19.7,11.5,20250.0,67820.0
9461,Bebidas,55263.0,7,0.0,26.1,8.2,15300.0,398866.0
9462,Panaderia Artesanal,78750.0,2,0.05,31.3,14.1,24150.0,174497.0
9463,Galletas y Brownies,19295.0,8,0.05,38.5,9.7,17550.0,164550.0
9464,Tortas Personalizadas,28644.0,3,0.05,11.7,8.2,15300.0,98799.0
9465,Galletas y Brownies,83063.0,1,0.0,14.2,4.8,10200.0,93188.0
9466,Tortas Personalizadas,34695.0,10,0.1,25.4,3.9,8850.0,319704.0
9467,Bebidas,6805.0,9,0.0,16.6,3.8,8700.0,70333.0
9468,Galletas y Brownies,16811.0,5,0.0,26.2,6.4,12600.0,96999.0
9469,Bebidas,7107.0,1,0.0,10.2,3.0,7500.0,13654.0
9470,Panaderia Artesanal,84194.0,10,0.1,14.9,12.7,22050.0,779548.0
9471,Tortas Personalizadas,27310.0,11,0.0,15.6,12.2,21300.0,321117.0
9472,Panaderia Artesanal,78883.0,6,0.1,44.7,11.1,19650.0,448177.0
9473,Tortas Personalizadas,84671.0,10,0.05,38.7,1.2,4800.0,809073.0
9474,Bebidas,52987.0,3,0.15,37.9,1.5,5250.0,140290.0
9475,Postres Individuales,7656.0,11,0.05,23.8,9.7,17550.0,97239.0
9476,Galletas y Brownies,11527.0,4,0.05,21.8,11.4,20100.0,63423.0
9477,Bebidas,43527.0,8,0.1,4.6,0.9,4350.0,318134.0
9478,Tortas Personalizadas,37494.0,5,0.05,10.1,4.7,10050.0,187051.0
9479,Tortas Personalizadas,53494.0,12,0.1,40.4,2.5,6750.0,584324.0
9480,Tortas Personalizadas,40108.0,6,0.0,24.4,3.9,8850.0,247237.0
9481,Tortas Personalizadas,79726.0,10,0.0,44.5,8.0,15000.0,812610.0
9482,Galletas y Brownies,47779.0,4,0.1,27.2,2.1,6150.0,178543.0
9483,Panaderia Artesanal,60498.0,6,0.1,17.9,3.8,8700.0,333726.0
9484,Postres Individuales,76719.0,3,0.1,13.4,8.7,16050.0,224135.0
9485,Galletas y Brownies,16750.0,10,0.05,41.4,7.9,14850.0,173471.0
9486,Tortas Personalizadas,23379.0,12,0.2,17.6,12.9,22350.0,248952.0
9487,Galletas y Brownies,13585.0,1,0.0,7.9,2.7,7050.0,20330.0
9488,Bebidas,16171.0,6,0.0,13.6,5.9,11850.0,110888.0
9489,Tortas Personalizadas,46007.0,14,0.0,29.6,13.9,23850.0,668909.0
9490,Postres Individuales,30694.0,13,0.2,7.3,12.0,21000.0,338488.0
9491,Tortas Personalizadas,38854.0,1,0.0,5.5,9.2,16800.0,54872.0
9492,Postres Individuales,83599.0,10,0.1,21.4,11.7,20550.0,775435.0
9493,Postres Individuales,17536.0,12,0.0,5.1,7.0,13500.0,225242.0
9494,Panaderia Artesanal,48265.0,3,0.0,18.6,13.7,23550.0,166876.0
9495,Panaderia Artesanal,12910.0,12,0.05,15.5,9.2,16800.0,164752.0
9496,Galletas y Brownies,30480.0,8,0.05,18.5,10.6,18900.0,249594.0
9497,Galletas y Brownies,47202.0,7,0.0,22.7,10.0,18000.0,347972.0
9498,Postres Individuales,80731.0,8,0.0,9.6,10.3,18450.0,666449.0
9499,Tortas Personalizadas,36298.0,10,0.0,20.7,9.8,17700.0,381427.0
9500,Bebidas,10193.0,10,0.05,17.2,1.6,5400.0,100471.0
9501,Bebidas,36053.0,2,0.0,36.1,9.3,16950.0,89202.0
9502,Tortas Personalizadas,16659.0,10,0.05,31.7,11.9,20850.0,180862.0
9503,Tortas Personalizadas,23399.0,7,0.0,39.5,0.5,3750.0,168135.0
9504,Panaderia Artesanal,54447.0,14,0.05,30.6,13.4,23100.0,747197.0
9505,Bebidas,10394.0,4,0.0,6.8,14.3,24450.0,65248.0
9506,Postres Individuales,42178.0,1,0.0,23.6,2.4,6600.0,48841.0
9507,Galletas y Brownies,53757.0,11,0.0,33.8,8.3,15450.0,602319.0
9508,Panaderia Artesanal,38749.0,3,0.1,38.1,2.1,6150.0,110939.0
9509,Bebidas,6530.0,5,0.05,9.4,4.6,9900.0,39395.0
9510,Tortas Personalizadas,83842.0,14,0.15,11.2,9.5,17250.0,1013236.0
9511,Bebidas,34369.0,10,0.15,39.0,4.9,10350.0,302976.0
9512,Postres Individuales,67286.0,8,0.1,22.6,5.8,11700.0,496480.0
9513,Panaderia Artesanal,31052.0,2,0.1,21.2,11.3,19950.0,75594.0
9514,Tortas Personalizadas,43001.0,2,0.05,23.0,8.8,16200.0,97763.0
9515,Postres Individuales,36077.0,8,0.05,9.0,8.0,15000.0,288252.0
9516,Galletas y Brownies,32403.0,14,0.05,28.8,5.2,10800.0,439079.0
9517,Panaderia Artesanal,6748.0,9,0.0,36.6,10.7,19050.0,79644.0
9518,Postres Individuales,33802.0,10,0.0,37.9,6.6,12900.0,351811.0
9519,Postres Individuales,76159.0,13,0.05,2.8,13.5,23250.0,962180.0
9520,Tortas Personalizadas,60231.0,13,0.1,32.6,9.2,16800.0,720741.0
9521,Galletas y Brownies,16634.0,1,0.0,5.5,8.3,15450.0,31885.0
9522,Postres Individuales,52292.0,14,0.0,43.6,12.1,21150.0,752975.0
9523,Panaderia Artesanal,76378.0,2,0.0,22.5,7.5,14250.0,166995.0
9524,Postres Individuales,61003.0,4,0.2,35.2,4.5,9750.0,205059.0
9525,Bebidas,16895.0,12,0.0,28.6,2.7,7050.0,208305.0
9526,Panaderia Artesanal,74427.0,3,0.05,42.9,8.6,15900.0,228721.0
9527,Panaderia Artesanal,29124.0,1,0.2,43.9,6.7,13050.0,35654.0
9528,Postres Individuales,41326.0,4,0.0,13.6,6.3,12450.0,178796.0
9529,Tortas Personalizadas,47091.0,11,0.15,22.5,5.6,11400.0,451906.0
9530,Panaderia Artesanal,73041.0,13,0.15,23.4,10.2,18300.0,825952.0
9531,Bebidas,79529.0,11,0.0,9.2,8.0,15000.0,891272.0
9532,Tortas Personalizadas,79372.0,2,0.0,40.8,8.3,15450.0,174868.0
9533,Tortas Personalizadas,5636.0,10,0.0,16.7,5.0,10500.0,67996.0
9534,Tortas Personalizadas,78751.0,5,0.0,5.3,9.4,17100.0,413159.0
9535,Panaderia Artesanal,9351.0,1,0.2,8.2,6.4,12600.0,18242.0
9536,Tortas Personalizadas,26262.0,14,0.0,23.8,11.7,20550.0,387278.0
9537,Postres Individuales,46199.0,8,0.15,39.9,8.2,15300.0,328662.0
9538,Tortas Personalizadas,43394.0,10,0.0,28.8,4.7,10050.0,445950.0
9539,Bebidas,53377.0,2,0.2,10.8,2.6,6900.0,92253.0
9540,Galletas y Brownies,43356.0,11,0.0,14.4,10.6,18900.0,494738.0
9541,Bebidas,79750.0,3,0.05,44.0,5.9,11850.0,237662.0
9542,Panaderia Artesanal,24244.0,3,0.0,3.8,1.4,5100.0,78931.0
9543,Tortas Personalizadas,26922.0,4,0.0,44.8,13.8,23700.0,131885.0
9544,Tortas Personalizadas,78659.0,7,0.0,40.9,6.1,12150.0,560567.0
9545,Postres Individuales,11139.0,13,0.0,31.0,11.3,19950.0,163852.0
9546,Tortas Personalizadas,53765.0,9,0.0,42.5,7.2,13800.0,494704.0
9547,Bebidas,59539.0,3,0.05,8.1,13.4,23100.0,194028.0
9548,Panaderia Artesanal,45443.0,1,0.0,42.5,0.9,4350.0,49831.0
9549,Galletas y Brownies,60539.0,11,0.1,10.7,4.3,9450.0,608526.0
9550,Tortas Personalizadas,18820.0,10,0.05,25.3,8.4,15600.0,192242.0
9551,Galletas y Brownies,73211.0,1,0.1,22.8,5.2,10800.0,75735.0
9552,Tortas Personalizadas,16202.0,12,0.15,23.8,11.3,19950.0,186137.0
9553,Panaderia Artesanal,37065.0,11,0.1,13.1,10.5,18750.0,385243.0
9554,Bebidas,11021.0,6,0.0,35.5,0.9,4350.0,69684.0
9555,Panaderia Artesanal,48617.0,5,0.0,33.8,9.2,16800.0,262384.0
9556,Galletas y Brownies,58580.0,10,0.05,43.0,12.6,21900.0,575992.0
9557,Tortas Personalizadas,80298.0,7,0.05,23.6,5.1,10650.0,543666.0
9558,Galletas y Brownies,64147.0,7,0.0,25.3,2.5,6750.0,454521.0
9559,Bebidas,48288.0,3,0.05,40.8,11.2,19800.0,158250.0
9560,Panaderia Artesanal,79609.0,7,0.0,41.5,13.6,23400.0,581067.0
9561,Galletas y Brownies,43275.0,9,0.0,29.8,10.0,18000.0,407349.0
9562,Galletas y Brownies,49896.0,8,0.1,37.2,12.8,22200.0,379777.0
9563,Bebidas,52688.0,3,0.0,23.5,15.0,25500.0,183946.0
9564,Tortas Personalizadas,37798.0,10,0.0,18.4,7.7,14550.0,389735.0
9565,Galletas y Brownies,72079.0,5,0.0,39.1,14.1,24150.0,384014.0
9566,Bebidas,19814.0,13,0.0,35.3,5.5,11250.0,267949.0
9567,Tortas Personalizadas,49387.0,13,0.0,12.0,11.3,19950.0,663286.0
9568,Tortas Personalizadas,62779.0,14,0.0,3.6,13.6,23400.0,903160.0
9569,Panaderia Artesanal,77318.0,8,0.0,26.1,8.1,15150.0,634521.0
9570,Bebidas,75713.0,2,0.0,38.1,9.6,17400.0,169052.0
9571,Tortas Personalizadas,45699.0,14,0.0,12.3,14.6,24900.0,666567.0
9572,Panaderia Artesanal,56453.0,14,0.0,34.9,4.1,9150.0,800658.0
9573,Postres Individuales,36539.0,7,0.0,19.5,5.7,11550.0,265742.0
9574,Bebidas,42454.0,11,0.1,16.1,11.7,20550.0,440162.0
9575,Postres Individuales,77501.0,10,0.05,9.0,5.4,11100.0,748291.0
9576,Tortas Personalizadas,79456.0,10,0.05,42.1,7.8,14700.0,769883.0
9577,Bebidas,76633.0,7,0.05,11.3,1.2,4800.0,514355.0
9578,Panaderia Artesanal,16070.0,11,0.0,13.6,8.7,16050.0,193350.0
9579,Tortas Personalizadas,73007.0,12,0.2,15.9,9.6,17400.0,715402.0
9580,Bebidas,80869.0,14,0.0,13.9,1.7,5550.0,1138319.0
9581,Bebidas,33900.0,13,0.0,8.6,4.0,9000.0,451401.0
9582,Postres Individuales,46492.0,8,0.0,16.9,6.8,13200.0,386243.0
9583,Tortas Personalizadas,67328.0,1,0.15,22.0,11.8,20700.0,81918.0
9584,Panaderia Artesanal,49966.0,8,0.15,25.5,0.8,4200.0,344659.0
9585,Panaderia Artesanal,84479.0,14,0.1,8.3,5.3,10950.0,1075164.0
9586,Tortas Personalizadas,41457.0,1,0.0,35.4,0.6,3900.0,47662.0
9587,Tortas Personalizadas,62115.0,3,0.15,15.1,8.1,15150.0,172217.0
9588,Galletas y Brownies,68407.0,9,0.0,41.4,7.7,14550.0,629510.0
9589,Postres Individuales,44528.0,4,0.05,15.8,11.5,20250.0,189331.0
9590,Tortas Personalizadas,73559.0,10,0.15,39.0,0.6,3900.0,627916.0
9591,Tortas Personalizadas,48692.0,13,0.1,16.8,11.5,20250.0,590956.0
9592,Galletas y Brownies,37932.0,9,0.0,23.5,13.4,23100.0,365794.0
9593,Galletas y Brownies,13626.0,1,0.1,17.7,5.1,10650.0,22187.0
9594,Bebidas,36473.0,8,0.0,18.3,5.3,10950.0,303221.0
9595,Panaderia Artesanal,63715.0,3,0.0,28.4,0.5,3750.0,195347.0
9596,Postres Individuales,78703.0,11,0.1,31.6,6.7,13050.0,792749.0
9597,Bebidas,25134.0,7,0.0,39.4,9.4,17100.0,192651.0
9598,Tortas Personalizadas,33419.0,2,0.0,26.3,2.3,6450.0,72194.0
9599,Galletas y Brownies,17317.0,13,0.05,10.9,10.0,18000.0,233969.0
9600,Panaderia Artesanal,60258.0,7,0.05,44.5,5.8,11700.0,411299.0
9601,Bebidas,81815.0,7,0.0,31.2,10.3,18450.0,590646.0
9602,Panaderia Artesanal,56276.0,9,0.0,17.8,4.1,9150.0,517110.0
9603,Galletas y Brownies,54366.0,2,0.15,43.6,11.7,20550.0,112923.0
9604,Bebidas,49279.0,8,0.0,43.2,8.5,15750.0,413377.0
9605,Bebidas,12076.0,5,0.05,5.0,8.2,15300.0,71218.0
9606,Panaderia Artesanal,63360.0,10,0.2,2.4,7.6,14400.0,520088.0
9607,Galletas y Brownies,53164.0,9,0.05,3.4,12.7,22050.0,476245.0
9608,Tortas Personalizadas,57918.0,8,0.0,31.3,8.5,15750.0,480385.0
9609,Bebidas,76905.0,3,0.0,32.4,2.8,7200.0,238029.0
9610,Tortas Personalizadas,67717.0,3,0.05,33.0,9.6,17400.0,211217.0
9611,Galletas y Brownies,67473.0,11,0.1,28.9,8.0,15000.0,685404.0
9612,Bebidas,79175.0,12,0.05,13.9,1.5,5250.0,904628.0
9613,Bebidas,84195.0,10,0.0,8.8,8.9,16350.0,855770.0
9614,Tortas Personalizadas,51503.0,8,0.0,41.9,1.7,5550.0,416626.0
9615,Postres Individuales,13711.0,9,0.0,41.2,11.0,19500.0,142655.0
9616,Tortas Personalizadas,41730.0,2,0.1,12.0,10.0,18000.0,91134.0
9617,Tortas Personalizadas,68008.0,3,0.05,8.8,7.7,14550.0,210346.0
9618,Postres Individuales,7218.0,14,0.0,17.8,11.4,20100.0,121341.0
9619,Galletas y Brownies,9551.0,14,0.1,3.6,4.6,9900.0,132167.0
9620,Galletas y Brownies,10373.0,8,0.05,8.6,7.0,13500.0,92179.0
9621,Bebidas,63483.0,2,0.15,18.0,0.7,4050.0,111814.0
9622,Panaderia Artesanal,45093.0,8,0.0,11.9,14.8,25200.0,384397.0
9623,Panaderia Artesanal,34512.0,5,0.0,33.6,1.3,4950.0,177469.0
9624,Bebidas,13449.0,6,0.0,40.9,2.0,6000.0,88436.0
9625,Panaderia Artesanal,63579.0,14,0.1,41.0,7.7,14550.0,816502.0
9626,Tortas Personalizadas,30682.0,10,0.1,27.8,6.0,12000.0,289103.0
9627,Tortas Personalizadas,26226.0,12,0.1,32.1,8.2,15300.0,297838.0
9628,Postres Individuales,57186.0,4,0.0,23.0,12.6,21900.0,249242.0
9629,Postres Individuales,49721.0,3,0.05,7.9,2.8,7200.0,147991.0
9630,Bebidas,33993.0,8,0.0,29.1,9.8,17700.0,290351.0
9631,Bebidas,56319.0,9,0.1,16.7,0.8,4200.0,458779.0
9632,Bebidas,26698.0,13,0.0,1.8,12.0,21000.0,367732.0
9633,Tortas Personalizadas,68586.0,8,0.0,26.5,12.3,21450.0,568966.0
9634,Panaderia Artesanal,23346.0,9,0.0,10.1,6.0,12000.0,220669.0
9635,Bebidas,17707.0,1,0.0,40.1,3.0,7500.0,26515.0
9636,Bebidas,67595.0,5,0.0,42.1,12.3,21450.0,359521.0
9637,Tortas Personalizadas,61631.0,12,0.0,8.6,13.7,23550.0,764699.0
9638,Tortas Personalizadas,19611.0,7,0.0,2.8,1.6,5400.0,142161.0
9639,Tortas Personalizadas,14300.0,8,0.0,1.7,8.9,16350.0,132269.0
9640,Panaderia Artesanal,72072.0,14,0.1,41.2,14.1,24150.0,933315.0
9641,Bebidas,67128.0,11,0.0,8.1,9.8,17700.0,754937.0
9642,Galletas y Brownies,31181.0,2,0.15,20.4,12.4,21600.0,76160.0
9643,Galletas y Brownies,57656.0,12,0.15,4.0,3.8,8700.0,595644.0
9644,Bebidas,14933.0,11,0.0,17.7,2.0,6000.0,172295.0
9645,Bebidas,45564.0,14,0.0,35.7,6.0,12000.0,652129.0
9646,Bebidas,6498.0,4,0.0,19.2,6.2,12300.0,38732.0
9647,Bebidas,36328.0,7,0.05,35.2,11.9,20850.0,262281.0
9648,Panaderia Artesanal,10987.0,5,0.05,31.5,6.4,12600.0,63242.0
9649,Galletas y Brownies,43012.0,1,0.0,24.0,3.9,8850.0,55129.0
9650,Postres Individuales,38735.0,13,0.0,33.6,13.4,23100.0,524553.0
9651,Galletas y Brownies,40551.0,14,0.05,39.7,11.8,20700.0,557973.0
9652,Galletas y Brownies,8627.0,2,0.0,36.0,10.2,18300.0,34441.0
9653,Tortas Personalizadas,33929.0,5,0.15,31.6,3.5,8250.0,153105.0
9654,Bebidas,65519.0,6,0.0,32.0,3.5,8250.0,397746.0
9655,Bebidas,34513.0,1,0.0,8.5,7.6,14400.0,47607.0
9656,Bebidas,62214.0,12,0.0,42.9,8.2,15300.0,761663.0
9657,Tortas Personalizadas,34558.0,3,0.05,10.4,4.2,9300.0,110425.0
9658,Panaderia Artesanal,38859.0,6,0.0,16.7,2.3,6450.0,239088.0
9659,Panaderia Artesanal,50111.0,6,0.0,24.0,5.8,11700.0,312001.0
9660,Postres Individuales,81055.0,7,0.0,7.0,6.7,13050.0,582365.0
9661,Panaderia Artesanal,13709.0,10,0.0,27.3,1.3,4950.0,141705.0
9662,Panaderia Artesanal,7633.0,12,0.05,9.4,8.7,16050.0,100862.0
9663,Bebidas,53637.0,14,0.0,41.7,0.5,3750.0,755333.0
9664,Galletas y Brownies,80928.0,14,0.1,40.2,2.7,7050.0,1024034.0
9665,Panaderia Artesanal,84178.0,3,0.0,25.2,2.6,6900.0,259501.0
9666,Panaderia Artesanal,43733.0,1,0.0,21.1,10.5,18750.0,63860.0
9667,Tortas Personalizadas,42447.0,13,0.05,6.0,7.5,14250.0,537826.0
9668,Postres Individuales,56597.0,7,0.05,37.3,12.6,21900.0,397449.0
9669,Tortas Personalizadas,49451.0,12,0.05,18.0,4.3,9450.0,574735.0
9670,Bebidas,55727.0,11,0.0,12.2,3.6,8400.0,621223.0
9671,Galletas y Brownies,74920.0,3,0.2,44.8,12.1,21150.0,200248.0
9672,Postres Individuales,64704.0,5,0.0,30.6,6.9,13350.0,337110.0
9673,Tortas Personalizadas,44750.0,4,0.0,4.7,4.5,9750.0,191111.0
9674,Panaderia Artesanal,41949.0,12,0.0,36.4,6.6,12900.0,515306.0
9675,Panaderia Artesanal,56168.0,1,0.0,34.1,6.7,13050.0,69090.0
9676,Postres Individuales,41457.0,12,0.05,19.0,8.8,16200.0,485762.0
9677,Panaderia Artesanal,41622.0,7,0.0,6.9,1.0,4500.0,297649.0
9678,Tortas Personalizadas,6304.0,14,0.2,23.1,4.1,9150.0,78530.0
9679,Tortas Personalizadas,18925.0,13,0.0,34.7,7.3,13950.0,260399.0
9680,Panaderia Artesanal,44081.0,4,0.05,4.8,8.4,15600.0,185562.0
9681,Panaderia Artesanal,70812.0,1,0.1,8.6,2.8,7200.0,71164.0
9682,Bebidas,27298.0,11,0.15,28.4,3.3,7950.0,265209.0
9683,Galletas y Brownies,46811.0,6,0.0,25.8,11.1,19650.0,302131.0
9684,Postres Individuales,32597.0,4,0.2,40.9,11.9,20850.0,125759.0
9685,Tortas Personalizadas,13384.0,13,0.15,36.9,1.6,5400.0,149916.0
9686,Postres Individuales,81664.0,4,0.2,41.5,14.9,25350.0,283038.0
9687,Bebidas,73374.0,2,0.15,21.8,6.8,13200.0,139872.0
9688,Tortas Personalizadas,11279.0,1,0.15,35.8,9.0,16500.0,26667.0
9689,Bebidas,62583.0,3,0.05,3.6,9.1,16650.0,195514.0
9690,Bebidas,32806.0,10,0.1,14.3,5.5,11250.0,305813.0
9691,Panaderia Artesanal,84588.0,5,0.05,29.5,8.4,15600.0,416787.0
9692,Postres Individuales,29192.0,12,0.05,34.7,9.0,16500.0,348999.0
9693,Postres Individuales,24099.0,9,0.05,26.3,11.5,20250.0,225625.0
9694,Panaderia Artesanal,50431.0,14,0.2,22.4,10.1,18150.0,583530.0
9695,Postres Individuales,71810.0,7,0.0,11.6,7.0,13500.0,517203.0
9696,Panaderia Artesanal,20402.0,4,0.1,9.1,3.3,7950.0,79961.0
9697,Tortas Personalizadas,61752.0,8,0.0,39.6,0.9,4350.0,499558.0
9698,Bebidas,9913.0,12,0.0,7.7,10.0,18000.0,137139.0
9699,Bebidas,78515.0,4,0.0,20.4,7.4,14100.0,328006.0
9700,Postres Individuales,11486.0,6,0.0,40.1,14.5,24750.0,94041.0
9701,Galletas y Brownies,78139.0,12,0.2,7.9,1.9,5850.0,754387.0
9702,Bebidas,44265.0,1,0.0,7.0,1.6,5400.0,48697.0
9703,Panaderia Artesanal,40847.0,14,0.05,31.6,3.1,7650.0,547402.0
9704,Galletas y Brownies,82865.0,6,0.0,15.9,6.0,12000.0,509697.0
9705,Galletas y Brownies,84231.0,10,0.15,20.5,3.0,7500.0,723411.0
9706,Bebidas,57014.0,5,0.1,28.7,7.2,13800.0,270120.0
9707,Bebidas,15170.0,14,0.0,18.0,5.4,11100.0,223188.0
9708,Bebidas,45494.0,2,0.0,36.3,15.0,25500.0,117101.0
9709,Panaderia Artesanal,47333.0,1,0.0,43.7,14.5,24750.0,71060.0
9710,Galletas y Brownies,46156.0,13,0.0,42.1,5.8,11700.0,612103.0
9711,Postres Individuales,50559.0,6,0.0,25.2,12.0,21000.0,325927.0
9712,Panaderia Artesanal,6498.0,11,0.2,16.9,4.0,9000.0,63354.0
9713,Tortas Personalizadas,61898.0,2,0.1,20.4,1.3,4950.0,115981.0
9714,Bebidas,61992.0,9,0.0,15.9,1.1,4650.0,561337.0
9715,Galletas y Brownies,14238.0,9,0.2,20.7,0.9,4350.0,108519.0
9716,Panaderia Artesanal,50619.0,1,0.0,2.1,11.2,19800.0,71016.0
9717,Tortas Personalizadas,50469.0,5,0.0,3.9,5.5,11250.0,264687.0
9718,Panaderia Artesanal,59596.0,8,0.05,35.1,12.4,21600.0,475621.0
9719,Panaderia Artesanal,11832.0,4,0.0,16.1,13.2,22800.0,72700.0
9720,Postres Individuales,55120.0,3,0.0,36.1,4.9,10350.0,176196.0
9721,Postres Individuales,27460.0,5,0.0,22.4,4.7,10050.0,146064.0
9722,Panaderia Artesanal,45560.0,5,0.1,36.6,5.0,10500.0,216178.0
9723,Tortas Personalizadas,66866.0,8,0.15,30.4,7.4,14100.0,468156.0
9724,Galletas y Brownies,61452.0,6,0.05,10.2,0.7,4050.0,354904.0
9725,Galletas y Brownies,14512.0,2,0.05,21.0,0.7,4050.0,31662.0
9726,Bebidas,52295.0,11,0.05,32.1,11.2,19800.0,564979.0
9727,Bebidas,82529.0,1,0.0,15.9,12.2,21300.0,103502.0
9728,Galletas y Brownies,17542.0,13,0.1,9.9,3.5,8250.0,210921.0
9729,Panaderia Artesanal,73233.0,3,0.05,25.0,9.1,16650.0,224828.0
9730,Panaderia Artesanal,61204.0,2,0.0,13.4,3.6,8400.0,130554.0
9731,Postres Individuales,66920.0,4,0.0,27.4,11.1,19650.0,285403.0
9732,Postres Individuales,27557.0,3,0.2,13.3,6.6,12900.0,78346.0
9733,Bebidas,28031.0,9,0.0,40.9,12.4,21600.0,276748.0
9734,Galletas y Brownies,77482.0,5,0.15,16.5,14.3,24450.0,354532.0
9735,Panaderia Artesanal,33787.0,4,0.0,41.0,8.6,15900.0,149080.0
9736,Galletas y Brownies,10041.0,10,0.05,13.7,13.6,23400.0,118161.0
9737,Tortas Personalizadas,53048.0,9,0.0,27.8,1.0,4500.0,480378.0
9738,Galletas y Brownies,14985.0,4,0.15,7.2,7.2,13800.0,66023.0
9739,Tortas Personalizadas,68728.0,6,0.05,35.4,7.8,14700.0,405219.0
9740,Postres Individuales,56340.0,14,0.0,10.2,6.5,12750.0,800772.0
9741,Postres Individuales,74978.0,10,0.0,39.1,5.1,10650.0,761880.0
9742,Bebidas,67787.0,1,0.0,21.2,11.0,19500.0,87782.0
9743,Galletas y Brownies,13969.0,13,0.15,5.6,8.5,15750.0,169851.0
9744,Galletas y Brownies,35486.0,2,0.1,17.3,1.7,5550.0,69469.0
9745,Tortas Personalizadas,66965.0,4,0.1,35.4,14.3,24450.0,264440.0
9746,Postres Individuales,38387.0,9,0.0,4.8,13.4,23100.0,370899.0
9747,Tortas Personalizadas,82789.0,6,0.05,28.7,5.6,11400.0,481742.0
9748,Postres Individuales,63859.0,6,0.2,23.6,4.1,9150.0,316284.0
9749,Tortas Personalizadas,6240.0,11,0.1,15.0,9.6,17400.0,80080.0
9750,Postres Individuales,75399.0,9,0.0,34.4,1.1,4650.0,685689.0
9751,Tortas Personalizadas,13064.0,12,0.05,3.8,7.7,14550.0,163218.0
9752,Postres Individuales,16242.0,4,0.1,23.1,10.3,18450.0,75347.0
9753,Tortas Personalizadas,63759.0,3,0.05,23.5,6.4,12600.0,194845.0
9754,Galletas y Brownies,74197.0,7,0.0,5.3,14.6,24900.0,542937.0
9755,Bebidas,47908.0,12,0.0,7.4,10.9,19350.0,593164.0
9756,Tortas Personalizadas,28124.0,7,0.15,19.3,14.0,24000.0,189336.0
9757,Bebidas,33105.0,9,0.0,24.8,13.7,23550.0,320278.0
9758,Galletas y Brownies,32431.0,6,0.0,3.8,2.4,6600.0,200844.0
9759,Galletas y Brownies,31134.0,2,0.1,2.0,10.2,18300.0,72747.0
9760,Postres Individuales,24433.0,6,0.05,9.9,9.2,16800.0,155237.0
9761,Bebidas,53709.0,8,0.2,22.7,1.3,4950.0,349703.0
9762,Panaderia Artesanal,77032.0,6,0.0,3.3,5.1,10650.0,473253.0
9763,Postres Individuales,29567.0,9,0.1,33.4,8.3,15450.0,256173.0
9764,Bebidas,19936.0,4,0.0,8.1,8.4,15600.0,96449.0
9765,Tortas Personalizadas,72086.0,3,0.0,35.1,12.3,21450.0,237970.0
9766,Tortas Personalizadas,64343.0,11,0.0,10.4,9.0,16500.0,723810.0
9767,Galletas y Brownies,79467.0,5,0.05,16.6,7.3,13950.0,391379.0
9768,Panaderia Artesanal,18242.0,3,0.05,22.3,11.4,20100.0,70997.0
9769,Tortas Personalizadas,16540.0,11,0.0,16.6,8.8,16200.0,196515.0
9770,Bebidas,48314.0,12,0.0,2.5,13.3,22950.0,603990.0
9771,Bebidas,54155.0,2,0.05,41.0,13.6,23400.0,127408.0
9772,Tortas Personalizadas,43414.0,2,0.0,14.0,9.3,16950.0,104312.0
9773,Bebidas,52917.0,4,0.0,7.4,8.7,16050.0,227417.0
9774,Bebidas,19430.0,3,0.05,7.3,10.7,19050.0,74796.0
9775,Galletas y Brownies,43369.0,9,0.0,43.9,11.0,19500.0,411175.0
9776,Panaderia Artesanal,57647.0,14,0.0,6.9,11.0,19500.0,824719.0
9777,Galletas y Brownies,39617.0,7,0.05,16.6,9.5,17250.0,280465.0
9778,Panaderia Artesanal,59356.0,6,0.0,4.4,11.6,20400.0,378353.0
9779,Bebidas,41095.0,10,0.15,33.5,2.6,6900.0,356412.0
9780,Panaderia Artesanal,31688.0,12,0.05,27.5,12.4,21600.0,384002.0
9781,Bebidas,29288.0,8,0.0,24.7,5.0,10500.0,247339.0
9782,Bebidas,37872.0,9,0.05,38.7,13.3,22950.0,348589.0
9783,Galletas y Brownies,6847.0,3,0.0,26.4,2.4,6600.0,25285.0
9784,Galletas y Brownies,58482.0,12,0.1,43.1,0.6,3900.0,637199.0
9785,Postres Individuales,72608.0,10,0.1,28.6,0.7,4050.0,658103.0
9786,Tortas Personalizadas,33370.0,7,0.15,16.9,3.5,8250.0,208433.0
9787,Postres Individuales,8683.0,9,0.2,3.1,2.1,6150.0,64759.0
9788,Postres Individuales,83942.0,1,0.05,33.0,8.5,15750.0,96567.0
9789,Panaderia Artesanal,26096.0,10,0.05,17.8,7.0,13500.0,261930.0
9790,Bebidas,15130.0,9,0.0,27.6,9.3,16950.0,153772.0
9791,Bebidas,34580.0,14,0.15,39.6,3.3,7950.0,417790.0
9792,Bebidas,64085.0,7,0.0,1.8,11.4,20100.0,469122.0
9793,Tortas Personalizadas,28513.0,10,0.05,34.5,9.4,17100.0,288944.0
9794,Panaderia Artesanal,50976.0,14,0.0,20.4,3.7,8550.0,724557.0
9795,Panaderia Artesanal,38245.0,4,0.0,6.9,6.3,12450.0,166170.0
9796,Bebidas,14421.0,13,0.0,26.8,10.9,19350.0,207717.0
9797,Postres Individuales,31423.0,11,0.0,24.7,10.4,18600.0,364268.0
9798,Tortas Personalizadas,62990.0,12,0.0,38.1,8.7,16050.0,769952.0
9799,Postres Individuales,53960.0,6,0.0,24.2,14.7,25050.0,349925.0
9800,Galletas y Brownies,14582.0,11,0.0,37.5,2.4,6600.0,167072.0
9801,Panaderia Artesanal,18066.0,11,0.0,25.2,7.6,14400.0,215202.0
9802,Panaderia Artesanal,56259.0,6,0.0,20.9,9.5,17250.0,353742.0
9803,Postres Individuales,70073.0,6,0.05,17.6,14.9,25350.0,425669.0
9804,Tortas Personalizadas,32958.0,2,0.15,9.1,8.4,15600.0,71373.0
9805,Panaderia Artesanal,52625.0,5,0.05,26.9,6.9,13350.0,265315.0
9806,Postres Individuales,18651.0,7,0.0,25.2,13.9,23850.0,153493.0
9807,Tortas Personalizadas,29910.0,6,0.0,43.9,7.8,14700.0,194416.0
9808,Postres Individuales,6622.0,3,0.0,19.4,14.1,24150.0,43765.0
9809,Tortas Personalizadas,66462.0,11,0.15,19.8,11.4,20100.0,643318.0
9810,Bebidas,37081.0,12,0.0,8.6,2.9,7350.0,453026.0
9811,Tortas Personalizadas,70290.0,5,0.1,27.5,2.9,7350.0,320938.0
9812,Galletas y Brownies,61670.0,13,0.0,38.4,5.1,10650.0,810909.0
9813,Bebidas,71300.0,8,0.0,12.3,1.5,5250.0,572174.0
9814,Postres Individuales,27853.0,11,0.1,1.9,8.4,15600.0,292359.0
9815,Bebidas,19809.0,5,0.0,31.6,13.0,22500.0,117435.0
9816,Bebidas,82752.0,12,0.0,2.9,6.3,12450.0,1006312.0
9817,Postres Individuales,62386.0,10,0.15,19.3,9.9,17850.0,547688.0
9818,Postres Individuales,71723.0,3,0.0,28.2,14.7,25050.0,242052.0
9819,Galletas y Brownies,6051.0,9,0.05,18.3,3.3,7950.0,58295.0
9820,Postres Individuales,33357.0,11,0.0,12.8,5.7,11550.0,377739.0
9821,Panaderia Artesanal,64425.0,3,0.2,36.3,0.9,4350.0,159196.0
9822,Panaderia Artesanal,11239.0,2,0.1,14.6,3.9,8850.0,27453.0
9823,Galletas y Brownies,50387.0,6,0.0,9.3,11.8,20700.0,322935.0
9824,Tortas Personalizadas,39326.0,8,0.15,18.4,10.0,18000.0,283965.0
9825,Tortas Personalizadas,6409.0,6,0.0,7.2,11.9,20850.0,60168.0
9826,Panaderia Artesanal,23878.0,1,0.0,31.5,6.7,13050.0,37986.0
9827,Postres Individuales,27783.0,8,0.05,32.4,11.2,19800.0,232453.0
9828,Galletas y Brownies,13949.0,1,0.1,2.1,9.2,16800.0,27792.0
9829,Tortas Personalizadas,55523.0,9,0.1,31.7,5.3,10950.0,462022.0
9830,Tortas Personalizadas,24392.0,8,0.05,14.5,6.5,12750.0,195860.0
9831,Bebidas,27210.0,6,0.0,30.0,8.3,15450.0,176822.0
9832,Panaderia Artesanal,76859.0,2,0.2,32.2,14.4,24600.0,148000.0
9833,Postres Individuales,42370.0,13,0.1,13.6,14.0,24000.0,517749.0
9834,Galletas y Brownies,36370.0,9,0.05,9.6,14.8,25200.0,337900.0
9835,Tortas Personalizadas,62910.0,8,0.0,37.4,0.7,4050.0,508585.0
9836,Bebidas,77769.0,13,0.1,33.7,10.9,19350.0,932620.0
9837,Panaderia Artesanal,7003.0,4,0.1,37.9,13.5,23250.0,47814.0
9838,Panaderia Artesanal,40859.0,2,0.2,20.5,11.2,19800.0,85948.0
9839,Galletas y Brownies,53863.0,13,0.0,21.4,6.5,12750.0,713122.0
9840,Tortas Personalizadas,30485.0,14,0.1,16.5,11.0,19500.0,403461.0
9841,Galletas y Brownies,66793.0,6,0.2,23.2,6.9,13350.0,336148.0
9842,Galletas y Brownies,82718.0,1,0.0,29.6,10.9,19350.0,101637.0
9843,Bebidas,80474.0,7,0.1,36.9,11.8,20700.0,527768.0
9844,Panaderia Artesanal,26279.0,1,0.2,9.5,12.7,22050.0,43916.0
9845,Postres Individuales,23107.0,13,0.05,19.1,11.1,19650.0,306473.0
9846,Panaderia Artesanal,81599.0,6,0.05,21.6,2.8,7200.0,471331.0
9847,Panaderia Artesanal,41690.0,5,0.0,22.7,14.1,24150.0,234159.0
9848,Bebidas,21664.0,12,0.05,25.1,3.6,8400.0,256416.0
9849,Postres Individuales,61560.0,10,0.0,36.4,5.7,11550.0,627259.0
9850,Tortas Personalizadas,27754.0,14,0.0,40.1,6.7,13050.0,401048.0
9851,Postres Individuales,26380.0,3,0.1,8.4,10.8,19200.0,92534.0
9852,Tortas Personalizadas,75340.0,6,0.0,32.5,10.7,19050.0,473146.0
9853,Postres Individuales,17998.0,4,0.15,22.3,14.4,24600.0,84378.0
9854,Galletas y Brownies,10151.0,14,0.05,19.7,3.2,7800.0,140755.0
9855,Postres Individuales,26535.0,12,0.05,6.4,7.0,13500.0,316046.0
9856,Bebidas,53556.0,6,0.0,4.3,3.5,8250.0,327835.0
9857,Tortas Personalizadas,14847.0,4,0.0,44.0,10.3,18450.0,76802.0
9858,Panaderia Artesanal,42728.0,1,0.0,29.4,3.6,8400.0,49390.0
9859,Bebidas,55187.0,5,0.0,21.2,13.1,22650.0,300056.0
9860,Tortas Personalizadas,72899.0,8,0.15,34.6,14.7,25050.0,519643.0
9861,Tortas Personalizadas,23390.0,6,0.1,5.5,5.1,10650.0,136397.0
9862,Panaderia Artesanal,70388.0,10,0.15,27.9,11.2,19800.0,619145.0
9863,Galletas y Brownies,23793.0,9,0.1,30.2,8.2,15300.0,209768.0
9864,Bebidas,59141.0,4,0.05,21.2,5.7,11550.0,235603.0
9865,Panaderia Artesanal,39454.0,10,0.05,12.5,3.3,7950.0,383964.0
9866,Panaderia Artesanal,14174.0,9,0.0,43.0,10.9,19350.0,148407.0
9867,Galletas y Brownies,62141.0,8,0.1,14.6,2.8,7200.0,453071.0
9868,Bebidas,22421.0,3,0.0,6.9,4.6,9900.0,78746.0
9869,Panaderia Artesanal,19130.0,14,0.05,28.9,13.8,23700.0,279076.0
9870,Galletas y Brownies,33666.0,6,0.0,26.5,7.9,14850.0,215164.0
9871,Bebidas,57263.0,4,0.05,34.3,12.9,22350.0,240337.0
9872,Postres Individuales,23720.0,1,0.0,34.3,11.6,20400.0,42398.0
9873,Tortas Personalizadas,19693.0,9,0.0,28.5,6.0,12000.0,188356.0
9874,Galletas y Brownies,5796.0,4,0.05,10.5,3.7,8550.0,30104.0
9875,Tortas Personalizadas,42731.0,11,0.0,40.1,1.9,5850.0,477276.0
9876,Postres Individuales,39292.0,14,0.0,12.3,14.4,24600.0,575060.0
9877,Panaderia Artesanal,23709.0,5,0.0,5.6,5.2,10800.0,129909.0
9878,Panaderia Artesanal,9292.0,3,0.0,14.6,10.3,18450.0,45458.0
9879,Bebidas,39340.0,4,0.15,22.5,11.1,19650.0,153127.0
9880,Galletas y Brownies,68056.0,13,0.05,10.5,3.4,8100.0,846392.0
9881,Galletas y Brownies,62223.0,9,0.15,16.0,10.6,18900.0,495616.0
9882,Bebidas,73864.0,7,0.0,23.8,0.6,3900.0,521372.0
9883,Tortas Personalizadas,5767.0,8,0.0,15.5,6.6,12900.0,60377.0
9884,Panaderia Artesanal,82314.0,3,0.05,5.4,5.6,11400.0,247128.0
9885,Panaderia Artesanal,32313.0,3,0.0,10.1,14.0,24000.0,117831.0
9886,Galletas y Brownies,84232.0,14,0.0,36.0,14.8,25200.0,1203416.0
9887,Galletas y Brownies,25210.0,7,0.05,43.0,4.7,10050.0,180986.0
9888,Bebidas,42723.0,8,0.05,8.0,9.3,16950.0,341816.0
9889,Postres Individuales,33314.0,14,0.0,31.1,11.3,19950.0,488558.0
9890,Tortas Personalizadas,33461.0,5,0.0,40.9,3.3,7950.0,175273.0
9891,Postres Individuales,72383.0,1,0.1,14.5,10.5,18750.0,83393.0
9892,Postres Individuales,64714.0,3,0.0,37.6,4.2,9300.0,201784.0
9893,Galletas y Brownies,84372.0,5,0.15,40.9,2.9,7350.0,366223.0
9894,Galletas y Brownies,54081.0,3,0.15,14.5,12.8,22200.0,159368.0
9895,Galletas y Brownies,42061.0,14,0.15,4.0,7.8,14700.0,516370.0
9896,Postres Individuales,12206.0,1,0.0,41.4,4.8,10200.0,24163.0
9897,Tortas Personalizadas,84725.0,7,0.0,15.9,6.4,12600.0,604310.0
9898,Galletas y Brownies,49122.0,1,0.15,2.1,6.5,12750.0,53283.0
9899,Panaderia Artesanal,61038.0,10,0.0,22.2,11.7,20550.0,630934.0
9900,Tortas Personalizadas,37539.0,13,0.0,6.5,13.4,23100.0,510423.0
9901,Panaderia Artesanal,48817.0,6,0.0,40.7,7.4,14100.0,306862.0
9902,Tortas Personalizadas,80406.0,6,0.0,8.2,5.2,10800.0,493384.0
9903,Galletas y Brownies,18314.0,14,0.1,14.7,11.0,19500.0,252627.0
9904,Bebidas,28390.0,7,0.15,35.9,13.6,23400.0,193325.0
9905,Galletas y Brownies,17165.0,12,0.1,36.6,2.2,6300.0,193821.0
9906,Postres Individuales,68377.0,11,0.05,40.7,12.1,21150.0,734295.0
9907,Postres Individuales,9964.0,1,0.0,23.1,8.6,15900.0,26824.0
9908,Tortas Personalizadas,11531.0,11,0.05,44.4,13.1,22650.0,145411.0
9909,Postres Individuales,28880.0,3,0.0,24.0,8.0,15000.0,101573.0
9910,Galletas y Brownies,46135.0,12,0.0,35.9,13.0,22500.0,576184.0
9911,Panaderia Artesanal,37502.0,9,0.0,17.2,8.5,15750.0,352724.0
9912,Galletas y Brownies,8585.0,2,0.05,42.4,2.6,6900.0,23677.0
9913,Tortas Personalizadas,81599.0,14,0.0,31.3,0.6,3900.0,1143905.0
9914,Postres Individuales,81230.0,5,0.2,4.9,9.5,17250.0,343052.0
9915,Panaderia Artesanal,27349.0,3,0.2,6.2,9.1,16650.0,82276.0
9916,Bebidas,63522.0,12,0.0,40.3,3.5,8250.0,768088.0
9917,Panaderia Artesanal,51286.0,12,0.0,36.7,12.8,22200.0,638701.0
9918,Panaderia Artesanal,23998.0,13,0.1,15.9,13.1,22650.0,305321.0
9919,Galletas y Brownies,25974.0,5,0.2,24.2,12.2,21300.0,124980.0
9920,Bebidas,44292.0,7,0.15,38.6,14.1,24150.0,287795.0
9921,Tortas Personalizadas,38539.0,1,0.0,6.0,7.8,14700.0,51183.0
9922,Tortas Personalizadas,28298.0,3,0.0,7.5,10.7,19050.0,102071.0
9923,Panaderia Artesanal,69601.0,11,0.0,32.6,13.6,23400.0,789344.0
9924,Panaderia Artesanal,43517.0,13,0.0,5.1,7.1,13650.0,576866.0
9925,Postres Individuales,57388.0,6,0.0,16.8,9.5,17250.0,360557.0
9926,Bebidas,20142.0,7,0.1,12.5,7.9,14850.0,139768.0
9927,Panaderia Artesanal,47681.0,10,0.0,34.6,14.8,25200.0,501387.0
9928,Postres Individuales,30438.0,3,0.15,1.6,6.8,13200.0,92087.0
9929,Bebidas,47113.0,4,0.0,6.5,5.1,10650.0,198876.0
9930,Tortas Personalizadas,67466.0,6,0.0,5.8,9.6,17400.0,423523.0
9931,Postres Individuales,66513.0,5,0.0,15.3,4.6,9900.0,342235.0
9932,Bebidas,33338.0,11,0.0,11.6,12.9,22350.0,390350.0
9933,Postres Individuales,60542.0,9,0.1,11.4,13.4,23100.0,512718.0
9934,Panaderia Artesanal,80303.0,13,0.0,17.6,5.5,11250.0,1057277.0
9935,Galletas y Brownies,55054.0,12,0.15,10.8,5.7,11550.0,572315.0
9936,Tortas Personalizadas,16873.0,1,0.2,6.1,1.8,5700.0,19410.0
9937,Panaderia Artesanal,59377.0,13,0.15,26.9,4.2,9300.0,662948.0
9938,Panaderia Artesanal,13392.0,5,0.05,42.9,1.5,5250.0,70189.0
9939,Bebidas,74769.0,11,0.05,27.9,11.5,20250.0,799306.0
9940,Postres Individuales,46333.0,1,0.0,34.4,3.1,7650.0,55309.0
9941,Tortas Personalizadas,35811.0,8,0.05,43.8,1.6,5400.0,276668.0
9942,Panaderia Artesanal,9561.0,7,0.2,8.2,2.9,7350.0,59109.0
9943,Bebidas,35463.0,5,0.0,21.5,6.0,12000.0,189512.0
9944,Tortas Personalizadas,77257.0,6,0.1,26.8,6.6,12900.0,428665.0
9945,Postres Individuales,6679.0,4,0.15,15.5,13.5,23250.0,46989.0
9946,Panaderia Artesanal,42972.0,9,0.2,28.2,4.6,9900.0,318689.0
9947,Panaderia Artesanal,79493.0,14,0.0,28.6,10.9,19350.0,1132125.0
9948,Panaderia Artesanal,36587.0,3,0.0,38.1,13.5,23250.0,132614.0
9949,Tortas Personalizadas,39254.0,2,0.0,37.7,12.9,22350.0,98539.0
9950,Tortas Personalizadas,51285.0,7,0.1,7.7,3.4,8100.0,331630.0
9951,Tortas Personalizadas,42035.0,13,0.0,8.8,4.6,9900.0,555611.0
9952,Tortas Personalizadas,18488.0,2,0.0,11.2,1.3,4950.0,40815.0
9953,Bebidas,6484.0,13,0.0,12.9,7.5,14250.0,98198.0
9954,Galletas y Brownies,53785.0,6,0.0,26.1,6.4,12600.0,338104.0
9955,Bebidas,78665.0,11,0.0,15.7,8.4,15600.0,879227.0
9956,Panaderia Artesanal,13509.0,8,0.05,43.0,7.1,13650.0,113540.0
9957,Bebidas,21876.0,3,0.15,6.6,11.2,19800.0,76661.0
9958,Postres Individuales,34618.0,3,0.0,12.2,10.2,18300.0,121393.0
9959,Tortas Personalizadas,69699.0,3,0.1,39.3,6.7,13050.0,200262.0
9960,Postres Individuales,26541.0,1,0.05,26.9,1.0,4500.0,28675.0
9961,Postres Individuales,75564.0,9,0.0,25.3,5.5,11250.0,692810.0
9962,Panaderia Artesanal,9397.0,5,0.1,27.4,5.2,10800.0,53066.0
9963,Tortas Personalizadas,80277.0,9,0.0,12.5,1.8,5700.0,726957.0
9964,Postres Individuales,49860.0,5,0.1,34.6,4.9,10350.0,234803.0
9965,Panaderia Artesanal,57702.0,7,0.1,23.1,14.8,25200.0,389240.0
9966,Tortas Personalizadas,34415.0,1,0.05,3.4,12.4,21600.0,53838.0
9967,Galletas y Brownies,67560.0,9,0.0,9.2,12.1,21150.0,629575.0
9968,Panaderia Artesanal,18325.0,1,0.05,37.0,12.7,22050.0,39950.0
9969,Bebidas,8913.0,4,0.1,16.5,13.0,22500.0,51168.0
9970,Tortas Personalizadas,36641.0,7,0.05,35.1,5.2,10800.0,256813.0
9971,Postres Individuales,73296.0,11,0.1,30.4,5.2,10800.0,736954.0
9972,Postres Individuales,65394.0,12,0.05,14.6,5.4,11100.0,754050.0
9973,Bebidas,46372.0,9,0.0,7.0,12.4,21600.0,440288.0
9974,Bebidas,50771.0,1,0.0,36.6,12.1,21150.0,74390.0
9975,Postres Individuales,15391.0,12,0.05,29.5,0.7,4050.0,179899.0
9976,Tortas Personalizadas,72255.0,14,0.1,14.6,14.3,24450.0,934596.0
9977,Panaderia Artesanal,67957.0,13,0.0,24.3,4.6,9900.0,894703.0
9978,Bebidas,57518.0,11,0.0,28.1,9.6,17400.0,649710.0
9979,Bebidas,42295.0,13,0.0,1.6,9.8,17700.0,566842.0
9980,Bebidas,82157.0,6,0.05,30.7,2.1,6150.0,474291.0
9981,Galletas y Brownies,75323.0,11,0.05,30.0,10.6,18900.0,806513.0
9982,Tortas Personalizadas,56554.0,10,0.05,5.1,8.2,15300.0,552839.0
9983,Tortas Personalizadas,34744.0,11,0.0,35.8,9.4,17100.0,399712.0
9984,Tortas Personalizadas,54442.0,5,0.0,37.4,7.0,13500.0,283241.0
9985,Tortas Personalizadas,51035.0,3,0.1,14.1,12.2,21300.0,158215.0
9986,Tortas Personalizadas,36539.0,10,0.0,8.6,9.7,17550.0,384452.0
9987,Postres Individuales,29534.0,2,0.0,31.4,3.3,7950.0,66007.0
9988,Bebidas,37561.0,1,0.05,6.9,11.4,20100.0,53353.0
9989,Postres Individuales,50913.0,2,0.15,38.8,7.8,14700.0,104251.0
9990,Galletas y Brownies,39251.0,12,0.0,22.4,1.0,4500.0,478399.0
9991,Panaderia Artesanal,26086.0,13,0.15,41.1,6.2,12300.0,302548.0
9992,Bebidas,65877.0,4,0.0,29.4,6.3,12450.0,275873.0
9993,Galletas y Brownies,47517.0,6,0.0,13.9,12.1,21150.0,307039.0
9994,Postres Individuales,10414.0,12,0.0,21.9,3.9,8850.0,132539.0
9995,Panaderia Artesanal,34465.0,5,0.1,24.5,7.1,13650.0,168097.0
9996,Galletas y Brownies,75793.0,14,0.0,37.0,1.3,4950.0,1064760.0
9997,Panaderia Artesanal,65419.0,4,0.05,39.0,13.3,22950.0,272605.0
9998,Galletas y Brownies,30860.0,8,0.0,31.2,6.9,13350.0,265185.0
9999,Postres Individuales,80055.0,12,0.0,14.3,12.9,22350.0,982730.0
10000,Panaderia Artesanal,11128.0,7,0.0,24.5,10.3,18450.0,97886.0
